:040000006F10001E5F
:1000040000000000000000006F0080086F00202541
:1000140000000000000000000000000000000000DC
:1000240000000000000000000000000000000000CC
:100034006F004006000000006F00E00500000000B3
:100044006F0080056F0060056F0040056F0020059C
:100054006F0000056F00E0046F00C00400000000A2
:100064006F0060046F0040046F0020046F00000400
:100074006F00A0266F00C003000000006F00600343
:100084006F0040036F0020036F0000036F00E00265
:1000940001A001A001A001A001A001A001A001A054
:1000A40001A001A001A001A001A001A001A001A044
:1000B40001A001A001A001A001A001A0B717004068
:1000C400130770052380E704130780FA2380E704ED
:1000D4000F1000002396A70223800704371700405F
:1000E40083472705898BEDDF8357070537170040C2
:1000F40083472705898BEDFF371700408347270582
:10010400898BEDDF035507058280B71700409306FE
:1001140070052380D704130780FA2380E7040F10A7
:10012400000003C6B7041376F60DA385C704238025
:100134000704137605023DCA03C6A700118A1DE20F
:100144002380D7042380E7040F10000003C7A7000F
:10015400136747002385E7009307004B0100010064
:10016400FD17EDFFB7170040930670052380D704F1
:10017400130780FA2380E7040F1000007D8923947D
:10018400A70001000100010001002380070423806F
:10019400D7042380E7040F1000003727004093069C
:1001A4001005A303D78023800704828013760504F7
:1001B4006DDE03C6A700418A1DE22380D704238095
:1001C400E7040F10000003C7A70013670701238586
:1001D400E7009307007D01000100FD17EDFFB7174D
:1001E4000040930670052380D704130780FA238008
:1001F400E7040F1000007D89136505042394A7000C
:100204000100010001000100238007042380D704BA
:100214002380E7040F1000003727004093063005C1
:1002240049B74111814601468145114506C6792ADF
:10023400B7170040130770052380E704130780FAFB
:100244002380E7040F10000003C767041367170037
:100254002383E70423800704B2404101828081465E
:100264000146814511459D22B7170040930670054C
:100274002380D704130780FA2380E7040F100000BB
:100284007D562396C7022380D7042380E7040F10EA
:10029400000003C76704136717002383E704238060
:1002A400070401A0BD473305F50201007D1575FD66
:1002B4008280411122C426C206C6AA84014463175F
:1002C4009400B24022449244410182800504130503
:1002D400803E4204C13F4180DDB7B7170040130799
:1002E40000032388E702854723ACF18E7300203096
:1002F400411106C6970000E0E78080C99717000007
:1003040093874744884397F0FFDFE780A0FF99294C
:10031400FDBF2303048095472303F4802302A480B4
:10032400828083076480E3CE07FE230304808280F7
:1003340083076480E3CE07FE0345448082808307FD
:100344006480E3CE07FE2302A4808280411126C488
:100354004AC24EC006C61377F50BAD47AA892E894B
:1003640095446306F70019456D37653F8D444E8506
:100374004D37FD59FD1463983401B240A24412492B
:10038400824941018280135509011375F50F453FD8
:100394002209CDB7011126CC06CEB7040800513787
:1003A4001545853F713769372AC6A53F324593778E
:1003B400150089EB136515001375F50FF240E2443F
:1003C40005618280FD14E9FC0145CDBF397126DC4D
:1003D4004ADA4ED852D656D45AD25ED062CEB7E755
:1003E40000E006DE66CC6ACA414783AB070422C636
:1003F400B8C37D5703AB070083AA470023A0E718BF
:1004040023A2E718B7170040130770052380E704F9
:10041400130780FA2380E70483C74704130C75FF8E
:10042400B684E207137CFC0F85462A8A2E89B2899A
:1004340037240040E187015763FA86016308D50039
:100444008946130700026313D5000157D98F93F728
:10045400F70F371D00402302FD0411472303E480F6
:100464001305F00F7D35894C6D3D63EB8C11B70797
:1004740007003E99378707007955637EE902B30781
:100484009900636AF702A947631CFA0689E4814468
:10049400493D26850DA0CA8509454D3D850903C5FD
:1004A400F9FFFD140509613D81C49377F90FFDF748
:1004B400D53569FD7D55B7170040130770052380B6
:1004C400E704130780FA2380E70403C74704418B3A
:1004D4002382E704B7E700E023A07705F25023A0C6
:1004E400671123A25711E25432445259C259325A65
:1004F400A25A125B825B724CE24C524D21618280A3
:10050400A5476314FA0685699307F00FB38697002D
:10051400B374F900B69493C7F7FFFD8C33F9270140
:10052400416A056C9387F9FFB3F7270199E363FCEC
:10053400340193D94900C147E3E637FF89BF856792
:10054400C169FD17E1B71305800D638849011305DF
:1005540000026384890113051008CA85C53B1D3D4B
:1005640031D94E99B3843441D9B7CA852D45F93B65
:10057400CE94E38E99F08509653BA38FA9FED5BF80
:100584009307FAFF93F7F70F63ECFC0803475D0446
:10059400B70708001377070219E3B78707007955EF
:1005A400E37BF9F033079900E3E7E7F08947631049
:1005B400FA048980554AE38C04ECCA8509457933E9
:1005C400910903A7C9FF91472320E48003076480AE
:1005D400E34E07FE23034481FD17EDFBFD141109CF
:1005E40081C49377F90FE9FF753371F5E1B5854758
:1005F400E307FAF4CA852D45913B1389F4FFE38898
:1006040004E83D339377390091EB8326048003A7F4
:10061400090093874900E39DE6E6BE89CA84F1BFD9
:10062400B5476316FA001305900BE5318DB5B14754
:100634001305B00AE30BFAFE9947631EFA02CA8552
:100644002D45293381440D4C214ADD3163968401C3
:100654008327048023A0F9008504E39844FF8327BB
:10066400048013172901635507002392F90005B587
:1006740023A2F90029BD9D476319FA028145130598
:10068400B004E931BD4423A0090023A209007D5927
:10069400453193F77400CE9703C70700FD14398DD5
:1006A4002380A700E39624FFDDB3A1476312FA0475
:1006B400D5318144630D09008D479304C003630859
:1006C400F90093040005630499019304400413752D
:1006D400C507E30E95DA19452D39A13105451539BC
:1006E4002685B1390945A1397531E31205DAD9B343
:1006F40091476319FA001305600621391D3113056A
:10070400900925B7E3050AD8F15459B309CDB717B1
:100714000040130770052380E704130780FA238041
:10072400E7042396A702828019C1814799E9828050
:100734003387F500834607003307F5008507230058
:10074400D700E397C7FEE5B719C1FD5781E9828059
:10075400910503A7C5FF1105232EE5FE7D16E319B8
:10076400F6FEF5B7797122D4173400001304C4AD32
:100774001C4006D626D24AD04ECE91C782979737D0
:10078400000023A307AC5C4089CB03D5C190BD3FD7
:100794005C40829703D5E190953F1C40639907180C
:1007A4009737000083C757BC858B95C797370000E0
:1007B400A38C07BA17370000034737BB914763FC84
:1007C400E700792B9737000083C737BAF9178A07F0
:1007D400A2979C4382979737000083C7A7BD918B4C
:1007E40089C7971001E0E780C04C1C4491C38297ED
:1007F400938781909843173600000346B6A23E893A
:1008040097340000938404A29737000083C787A11C
:1008140093961700BA9683D606006380061097371E
:10082400000083C727A063F2C70886073E97835555
:1008340007002310070003D5C1902EC6239A019008
:10084400F135938701929C43173500000345859D3C
:1008540013172500BA979C43B2458297AA8903D5FA
:10086400E1906D359737000083C7C79B1397170036
:100874008327090003D541911345F5FFBA9703D7A0
:10088400070033753501598D2390A70083C70400F1
:10089400850793F7F70F173700002305F7981737E5
:1008A40000000347379863E6E70097370000238B7F
:1008B40007961C40ADEF9387819198433E8425CBE6
:1008C4009737000083C7B7AA91CB9737000083C737
:1008D400D7A989E7971001E0E78060EE1C40829772
:1008E4002A8431C59C48AA97173700002324F7941B
:1008F4009387C1919C4385CF03D5C190013D228547
:10090400970000E0E78020B42254B2509254025978
:10091400F24903D5E1904561D5BB850793F7F70FFD
:10092400973600002380F690E3E0C7EECDBDB250C9
:10093400225492540259F249456182809167B7C6A4
:1009440000409387373023A6F6200F100000973716
:1009540000009387278D884F938781A09C4331673C
:1009640013073730F053B7071000FD17918F9983A1
:100974003A0523A6E6205D8D82804111B717004019
:10098400985F3AC6945F3247E39CE6FE32454101E4
:100994008280411106C6D5379736000083C6068685
:1009A400858AB1C6930730333307F502B337F502AE
:1009B4003983CA07D98F173700001307A786584B06
:1009C40001456303F7023385E740636BF70037653E
:1009D4003D0889C637856F0813050590198D3E9526
:1009E40017370000232AF784B24041018280E5478B
:1009F4003307F502B337F5022583DE0765BF032706
:100A0400C50F8346B500973700009387A7959C4F81
:100A140058439386160295829043FD1693F6F60F7B
:100A240010C3D04350C3904710C7D04750C7904B12
:100A340010CBD04B50CB904F10CFD04F50CF91C64E
:100A44001307070293870702C1BF82808347E5012A
:100A540093F7E70FF1EF2A870345F50171E90346A0
:100A640007018346870009CA8345A7029727000028
:100A740083C7D77863E7F50093F70601C5CF8147AD
:100A840009CA8347871503467715C18AA207D18F00
:100A940081CA8346B7150347C7152207558FBA97EE
:100AA400D1CB17370000130767973847411122C489
:100AB40006C67D548326070863F3860036841843EC
:100AC40075FB172700000347677393168701E186B8
:100AD40063D906029387C71395831727000003473A
:100AE4008772BA9763D006041D8C938741929C4306
:100AF40082973335A400B2402244134515004101C6
:100B04008280058B9387C71209CB8A079387F703E3
:100B14001305D007B3D7A702C9B78607FD07130586
:100B2400D003CDBFE372F4FC3705C0A82A946DBF8F
:100B3400014582808280411122C41384819F184020
:100B44004AC006C61C5F26C21389419F9983858BC0
:100B5400C1C31C5F973400009384C48093F7F7F9F2
:100B64001CDF9727000083C7E77F93F707048DC333
:100B7400938741929C4382979727000023ACA77EDA
:100B840083C7040093F7F70B17270000230CF77CA7
:100B9400854717270000A309F77C83C7440093F710
:100BA400070481EF938781A09C43D844B8D393076B
:100BB40000FC172700002309F77A8387640063D9B0
:100BC4000700832709009C4317270000230FF778A9
:100BD40018401C5F8583858BC9CBF5571CDF01004A
:100BE40001000100010001000100010001000100F9
:100BF40001000100010001000100010001000100E9
:100C040001000100010001000100010001000100D8
:100C140001000100010001000100010001000100C8
:100C240001000100010001000100010001000100B8
:100C340001000100010001000100010001000100A8
:100C44000100010001000100010001000100010098
:100C5400010001000100010001000100010093876F
:100C640081A09C4313075004B8CB18401C5F9183A8
:100C7400858B89CFBD571CDF938781A09C4323A814
:100C840007048547172700002300F76E8327090010
:100C9400D8430583058B19C7D843759BD8C3D8435C
:100CA400799BD8C3B24022449244024941018280D4
:100CB400397106DE16DC1ADA1ED82AD62ED432D2C0
:100CC40036D03ACE3ECC42CA46C872C676C47AC240
:100CD4007EC09535F250E2525253C2533255A2555A
:100CE400125682567247E2475248C248324EA24ECA
:100CF400124F824F216173002030938781A0944367
:100D04001727000013070766BC5289CF83472700C3
:100D1400858B89EB83473700858BFDD797270000A8
:100D240023840764828037C700401306C0039306F8
:100D34002003972500009385E56283278720C183DC
:100D440093F7F7036369F60083278720C18393F73A
:100D5400F70363E6F60083C74500858BF9DF8280DD
:100D6400938781A09443172700001307A75FBC5201
:100D740089CB83470700858B91CB97270000238578
:100D8400075E97270000A381075E828083471700D0
:100D9400858BF1DFDDB7938781A0904337C700408F
:100DA400C145E54683278720C18393F7F70363FB97
:100DB400F50083278720C18393F7F70363E4F600E4
:100DC4003C52EDF382801387819F1843AA87185FF2
:100DD4001583058B25EF0345150015051377C51FEE
:100DE40019C6B386E70083C626002300D60095C53E
:100DF4009726000083C6665793F606040945A1CAE0
:100E0400B386E70083C63600054693F5F60663907D
:100E1400C504E206E18663CC06023385E700834716
:100E2400150003470500A20793F70770D98F13979E
:100E3400070141839376074099C61367078023907F
:100E4400E1A0014582802390F1A0E5BF05458280A1
:100E5400938681A08C42368597260000938686501F
:100E6400984593170701C183137817203E866304BE
:100E740008041377072079C303C7260013671700F4
:100E8400172800002301E84E13070019B8D11307EF
:100E940000F8972500002389E54C1387819F0C43B4
:100EA40037080010D855719B13672700D8D598418F
:100EB4003367070198C11377261005C3137606100C
:100EC40059CE03C706001367170017260000230B2B
:100ED400E64817270000231B074883C6460093C72C
:100EE400F7FFC207E206E186C183184163D1060217
:100EF4009396170163DE060630538D4663E9C600F8
:100F04008546172600002301D6463453FDFE972656
:100F140000009386662D8386460163DD0600939662
:100F24000701C18663DC06047053894663E4C60086
:100F34007453FDFE1447F58F1CC7828003C7160047
:100F44001367170097250000A38EE54017270000BC
:100F5400230C074017270000231A0740A9BF03C723
:100F640036001367170017260000A30EE63E95B758
:100F74008546172600002309D63E51BF54471396D1
:100F8400060163510602B7061000FD1674D39726B6
:100F9400000093862629944E850617260000232FE9
:100FA400D62849BFA166D58F71B7397106DE16DC24
:100FB4001ADA1ED82AD62ED432D236D03ACE3ECC25
:100FC40042CA46C872C676C47AC27EC05135F2504F
:100FD400E2525253C2533255A255125682567247A8
:100FE400E2475248C248324EA24E124F824F21610C
:100FF4007300203017270000130787388346B70192
:101004009727000083C7173BB69793F7F70FFD4662
:1010140063EAF6044C4B97260000A383F636972721
:10102400000083C7F73505473317F70097260000FC
:10103400A382F6386D8F1DEF9726000083C6D6373E
:10104400B3F6D70213050002814733D6F500058AAB
:1010540013F8F70F09CE6399E60097270000A381E0
:101064000733828081177DB705071377F70F85074C
:10107400E39DA7FC8280938741A19843B757020060
:101084009387279F83260709139656006358060003
:10109400832607091396660063440600FD17FDF3D3
:1010A400828051C9AA870145C9C98D07C207C18376
:1010B400F19BC207C18313074003636BF7021387D5
:1010C40041AA08431387C1A914436396A6021727AC
:1010D400000013076711185B014525C34111C207BE
:1010E40006C60545DD8D0297B24001454101828067
:1010F400138701AAF9B70357650005EF03574500A5
:101104006369F702B306F74021466370D6021041C3
:10111400938687001D8FAA96611790C22392E600DA
:101124002393060014C12312F5002313B5002105EF
:101134008280084159BF01458280828001CD938716
:1011440041AA03A807009387C1A98C430147C2871A
:1011540063E3B70082809443636FF50663EDA606EC
:1011640013868700E368C5FE03D56700216605067C
:101174006317C50003C6819B0506238CC19A23937C
:10118400070063840703138601AA1042630FF60065
:101194000356670019EA83D7470014C383564700F0
:1011A400B697A1072312F700BA879843E304B7FA66
:1011B400938601AA9442E30FD7F883566700D9FABD
:1011C40083D64700035647001843A106B2962392DC
:0C11D400D70098C382803E87B6879DBF7D
:1011E000974100209381814C17710020130181E108
:1011F00013054000972500209385C5601736002011
:101200001306067E63FAC5008322050023A055005D
:1012100011059105E3EAC5FE17E501001305856C8C
:10122000973500209385C57B1386C18963FAC50075
:101230008322050023A0550011059105E3EAC5FEB0
:101240001385C18997650020938545A86377B5000C
:10125000232005001105E36DB5FE9302800873A0FD
:101260000230972200209382E25993E21200739099
:101270005230972200009382C24973901234730057
:1012800020303D432A876373C3029377F700BDEF95
:10129000ADE5937606FF3D8ABA960CC34CC30CC7E6
:1012A0004CC74107E36BD7FE11E28280B306C3400F
:1012B0008A069702000096966780A6002307B7006B
:1012C000A306B7002306B700A305B7002305B700A0
:1012D000A304B7002304B700A303B7002303B70098
:1012E000A302B7002302B700A301B7002301B70090
:1012F000A300B7002300B700828093F5F50F939603
:101300008500D58D93960501D58D61B793962700FD
:101310009702000096968682E78086FA9680C1172B
:101320001D8F3E96E374C3F8A5B7B717004003C7F7
:1013300077051377E70FA38BE704130700F8A38D56
:10134000E7043D47238CE70413075003A38CE7040D
:101350008280B717004003D587005D715ED64205D5
:10136000418186C6A2C4A6C2CAC04EDE52DC56DA8D
:101370005AD862D466D26AD06ECE9377050C130722
:101380000008814B638EE718130700046392E71689
:10139000B7240D8F7D8993840480B3D4A402916710
:1013A000938707E8BE94A167938707D0B3D4F4026C
:1013B000EFC0E10997E701009387C7B19043D44399
:1013C000EFB0413DEFC0415E2A8B939C040103D9ED
:1013D000C18993DC0C0163150900056913090980B3
:1013E000B7170040130770052380E704130780FA3E
:1013F0002380E7040F1000000547371A0040939D33
:101400000401096C85662389E704D14A814E814530
:10141000130D0A0413087005130680FA894893DD3A
:101420000D01130C0C712943FD1623000D0123003F
:10143000CD000F10000023162A0323000D00834760
:101440002A05898BEDDF83570A0583472A05898B97
:10145000EDFF83472A05898BEDDF83570A05239E1D
:101460002189C207C183338597419319050193D917
:101470000941638609163387B9026350070E850E4A
:10148000C20E93DE0E0163EAD80D63DB050A330555
:10149000B04093150501C185C204C18063D9350BE5
:1014A000B7170040130770052380E704130780FA7D
:1014B0002380E7040F1000000965130505713385CB
:1014C000A50223967703238007043345950242053E
:1014D0004181B640264496440649F259625AD25A8E
:1014E000425BB25B225C925C025DF24D6161828084
:1014F000B1E3B77489097D8993840480B3C4A402DD
:101500009167938707E8BE94A167938707D0B3C418
:10151000F402EFB0D17397E701009387279C79BD60
:1015200097E701009387C79A856403AB070093840C
:10153000843861BD130B0000954441BD3A89F5B56F
:10154000B387FC409399070193D90941B1B7096565
:10155000130505713385A9028DBF3385B74163E457
:10156000FC003385FD40330585033344B5036345F3
:10157000830013150401A9BF4E8536C642C432C28A
:10158000EFC0612BDA85EFB0F17BEFC0A124931E91
:10159000050193DE0E41B307D941C207C183056E31
:1015A0003E871246224889482943B24663E3C70171
:1015B000368742074183631A2701130719006344E2
:1015C00030011307F9FF42074183FD1A93FAFA0F1E
:1015D000CA8BCE85E3940AF6239EE18859BF014564
:1015E000CDBDB717004003D587005D7186C64205A3
:1015F0004181A2C4A6C2CAC04EDE52DC56DA5AD815
:101600005ED662D466D26AD06ECE02C69377050CDF
:1016100013070008638FE714130700046393E712AE
:10162000B7240D8F7D8993840480B3D4A40291677D
:10163000938707E8BE94A167938707D0B3D4F402D9
:10164000EFB0F16097E701009387C7889043D443D8
:10165000EFB04114EFC041352A89939A040103DBAE
:10166000E18993DA0A0163150B00056B130B0B80FC
:10167000B7170040130770052380E704130780FAAB
:101680002380E7040F1000000547939B040189693C
:10169000056A2389E704D14D014D814C93DB0B0191
:1016A000938909717D1A5A8597200020E78040218F
:1016B000330C5541420C135C0C41239F6189630339
:1016C0000C16B3079C0363D3070E050D420D135D83
:1016D0000D01894763ECA70D63DD0C0A33059041CA
:1016E000931C050193DC0C41C204C18063DA8C0BAE
:1016F000B7170040130770052380E704130780FA2B
:101700002380E7040F100000096513050571338578
:10171000AC0232472396E702238007043345950243
:1017200042054181B640264496440649F259625A20
:10173000D25A425BB25B225C925C025DF24D616107
:101740008280B1E3B77489097D8993840480B3C42E
:10175000A4029167938707E8BE94A167938707D097
:10176000B3C4F402EFB0B14E97D701009387077767
:10177000F1BD97D701009387A775856403A907007A
:1017800093848438D9BD130900009544F9B53E8B84
:1017900019BF3385AA40131C0501135C0C41A9B77E
:1017A0000965130505713305AC028DBF63FEAA0000
:1017B0003305754133053503A9473344750363C8C1
:1017C000870013150401B1BF3385AB40E5B76285CF
:1017D000EFC06106CA85EFB0F156EFB0B17F131DBF
:1017E0000501135D0D413307AB4142074183856518
:1017F000BA876363B700D287C207C183639A670160
:1018000093071B00634480019307FBFFC207C1835A
:10181000FD1D93FDFD0F5AC6E28CE39A0DF6239F42
:10182000F18845B70145FDBD41112A83014E930E54
:10183000407E130F0019930F400663ED6E0A930864
:10184000001913034006B3781503854E0D4FA14FC1
:10185000337365020D891335150063E7BE0C130859
:10186000F6FF794672984208135808013307C702F9
:1018700013D61700BE0732976146B3F6C6021306A9
:101880008070B386C6023697A166F58F42075D8FDA
:10189000B717004083C6F70293F60608A307D100E6
:1018A0000346F10083C6F70293F60608E394C6FEEA
:1018B0008346F10093F6F60FF1DE93067005238060
:1018C000D704930680FA2380D7040F10000023AAC0
:1018D000070383C6170393E60608A388D702D8DB5D
:1018E00003C7170313670704A388E70223800704CD
:1018F000410182807D133368E3039308E016630E91
:1019000008003368F3039308D0166308080093783F
:10191000330093B818009388D81633081E01131E9D
:101920000801135E0E0111BF6393E503054863864A
:1019300008000148630303002A8871087298FD15A6
:10194000131E0801C205135E0E01C18139B713F8D9
:10195000150063F4BF007908D5B713381800E5BF48
:10196000914763EEB70217D701001307A7578A05FF
:10197000BA959C41BA978287B717004003A7470BD7
:101980001345F5FF698F23AAE70A03A7070B698FA1
:1019900023A8E70A03A7070A798D23A0A70A828054
:1019A000B717004083A6470B1347F5FFF98E23AA0C
:1019B000D70A83A6070B558D23A8A70A83A6070A73
:1019C000758F23A0E70A8280B717004003A7470B53
:1019D000498F23AAE70A03A7070B1345F5FF45BF65
:1019E000B717004083A6470B1347F5FF758F23AA4F
:1019F000E70A03A7070A598D4DB7B717004003A799
:101A0000470B498FEDB79D4763E3A70217D7010046
:101A10001307874E0A053A951C41BA97375700407D
:101A200082878347270093F7070F2301F7008280FF
:101A30008347270093F7070F93E71700FDB7834706
:101A4000270093F7070F93E74700C5B783472700A1
:101A500093F7070F93E75700C9BF8347270093F712
:101A6000070F93E78700D1B78347270093F7070F46
:101A700093E797005DBF8347270093F7070F93E72E
:101A8000C70065B78347270093F7070F93E7D70091
:101A900069BF99EAB757004003C707001345F5FF30
:101AA000798D2380A70082803757004005CE834779
:101AB0001700C98FA300F70037570040814711076F
:101AC0002146B356F540858A89C6B386E700238050
:101AD000B6008507E397C7FEB757004003C7070066
:101AE000598DC1B7834617009347F5FFF58FD9B7D6
:101AF000B717004003D5870042054181937705045D
:101B000091EB9377F5013755E801130505803345CF
:101B1000F50282809377050C130700046397E700B2
:101B20009377F50137459C1CCDB72165130505D08A
:101B30008280B7F700E0C8439C47828081473737EF
:101B40000040A14663C4C700328582800345B74088
:101B5000E38EA6FE3385F5000345050085072304C3
:101B6000A740CDB797370020938747349C4317573A
:101B700000201307A7153E95636EE5001767002048
:101B8000130747286368A700173700202320A732D0
:101B90003E858280FD57EDBF411122C406C62A84CE
:101BA000813F2947B307E502B2408D83B3D787024F
:101BB00022449507B3D7E70237370040C207C183F5
:101BC0002316F740410182807165411113050520FC
:101BD00006C6D937B7370040130770F82381E740AE
:101BE0000D47A381E74013070004A380E7400547A2
:101BF0002387E740B240410182809387C18A9C439A
:101C0000411106C691C382979387018B9C4391C370
:101C1000829703D761809307001963F7E70403D520
:101C200081809306F01863E4A6049386818A03A357
:101C3000060063070300B240130500194101028347
:101C40000507098F3385A740E5473305F5024207AD
:101C5000418309839307F7FF3E953345E5021375EA
:101C6000F50FB2404101828013054006DDBF0145FA
:101C7000CDBF03A84500411126C206C622C4834732
:101C8000180003480800A944A207B3E70701C207E8
:101C90000D68C1871308289063960703854732842F
:101CA000EF60A04EAA8419ED9387418A9C4399CB9B
:101CB00003451400034704002205598D1335150010
:101CC00005058297B24022442685924441018280D4
:101CD0002D453DE7D841411122C426C206C683479F
:101CE000170003470700B684A207D98F0D67930634
:101CF00097A132846396D702093783C74180637402
:101D0000F5002382A18085472390F40083C741809A
:101D10002300F4000145B2402244924441018280F4
:101D2000130787902945E398E7FECC458947239020
:101D3000F4000946228597200020E780201FD9BFA4
:101D4000828083474500858BADC7011122CC2A8450
:101D500003552500938501AC06CEEF60C03D058993
:101D600029C503552400014781460546ED45EF503E
:101D7000D0762AC61DC997370020938767C683D7B8
:101D8000A70201462C002314F10085472315F1001A
:101D900083C741802300F50003552400EF708015B0
:101DA00009C5ED452800EF60200BF2406244056153
:101DB0008280828041654111938501AC7D1506C604
:101DC000EF806004B24097360020938666C6414695
:101DD0009545173500201305A5C041016F70F076B9
:101DE00023A2A18A8280411122C406C685470944E4
:101DF0006311F5028347060001442380F18A03C77B
:101E000041806378F700170500001305C5F3EFA0C4
:101E1000E0322285B240224441018280854763013D
:101E2000F50209C909476302E5020D476306E502A9
:101E30000945828083C741802380F5000145828067
:101E40009387018A83C70700C5BF9737002083D7D0
:101E5000C7B92390F500DDB71387C180035707008A
:101E60002392E50017370020130787B78356A70290
:101E70000357A7032383F5002390D5002391E500A2
:101E800075BF411106C6953B83C74180637AF50053
:101E90002382A180170500001305E5EAEFA0002AC0
:101EA000B24001454101828041677917630CE50228
:101EB000411122C406C685472A84639AF50022850B
:101EC0002244B240938501AC41016F70D0738947C1
:101ED0006396F5008545EFA0E02075D1B24022441D
:101EE000410182808280CC41411106C6328503C601
:101EF000150083C5050022064D8E42068D6541867C
:101F0000138875A2630C060F6348C804138845A2A2
:101F10006306060B634AC800938535A26309B606BB
:101F200023900600294679A0138855A26308060B62
:101F3000938565A2E316B6FEC1451D4663ECE50632
:101F40004546198E63F3C7003E862390C60097D599
:101F50000100938565FD89A8138895A26300060F8B
:101F6000634E060B1388A5A2630A060F938505A589
:101F7000E318B6FA99451D4663EEE502198E63F340
:101F8000C7003E862390C6009385418131A89D45B8
:101F90001D4663E1E5022146198E63F3C7003E86C4
:101FA0002390C6009385418BBA9597200020E78047
:101FB000E0F70146B240328541018280AD451D46C1
:101FC000E3EAE5FE3146198E63F3C7003E862390AF
:101FD000C60097D501009385E5F8F9B7B1451D46D0
:101FE000E3EAE5FC3546198E63F3C7003E8623908D
:101FF000C60097D501009385E5F77DB7C1451D461D
:10200000E3EAE5FA4546198E63F3C7003E8623905E
:10201000C60097D50100938565F279B7C1451D4685
:10202000E3EAE5F84546198E63F3C7003E86239040
:10203000C60097D501009385E5F4BDB7C1451D469F
:10204000E3EAE5F64546198E63F3C7003E86239022
:10205000C60097D501009385A5EFB9B7B5451D46D4
:10206000E3EAE5F43946198E63F3C7003E86239010
:10207000C60097D50100938525EA3DB79736002025
:102080009386C6AE4146CD45173500201305059B06
:102090006F70B04B41654111938501AD7D1506C64A
:1020A00022C426C24AC0973400209384E4ACEF7067
:1020B000905597360020938626BE4146C945268511
:1020C000EF70B048CC4C2A890945893B9387C1827F
:1020D00083D70700138401AE138701832312F40012
:1020E00083D7A40C03570700938501AF2310F40096
:1020F00083D7A40D2316E40003D7A4102311F40002
:102100000D4585472303F4002314E4002307F4005E
:10211000231504002133A2850D459D2EB240224493
:102120004A8592440249410182808D679387D7A4F2
:102130000145631FF6008D472945639BF5008547E0
:1021400035456397F600834707000145238FF18AE1
:1021500082808D679387D7A4631EF6008D47639BAB
:10216000F50083C7E18B2300F70085472390F60035
:102170000145828023900600E5BF82809387818D90
:102180009C4303C7C18C83C6318201E781473E85EA
:10219000828003D607006316A60003C66700E30823
:1021A000D6FE7D171377F70FA107C5B7B2862E8627
:1021B000AA8517D50100130525E06FB051282A869E
:1021C000B305B04017D50100130545E16FB03127C5
:1021D0000111930500030D4506CEEF30F022930563
:1021E00000051145EF3050229305C0030545EF303F
:1021F000B02185471306F100854513055030A3072C
:10220000F100EF70513CF240056182808547631A0E
:10221000F5001166130686A9894503C5D18C6F1098
:10222000103289476317F500894503C5D18C6F10BB
:10223000D047828085476398F50019E22382B18CEC
:10224000238EC18C828009476398E50011E62382C2
:10225000F18C03D5218C2DA382809387018D9C4323
:10226000011122CC06CE2E8481CB9C4791C7829748
:10227000F2406244056182806C0013057040EF609B
:10228000A148324681452285EF605109D5B74111F9
:102290009397050122C406C6C1872E8463DF070019
:1022A00003C5D18CEF10C05719C1EF10C050216584
:1022B000218DB24022444101828093F7150091CFD5
:1022C000173600201306069E9385418303C5D18CE3
:1022D000EF70510313451400E9BF93F72500014542
:1022E000E9DB45361166130686A9894503C5D18CFD
:1022F000EF10F024134524006DBF797126D24ECE25
:1023000006D622D44AD052CC9147AA84AE8963140F
:10231000F50483D7A5001306E10085451305503069
:102320002391F18C230701002382018CEF70B129E6
:102330009387018D9C4391C7DC4781C7CE85268555
:102340008297B250225423A4918C02599254F2499C
:10235000624A456182801387818C1843E31AF7FC37
:10236000854503D5218C8936854503D5218CBD2132
:10237000C16703DA218CF917631BFA020544930540
:10238000E100130550412382018CA3818182230740
:102390000100EF6061378347E100B1E303C7C18DFE
:1023A0009147E317F7F82D35238E018C51B79387AA
:1023B000818D03A9070003C4C18C69D0035529008E
:1023C00011C99305E100EF60603B09C54C4552859A
:1023D000EF7070237D141374F40F2109F9BF9387F4
:1023E000418D9C4383C74700898BCDDB9305000A51
:1023F0000D45EF3070019305000A1145EF30D00014
:1024000081450545EF3050001306E1008545130571
:10241000503023078100EF70111B49B701111705D8
:102420000000130505E706CE22CCEF10B04B138455
:10243000D18C85471306F10085452300A4001305C0
:102440004041A307F100EF60F1147D55EF50405279
:102450007D55EF7030181D31EFF0DF95CD2C17054D
:1024600000001305E5DAEFF0BF971705000013052C
:1024700005D12126034504008545EF10E079F2409F
:1024800062440561828023A8B18C23AAA18C82803A
:1024900023ACB18C2386A18C8280C841011122CC4F
:1024A00006CE328403461500034505002206498EF8
:1024B00019CB0D681308B8A42D4563090607F2402F
:1024C0006244056182800D651308D5A4630006038C
:1024D000130825A2630C060175781308E85C32988E
:1024E000420813580801854863EE080303D5A50088
:1024F00036C632C46131B24615C19387018D9C4303
:1025000022468345550003A30700A2876244F24098
:102510000345450036878546056102832390060002
:10252000014571BF1308B5A46317060303D6818262
:102530001D45E376C7F8198E63D3C7003E86CC45A8
:102540002390C60042064182BA952285972000203A
:10255000E780C09DF1B79307A5A46318F6009147E3
:102560002390F6001146CC45CDB7930785906317AD
:10257000F60089472390F6000946F5B79307E5A4CE
:10258000631AF600DC452390160183C70700230079
:10259000F40079B713057590E314A6F8D9BF0111BB
:1025A00022CC06CE26CA4AC82317D1002D4429EBD7
:1025B000DC412E89B28403C4170083C707002204BC
:1025C0005D8C8D679386D7A46306D400938627A37A
:1025D000631FD4020355A900553619E101440DA02B
:1025E0009387018D9C43834555000345450003A80F
:1025F00007002286A6871307E100814602982A84F5
:102600002285F2406244D244424905618280938629
:10261000C7A46314D4028357E10005473544E3910E
:10262000E7FE0345060013040008E3EBA7FC9387CD
:10263000018D9C43DC43829755B793862790631A9C
:10264000D4028356E1008547EF5030342A844DF997
:102650009387818D8356A9009C4303C7C18C3DDFBE
:1026600003D627006302D6047D171377F70FA1075F
:10267000FDB79387E7A4E313F4F68357E10005471A
:102680003544E39FE7F60345060013040008E3E939
:10269000A7F6DC452380A7009387018D9C43333543
:1026A000A0000905DC4341BF1387018D184303C512
:1026B000470083C5570083C714000328070003C7DA
:1026C0000400A2078946D98FC207C18705476383E3
:1026D000E7008D460D66A6871307E10013062690D6
:1026E000029839BF0145828025E303A84500AE88E2
:1026F0008347180003480800A207B3E707010D68E5
:10270000930EF8A4639AD70391473548639FF60266
:1027100003A5C8004111B285114606C697200020C6
:10272000E780C0809387818E9C4305458297B240A5
:102730000148428541018280930828902948639688
:10274000170185476F5070242D484285828041656E
:102750004111938581AF7D1506C6EF70C06AB24006
:10276000972600209386C65A414699451725002092
:102770001305055441016F70405D23A4A18E828032
:102780000111938581AF22CC06CE2A84EF50B01A76
:10279000058929C1014781460546ED452285EF504F
:1027A000C0532AC605C9972700209387675083D74F
:1027B000A70501462C002314F10085472315F100DD
:1027C000230005002285EF60E07209C5ED45280071
:1027D000EF508068F240624405618280416779175A
:1027E000630CE502411122C406C685472A84639A18
:1027F000F50022852244B240938581AF41016F707C
:10280000806089476396F5008545EF90B00D75D1DE
:10281000B24022444101828082807D15994763E263
:10282000A70817C701001307E77C0A053A951C4162
:10283000BA978287371700408327870A93E70702F2
:102840002324F70A8280371700408327870AA1666E
:10285000D58FFDB7371700408327870A9166CDBF14
:10286000371700408327870A93E70710D1BF371730
:1028700000408327870A93E70720D9B7B71600409F
:1028800083A7860A056713070780D98F23A4F60A52
:102890008280371700408327870C8966D58F2324D1
:1028A000F70C82807D15994763E3A70817C70100DD
:1028B000130707760A053A951C41BA97828737179E
:1028C00000408327870A93F7F7FD2324F70A8280C5
:1028D000B716004083A7860A61777D17F98F23A476
:1028E000F60A8280B716004083A7860A7177F5B78B
:1028F000371700408327870A93F7F7EFF9B73717A1
:1029000000408327870A93F7F7DFC1B7B716004067
:102910007D7783A7860A1307F77FC9B7B7160040EC
:1029200083A7860C79777D17F98F23A4F60C828014
:10293000B717004003A7070A411106C6136707022D
:1029400023A0E70A03A7070AA16613060064558FB0
:1029500023A0E70A03A7070A91669145558F23A094
:10296000E70A03A7070A85669386068013670710A0
:1029700023A0E70A03A7070A1367072023A0E70A93
:1029800003A7070A558F23A0E70A03A7070C896648
:10299000558F23A0E70C03C5618FEF10403A130554
:1029A00000408D45EFE0DFFBB75700401147A381A2
:1029B000E700B240114541016FF0EF84411122C49C
:1029C000138401844AC00329040006C626C24A852E
:1029D000EFA0D17297C40100938444669040D44024
:1029E000EF90F14F97C7010093874764634005025A
:1029F00097C701009387C7638C434A85EFA0312CAA
:102A00006348050097C701009387C7629C431CC0B9
:102A10000840EFA0B16E9040D440EFA0212397C7AB
:102A20000100938727629043D443EF90017097C7CA
:102A300001009387A7619043D443EF90B155EFA075
:102A4000D114930740063385A740EFA0512097C7C4
:102A50000100938727609043D443EF90B153EFA0D8
:102A6000D112EFA0D11E97C701009387275F904333
:102A7000D443EF903152EFA0D1171374F50FA28514
:102A800017C501001305055EEFB0611BA285224446
:102A9000B2409244024985460546054541016FE032
:102AA0005FFF411106C685476318F5021D45DD3BF2
:102AB000294597100020E780000009372945971025
:102AC0000020E78040FF1945893BB240294541017C
:102AD00017130020670023FE05E11945E13317C7EE
:102AE00001001307E75418439387018498C3F9350D
:102AF000B2401D45410115B3B24041018280828040
:102B00009387018488C3054569BF2386018E23A866
:102B1000018EB717004003A7070CFD76FD16758FD1
:102B200023A0E70C03A7070D8566558F23A8E70CA4
:102B3000828023A8A18E13064006894503C5618FB4
:102B40006F10E01FB717004003A5470C83A7470C81
:102B50002981134515001397470105896344070030
:102B600013652500B717004083A7470C139737015B
:102B7000634407001365450083C7C18E638CA700BB
:102B80002386A18E01C99387018F03A307006303E6
:102B9000030002838280797122D426D24AD04ECE9D
:102BA00052CC56CA06D61379F500138481B08544F9
:102BB0009389518F138A418F914A631009022254DD
:102BC000B25092540259F249624AD24A03C5618F07
:102BD0000146854545616F108016B3779900A9C7F6
:102BE00083470A0003C7090023000400E58FD98F3B
:102BF000A38AF18E2312D4002301C400A300B400E1
:102C000099E12300540136C632C42EC2EF100000F1
:102C100083470400B2462246924593E7270008C442
:102C20002300F40033499900860493F4F40F31042F
:102C300069B79377150089CF8547639FF506B71667
:102C4000004083A7860A7D777D17F98F23A4F60AB3
:102C50009377250089CF85476399F506B71600401D
:102C600083A7860A79777D17F98F23A4F60A9377CD
:102C7000450091CF85476393F506B716004083A7BB
:102C8000860C370780FF7D17F98F23A4F60C937706
:102C900085001387418FBDC38547B71600406399F0
:102CA000F50483A7860CBD9B23A4F60C834707007D
:102CB0005D8D238AA18E8280371700408327870A83
:102CC0008566D58F2324F70A61B73717004083271D
:102CD000870A8966D58F2324F70A51BF371700402A
:102CE0008327870CB7068000D58F2324F70C45B7C0
:102CF00083A7860C93E7070123A4F60CC5F9834745
:102D000007001345F5FF7D8D6DB7011122CC26CA52
:102D10004AC84EC652C406CEAE899374F5001389D4
:102D200081B00544214A89E8F2406244D2444249D4
:102D3000B249224A05618280B3F7840089CFCE85EB
:102D4000639649018345090093C515002285230038
:102D5000B900A18CF93D06041374F40F3109E1B7F1
:102D6000AA8711C909CA81CA9307300663E3C7005D
:102D70001DB5854559BF81453E85EDBFA14763EF30
:102D8000B70297C601009386A62E139725003697A3
:102D90001C43411106C6B69782879306803E1546AE
:102DA00085457D3FB2400145410182809306803ECA
:102DB000154693052003F5B7893FEDB7014582809D
:102DC000B717004003A7070A411122C4056406C6CD
:102DD000418F23A0E70A03A7070A89668145558F1B
:102DE00023A0E70A03A7070CB70680003D45558FCF
:102DF00023A0E70C03A7070C1367070123A0E70C28
:102E00002937930604FA7946A9450545693393069F
:102E100004FA7946A9450945BD3B91451145B93F9D
:102E200085452145DD35B2402244238C01B2410164
:102E3000828083C781B36393071679714ECEC169CF
:102E400022D426D24AD052CC56CA5AC85EC662C4D0
:102E500006D666C26AC0138481B0014C3D498544E0
:102E6000138A518F930A4006FD19130B4006930BEA
:102E7000F00FB3F72401E1C783470400898BD5CF56
:102E8000EF00D0581C442A8D6366F50E834604007B
:102E9000834C240093F71600BDCB33079B41F99A6E
:102EA00081452685937CF70F2300D40059330346D0
:102EB00004009377460099EF83461400638C7601F3
:102EC000FD1693F6F60FA300D40089E613462600FC
:102ED0002300C40083470400898BB1C30357440017
:102EE0003307970333575703931707013377370196
:102EF0006A97C18318C463030C08A1C33E87637338
:102F0000FC006287131C0701135C0C013DA093E6D3
:102F10001600854526852300D400213B65BF8345E7
:102F20000A002685E58DB335B000893D03470A00C8
:102F300093C7F4FFF98FA38AF18E33C92401860465
:102F400093F4F40F3104E31609F2630B0C022254DC
:102F5000B25092540259F249624AD24A424BB24BA1
:102F6000924C024D6286224C03C5618F85454561B6
:102F70006F00F05C898FC207C183B5BF3E8C75BFFF
:102F8000B250225492540259F249624AD24A424BF8
:102F9000B24B224C924C024D45618280828041119D
:102FA00006C6EFE00FBBBD4763F4A700EFE06FBAC2
:102FB000EFE02FE3BD4763F4A700EFE08FE2B240FC
:102FC00083D5E18903D5C18941016F00707F41112B
:102FD00093962500AA852D4506C697100020E78008
:102FE00020BFB240014541018280411126C2939425
:102FF000250022C44AC02A843289A686AA850146B1
:10300000254506C697100020E78080BCA6864A8624
:10301000A285294597100020E78080BBB24022445A
:1030200092440249014541018280011122CC06CE21
:103030003714004026CA4AC84EC652C48344740599
:10304000034AB4058349840503499405EFE0EFADD5
:103050008347A40593F4F40F137AFA0F93E717004C
:10306000230DF40493F9F90F1379F90FB717004002
:1030700003C7A705058B6DFF03D5C705A38D4705BE
:10308000238C3705A38C2705A38B9704F240624459
:10309000D2444249B249224A056182804111939744
:1030A000050122C406C6C1872E8463DA0700EF003B
:1030B000207719C1EF0020702165218D39A093F789
:1030C000150081CBBD3313451400B24022444101A9
:1030D000828093F7250089CFEFF0DFA61306000A60
:1030E000894503C5618FEF00904513452400F1BF6A
:1030F0009397250163D00702EF20810E4D3537F6F7
:103100000200130606E0896503C5618FEF003043B6
:10311000096565B79397150163D1070217C50100CB
:103120001305C5FBEFA0514313060064916503C569
:10313000618FEF00D040116549B793F74500014515
:10314000C9D7EFF0DF9B13060064914503C5618F7B
:10315000EF00F03E134544008DBF1D71494697C5F1
:103160000100938525F317C501001305652486CE5C
:10317000EF00F02301E917C501001305E5F2EFA008
:10318000B13D01A037F700E0F9575CC7FD571CCBF4
:103190008566B7E700E023A0D7101306701010C3B0
:1031A000B8434146B0C323A0D718B8C30F100000DE
:1031B0001306C00381454808EF00501997270020E7
:1031C000938787023ECA896793870780231CF10093
:1031D000ED47A301F1029307A0102312F102D1479A
:1031E0002303F102A167938707E03ECE9707000013
:1031F000938727DEBEC497070000938747DFBEC6CC
:1032000085472304F102B5472308F10297F7FFFF32
:10321000938767923EDAB7F5070097070000938718
:1032200007E13EDE814697070000938787D770004D
:10323000E1051945BEC097100020E7806099580845
:103240008147994670003E960346060085070507AC
:10325000A30AC700E398D7FED24791C7035781015D
:1032600085676373F70001A04808EF00306BAA85FB
:1032700001C917C50100130565E4EFA0511C01A0A9
:10328000F64025618280411117050000130545E1D4
:1032900006C622C4EF0010651384618F2300A400CA
:1032A0001520393EEFF07F86EFF08FE803450400EC
:1032B0002244B24037F60200130606E08965410158
:1032C0006F00F027411122C406C637140040930650
:1032D00070052300D404130780FA2300E4040F10C0
:1032E00000008347F40293F7A70FA307F40223001B
:1032F000D4042300E4040F1000008347F40293E792
:103300002700A307F40261391305407E230004045B
:1033100081470147814605468545EFE0EFD02244CD
:10332000B240014541016F10800C82803A883E878F
:1033300089E6834608006FE05FDF85476395F60006
:10334000C2866FE01FE18947639FF60041111306B3
:10335000401F894503C5618506C6EF00501EB24077
:1033600001454101828001458280411117C501005C
:10337000130585D822C406C62E84EFA0510C9317DE
:103380000401C18763DD070003C56185512911C1AF
:103390001D212165218DB240224441018280937715
:1033A000140013451400E5FB9377440099CF83C7BD
:1033B00061851307401F81462146A14503D54185FC
:1033C000EF60A16D13454400F9B7937724001345CE
:1033D0002400F1F3937784000145D5DF03D54185BF
:1033E000EF60F1441306803EA14503C56185EF00FF
:1033F00010151345840045B77D15954763EDA71E4D
:1034000017C701001307C7CD0A053A951C4179710A
:1034100022D406D626D24AD04ECEBA972E848287A0
:103420002C0013054030EF60510C2C000545EF30A7
:10343000905217C50100130565CEEFA051009D46BF
:103440001386C18F81452D4597000020E780407885
:1034500001449389C18F17C90100130969CD9944AB
:10346000B387890083C507004A850504EFA0217D45
:10347000E31894FE83C5219017C50100130585CB81
:10348000EFA0E17B03C721909307A00A631FF70019
:1034900017C50100130505CBEFA0110C17C50100DE
:1034A0001305C5CBEFA0510B0DA217C501001305E5
:1034B00025CAEFA0710A85471306710085451305DB
:1034C0000040A303F100EF50F10CC9BF17C5010084
:1034D0001305C5C9C1BF03C721909307A00A17C52B
:1034E0000100130525C6630FF70017C5010013057A
:1034F00025C693044400EFA0310685E817C50100F6
:103500001305C5C7EFA051058357A4000D66130628
:103510000620914503C56185239AF184EF003002AE
:1035200017C50100130505C9B5BF9307A0FA856645
:103530000146814525452381F19097000020E780D1
:1035400020699375F50F17C50100130525C4EFA079
:10355000016FA68519461385C18F97100020E7805B
:10356000E09C9D461386C18F814529459700002028
:10357000E78000669375F50F17C50100130545C276
:10358000EFA0E16B51B717C501001305A5C319BF23
:1035900083C72500114717C50100130525C463849F
:1035A000E7041947639AE70283C5650017C5010060
:1035B000130585C4EFA0A168854730008545130534
:1035C00050302304F100EF601100B25022549254A5
:1035D0000259F249456182801547E39FE7FC17C510
:1035E0000100130525C3EFA02177F9B717C5010026
:1035F0001305C5C345BD82800111170500001305E1
:1036000005D706CE22CC26CA13846185EF00902D03
:103610002300A4008544700085451305503023061F
:103620009100EF60417A138641849D451305603017
:10363000EF606179171600201306466FF1451305F8
:103640007030EF60417817C601001306A6ABD54570
:103650000145EF4000248D477000914513057040EF
:103660002305F100A305910002C623040100A30471
:103670000100EF5021723000854513050040EF50E6
:10368000617113069100854513051040EF5081705C
:103690001306A100854513052040EF50A16F1306C6
:1036A000B100854513055040EF50C16E9947700039
:1036B000854505452306F100EFE0EFF2EFE09F9D21
:1036C00097150020938585651385C184EFE0BFDBE6
:1036D00003450400A1458923F2406244D2440561B8
:1036E00082804111814585660146254506C69700C1
:1036F0000020E780E04DB240238101909375F50FE3
:1037000017C50100130585A841016FA04153411160
:103710001305800406C697000020E780401F371776
:1037200000408327870A8D451305002093E7072073
:103730002324F70AEFE0CFA2EFE00FC917C501007D
:10374000130505C7EFA04161EFF03FA1EFF0BFB354
:10375000EF60310EEFE09FCC453597000020E78009
:103760006039411122C42A84AA85118817C5010035
:10377000130545AC06C6EFA0814C09C42244B240F3
:10378000410185B7B2402244410182801705000003
:10379000130565FD6FF0EFB923AC05FE1C4191E701
:1037A000010001000CC18280BA8703A787FF6DFF6B
:1037B00023ACB7FE82801DC18346E5FF1307F00FDF
:1037C0009147639EE600411106C697100020E780EE
:1037D0002017B24081473E854101828095473E8552
:1037E000828001E9014582800145B24022444101C5
:1037F0008280411122C42A84210542059305D00408
:10380000418106C697100020E780E00971DDFD5771
:1038100023200500231285002303F5002105F1B7BD
:10382000138741901C43411122C426C24AC006C6D8
:1038300001440149BA8489E7A165852D0DC401A819
:1038400003C7E7FF6318A7021DC8A165F1269840CA
:10385000832784FF6317E40223A2F190FD57232CF2
:1038600004FE230FF4FE2285B24022449244024912
:103870004101828011E03E8983A787FF6DBF3E84AE
:10388000E5BF232CF9FED9BFA9C9411122C406C640
:103890002A849737002083C7F7182E856368F400C1
:1038A000193F0D45B24022444101828083A785FF24
:1038B00099E703C7E5FF9307F00F6305F700E53DC0
:1038C0001545CDB7238F85FE13854190F1352285AF
:1038D0002244B240A165410181A61545828023A200
:1038E000019082809387C1919C4399E33E858280B9
:1038F00003D727006316B70003C70700E308A7FE36
:10390000DC47E5B74111939705014AC006C622C4BA
:1039100026C2C1872E8963DE0700193711C1613DB8
:1039200021653345A900B240224492440249410135
:103930008280AA860145E5D901443D47B3578940B5
:10394000858B95CB938701918443BD4791E2814755
:10395000A2978E070545BE94331585001314050103
:103960009C40C8404180829723A0040023A2040009
:10397000334524014DBF0504E312E4FC0144CDBFEF
:1039800097370020938747069C53411122C406C6EF
:103990001384818595C7829723ACA1840840B747DB
:1039A00003009387D73F3305F502B7A72600938717
:1039B00037ECB24022443E9523ACA1844101828081
:1039C000973700209387070618409C4BBA9723AC83
:1039D000F184E9B79387819090439736002083C69E
:1039E0007604814713F7F70F6360D70A1737002073
:1039F0000347B717914763E0E70A9737002083C76B
:103A0000671B918BC9EB0111680006CE22CC26CA38
:103A1000EFC08042FD56630FD50C32479737002028
:103A200083C7B7FD63F3E70C17370020130787FF41
:103A3000404717370020034767FC6305D406058B12
:103A400021CF51473304E40263F1870A9700002035
:103A5000E780E072B2476373F400A2871737002053
:103A60000347B7F9998F3E95973700209387C7F79B
:103A70008387470163CD0702B707C0A86369F502D2
:103A8000B70740573E9525A0850713971700329733
:103A90000357E7FF21DB8280130790023304E4021F
:103AA00005805DB762076187635707001D8D19E9BF
:103AB0003705C0A801A8E37BF5FE3707C0A8B30708
:103AC000F7403E9597370020938707F2DC538297A3
:103AD00009ED973700209387E7089C4F99C7EF10AF
:103AE000C125EF10D103EF10A119F2406244D24476
:103AF00005618280973700209387C7F2DC47E38611
:103B0000A7FE17370020130727EE83464701BA8424
:103B1000858A9DC65144338487029737002083C726
:103B2000D7EDE3F487FC97000020E78040659737E6
:103B3000002083C797EC1D8C2295838744011DBF0D
:103B400013049002338487020580C1BF2A9609E5D9
:103B500082800505A30FB5FEE31DC5FED5BF8147D5
:103B60003307F5000307070019E33E8582808507C8
:103B7000C5BF01112E8626CAAA8413150601930516
:103B8000F004418122CC06CE32C697100020E78097
:103B900080D12A8419C53246A68597000020E78087
:103BA000E0382285F2406244D24405618280814738
:103BB0006314F600054582803307F5008507B38658
:103BC000F5000347070083C6F6FFE383E6FE0145E1
:103BD00082809307F6FFBE952A966313C500828004
:103BE000FD1583C715000505A30FF5FEFDB7814739
:103BF00011E9014582803307F50003470700E31A06
:103C0000B7FE8507E319F6FE054582809737002049
:103C1000938747E1884B82809737002083C797E0DE
:103C2000637FF500138781909317150008433E9535
:103C300083570500DD8D2310B500014582800D45B9
:103C40008280FD570111173700202323F7DE938769
:103C5000C19122CC80434EC6973900209389C9D8A0
:103C600026CA4AC852C456C206CE5AC02A898144BE
:103C70004E8A973A0020938AEADA1844814763749F
:103C8000E900B307274103A749021CC409CB03A7D6
:103C9000CA0063F6E70017370020232BF7D8A1E707
:103CA000835524009DE95C44A1E823AEF190032BE9
:103CB000C400228597100020E78080C85A8455FCF4
:103CC00083274A0285CF6244F240D2444249B24936
:103CD000224A924A024B0561F5B9034504002D3F83
:103CE0005C4081CB1CC483572400D5DFA2844044B0
:103CF000F9B71C44CDDBC5BFDCC455BFF2406244FC
:103D0000D2444249B249224A924A024B056182801A
:103D10009737002083C717D16371F502138781900D
:103D200093171500084393C5F5FF3E95835705008B
:103D3000FD8D2310B500014582800D4582809737A7
:103D4000002083C737CE6364F500014582804111AE
:103D500022C426C24AC006C62A842E89B284EFF045
:103D60007FB801C504C505452DA0936504F0C205C3
:103D7000C181414597100020E780E0B20DE19737FF
:103D80000020938767C69C5B81C7A28511458297F7
:103D90000145B24022449244024941018280938706
:103DA000C1919C438DE323AEA19085472326050056
:103DB00004C52311250123008500A300F50023225B
:103DC000050055B7BA87D84775FFC8C7F9BF45C5BD
:103DD00039715AD0138B019122DC26DA4AD84ED69B
:103DE00052D45ECE66CA6AC86EC606DE56D262CCB1
:103DF0003689328AAE89AA8401445A8DB94D854BE1
:103E0000F94C03270B00131C3400937AF40F6297CC
:103E10001C43A9EF13B5FA0013451500B3978B00A7
:103E200063F65D01930714FFB397FB0093950701B9
:103E3000C181528629371DC983270D000145E297AC
:103E400084C323A237016304090023005901F250FF
:103E50006254D2544259B259225A925A025BF24BDE
:103E6000624CD24C424DB24D216182800504E31A6E
:103E700094F92145E9BF09458280411122C426C237
:103E80004AC006C6AA842E893284553DCA85268535
:103E9000EFF05FA509C940C10145B24022449244F8
:103EA0000249410182802145CDBF411122C426C271
:103EB0004AC006C6AA842E89EFF0DFA22A8419C15F
:103EC000231105009737002083C7C7B56394970077
:103ED000239A2191CA852685253D014511E0194582
:103EE000B240224492440249410182807547636B8B
:103EF000A704138701911443411126C2931435007E
:103F0000A696944222C406C6AA873A84094595C655
:103F100013B5F7003947134515006373F700C5174C
:103F20008545B395F500C205C18141371C40014567
:103F3000A69723A0070023A20700B2402244924480
:103F40004101828009458280411106C6EFF09F99A8
:103F500009C50845B240410182800145E5BFF547EA
:103F600063EDA704938701919C4313173500BA971B
:103F70009843894721C7011126CA06CE9334F5001C
:103F800022CCB94793C4140063F3A7004515054438
:103F90003314A400420441802EC62685A2856D37C5
:103FA0008947324609C5A2852685513B8147F240A3
:103FB0006244D2443E850561828089473E85828085
:103FC0002396A1902397B1908280411106C623AC1D
:103FD000A1900295B2409737002023AFA7A40145D6
:103FE00041018280994763E9B7008A05973700202D
:103FF000938787A5BE9588C18280411106C6EF6070
:10400000410A71468145173500201305E5A3EFF0FD
:10401000FFB313064002814517350020130585A024
:10402000EFF0DFB223AE019023AC01909737002070
:1040300083C7479D13D527008D8B3E958D4733054C
:10404000F5029305101035051375F50F973700200D
:10405000238BA79C99473305F5021305050F97108D
:104060000020E780408423A8A19035C999471736DE
:1040700000200346469B3306F60281451306060FD1
:10408000EFF0DFAC938701919C439387070F23A048
:10409000F19217370020034707990A07BA9723A41C
:1040A000F190EFF0DF835D26938701929843973775
:1040B000002083C7379793962700BA96170600000B
:1040C0001306868490C293862700850793F7F70F1F
:1040D0008A0797350020A387D594BA9790C3B2403A
:1040E000410182809737002083C7D793173700207C
:1040F0000347679363F1E70213870192184393869E
:10410000170017360020A30FD690939627003697F6
:1041100008C33E8582809307F00FE5BF1C41638191
:10412000071A41777D8FB70600208947631BD71890
:104130000357450063070718411122C419462A8412
:104140009305F00F590506C6EFF07FAA05478D4786
:104150006303E5161C4481CB58589947630D071437
:10416000185C630A07141306C00381451735002045
:1041700013058587EFF09F9D1306C003A2851735B1
:1041800000201305658697000020E78020DA973726
:10419000002083D72786973600209386E68499E708
:1041A00093070010173700202316F7849737002055
:1041B00083C7678491E7854717370020230DF7826F
:1041C0009737002083C7378391E7ED4717370020E3
:1041D000A303F7829737002083C7078291E79547AB
:1041E00017370020230AF7809737002083C7D7802E
:1041F00091E7854717370020A300F7809727002015
:1042000083C7D77F99E783C7060117270020A30735
:10421000F77E9727002083C7477E91E7D14717276E
:104220000020230CF77C9727002083C7C77D95E7E4
:10423000172700200347877C1316870161869307A1
:10424000C002634806009377170093B7170093875F
:10425000D702172700202308F77A9727002083C763
:10426000D77995E717270020034747791316870169
:1042700061869307C002634806009377170093B7DF
:1042800017009387D70217270020A308F7768347E4
:10429000D40191E7894717270020A305F7769C569C
:1042A00091C78297972700202391A778B933FD57AC
:1042B000A384F1A88147B24022443E854101828017
:1042C00089473E858280011122CC06CE2A842EC6E3
:1042D000EFF00FEBB245F240818D33A5A502229598
:1042E00062441375F50F05618280011122CC06CE60
:1042F0002A842EC6EFF0CFE8B245F240818D33A577
:10430000A502229562444205418105618280011126
:1043100022CC06CE2A842EC6EFF08FE6B245F240BC
:10432000818D33B5A502229562440561828097276D
:1043300000209387676B985725C3411122C426C27A
:1043400006C6BE840297172700200357076E2A84EB
:1043500041C7BA876373A700AA87C207C183BA8619
:104360006373E400A286C206C182958F51476355EC
:10437000F706DC5491C3829785471727002023074F
:10438000F77EEF00F165972700202390876AB240FF
:1043900022449244410182809727002083C7077DF1
:1043A0009DE7972700209387E77B83C797008507C2
:1043B00093F7F70F17270020A30AF77AA18B9DC761
:1043C0008547172700202313F77A6F005167972737
:1043D0000020A38D0778D5BF9727002083C70779D2
:1043E000DDD72244B24092444101C5B7828097276D
:1043F00000209387675FD857011122CC06CE3E84F8
:1044000001C72AC60297324511CD23A2A1921705F2
:104410000020130545D8EFF05FBBF2406244014530
:10442000056182808307440163DD07009727002030
:1044300023A6076097070020938787D023A2F192D5
:10444000F9B797070020938787D3CDBF011122CCFE
:104450001724002013044459084406CE26CA4AC82B
:1044600001E90545F2406244D24442490561828037
:104470005C58E5DB185C75D7700085458297184459
:10448000B247E300F7FE9305E0041725002003552B
:10449000655697000020E780004117270020232160
:1044A000A75A61D1172600200356C6549305F00F72
:1044B000EFF0CFE98144172900201309A956972767
:1044C000002083C747530326C90163C1F402328524
:1044D00097000020E780C04601459727002023A1D0
:1044E00007569727002023AF0754ADBF972500201C
:1044F00083D54550B38795020844185C89818504AB
:104500003E9508C2029765BF411122C417240020BE
:104510001304844D1C4426C206C64AC097240020BA
:104520009384445091EBC84C35E9B2402244924404
:1045300002490145410182801C5CF5D7DC4C99EFB2
:104540009305E004172500200355C54A9700002075
:10455000E78060359727002023A4A74EC84C61D57B
:1045600017260020035606499305F00FEFF00FDEE3
:1045700001499727002083C70748D04CE355F9FA33
:104580009725002083D50547338525031C44898161
:1045900005093E951C5C08C28297E1BF9700002088
:1045A000E780003A9727002023AC07489727002090
:1045B00023AA07489DBF011156C2972A0020938A5B
:1045C000AA4283A78A0022CC4AC84EC606CE26CA73
:1045D00052C45AC0AA892E8432896385072203A750
:1045E0004A03630707147D476366A71497240020D6
:1045F0009384444303AAC40163170A0A956593850B
:1046000015E0172500200355E53E97000020E780C0
:1046100080299727002023A5A7422A86630A051030
:1046200083A74A0303A58A009725002083D5853CEC
:104630008981829783A78A0003AAC40117270020D3
:104640002322F7408947639CF908C1476312F40E9F
:104650009725002083D5053A938505FC9147B3C57E
:10466000F5028A05D29503C705009307A005631DCF
:10467000F70A83C715006399370B4A85228691058F
:1046800097000020E780808ADC4C528563934715B1
:104690000145F2406244D2444249B249224A924A18
:1046A000024B056182809850E38EE7F8956593850B
:1046B00025E0172500200355E53397000020E7800B
:1046C000801E2A8A35C52A8683A74A0303A58A0045
:1046D0009725002083D5053289818297A5B78D471C
:1046E000639DF900C1476315F4049725002083D525
:1046F0006530938545FDF199B5B79147639AF90007
:10470000631834039725002083D5C52EA115E5B77E
:10471000C147639FF900A14763EC870097250020FC
:1047200083D5452DC115C1BFDC4C52856397470D1C
:10473000294585B71307F006568B6361A70A130A4C
:1047400005FE1947334AEA02172700200357872A34
:10475000972A0020938A0A2D330AEA023E9A83A7F9
:104760000A026395470183A4CA019DE49305E0040E
:10477000172500200355052897000020E780A01288
:10478000AA845DD583274B039725002083D58526F2
:104790002A8689815285829791451307A0058981D0
:1047A00093972500A69783C607006393E60483C604
:1047B0001700639C360385058A052286A6954A85DF
:1047C00097F0FF1FE780807683A7CA01E38297EC0A
:1047D000268597000020E780A0165DBD1307E0073F
:1047E000E368A7F4130A05F985B783D5270045BF09
:1047F00083A7CA01E38E97F2268597000020E78001
:1048000020143DB7972700209387C721CC4F8DD127
:1048100091479306A0058983139727002E97034697
:104820000700E317D6F003461700631C360185071F
:104830008A072286BE954A8597F0FF1FE780006FA2
:1048400081BD83572700C1BF972700209387C719D1
:10485000984739C79C5FA9C705476313E504411111
:1048600022C4172400201304E41B504C06C60DC6B6
:1048700008509725002083D5E51789818297484CF9
:1048800097000020E780C00B9727002023AA071A73
:104890009727002023A8071AB240224441018280B2
:1048A0008280011117270020130707144EC68329A1
:1048B000870022CC26CA4AC806CE52C456C2AA8451
:1048C0002E843289638A09201C5FBA8A99EB2945B4
:1048D000F2406244D2444249B249224A924A0561B6
:1048E00082805C5BEDD7FD4763E9A70E9729002026
:1048F0009389491383A7C901B1CB03A58A0083A774
:1049000009026395A70689476393F408C147E3103A
:10491000F4FC172500200355E50D9147130505FC10
:104920003345F5029317250003A5C9012286CA85E0
:104930003E959307A0052300F500A30095001105FF
:1049400097F0FF1FE780805E014559B79305E004AB
:10495000172500200355050A97000020E780A0F4E2
:104960009727002023AEA70C49F995B783A74A03E0
:1049700003A6C9019725002083D5C50789818297A1
:1049800083A78A0017270020232EF70AADBF8D4783
:10499000639EF400C147E31CF4F217250020035581
:1049A0006505130545FD9377C5FFBDBF9147639A24
:1049B000F400E31E94F0172500200355A5032115EC
:1049C000DDB7C147E395F4F0A147E3E287F017258F
:1049D0000020035525024115F9B79307F00663EA55
:1049E000A706930705FE1947B3C7E702172700205C
:1049F00003574700172A0020130ACA02B387E702A9
:104A0000BE998327CA01A9CF83270A02639A370771
:104A10000325CA0191461308A005FD5593D726002A
:104A2000C207C183139727002A9703460700631D17
:104A30000607834817000356270063959806B306B8
:104A4000D64063CF860485078A072286CA853E95AD
:104A5000C5BD9307E007E3ECA7E6930705F979B72F
:104A60009305E004172500200355C5F897000020A2
:104A7000E78060E39727002023A4A7FC51F581BDC0
:104A800083A74A030326CA019725002083D585F60C
:104A900089814E8582979727002023A537FB8DBFFC
:104AA000A300B700B2869DBFB385860017260020FD
:104AB000035646F49105130606FCE3FAC5E0130617
:104AC00034001376C60F1106B29623000701A30027
:104AD00097002311D70085BF97270020938787F47D
:104AE000D44FBE89A1C203A5C90191461308A005F0
:104AF000FD5593D72600C207C183139727002A9735
:104B0000034607006316060583481700035627006F
:104B100063989800B306D640E3D786F2A300B700A7
:104B2000B286C1BF8357C700172500200345A5ECF7
:104B30009305E0043305F50242054181970000200A
:104B4000E78060D69727002023ACA7EE49FD41B34C
:104B500017260020035606EA9725002083C5A5E9FD
:104B6000B385C502338686001106E3E2C5D681BF50
:104B700001458280011106CE2EC6EF70E04501C9C5
:104B8000B245F2400355250005616FA0A074F240C4
:104B9000494505618280A38801942388019423AC50
:104BA000019223AE019223A0019423A2019423AA8F
:104BB000019223A80192972700209387A7EA37073D
:104BC000B40098C33747A000D8C337071000930636
:104BD000070A94C7B7065000C106D4C79306070555
:104BE0004107D8CB3707D007410798CF3707840351
:104BF00098D337C70700130707B8D8D3416794CBBA
:104C000093060701130717F8D8D7370781FF98DBFA
:104C10007D5723AE070094D7239AE70282800111C3
:104C200026CAAA84214522CC06CE2E8432C636C49A
:104C30003AC2EFE01FBB1DC9A24612473246930796
:104C400000FD2300F5009947A30095002301F5001E
:104C50002303D500A303E5002312C500AA852285FE
:104C60006244F240D24405616FE01FC2F2406244E8
:104C7000D2440561828023ACA192828023AEA192AE
:104C8000828023A0A194828023A2A194828001111A
:104C900022CC4AC806CE26CA2A890144B304890018
:104CA0006368B400F2406244D244424905618280A4
:104CB0002EC6EFE0FFCC93170501C183A183B24557
:104CC0002380F4009307140093F7F70F850463F92A
:104CD000B700CA9709042380A7001374F40F7DBF9F
:104CE0003E847DBFC16717250020035585DBFD1776
:104CF0006302F502411103C6C19D9385819406C6E6
:104D0000EF70C00EB240FD5717270020231BF7D8C5
:104D100041018280828009C925151375F50F13356D
:104D2000850E134515008280014582802380050091
:104D3000F94763E2C708797122D426D24ECE56CA0B
:104D40005AC806D64AD052CC5EC63684B289AE8ADC
:104D50002A8B814463FF3405B307940003CA07001C
:104D6000138914001379F90F63050A04B3072A01A4
:104D700063C1F904B307240183CB07005E85613F5B
:104D80000DC99307FAFF2380FA0063906B031305A4
:104D900019002295B250225492540259F249624AA3
:104DA000D24A424BB24B45618280D29493F4F40FC5
:104DB00055B70145C5B701458280411126C2AE8471
:104DC00022C49727002023A5C7CE9727002023AF12
:104DD000B7CC9727002023A9A7CC2A844146930566
:104DE000F00F26854AC006C60549EFE05FE0631E66
:104DF000250397270020938767CA884BC145413D0B
:104E000041469305F00F2285EFE07FDE854463166F
:104E10009502224497270020938747C8B2409244C6
:104E20000249C847C14541019DB541468145268596
:104E3000EFE0FFDBE31625FD6DBF4146814522858E
:104E4000EFE0FFDAE30795FCB240224492440249C6
:104E500041018280411122C426C22E84AA841306F5
:104E60000002814517250020130545C306C6EFE063
:104E7000FFCD97270020A38497C2A38F819CEFA02A
:104E8000E046854719C181474945B240224417276A
:104E900000202305F7C0924441018280814781CDE3
:104EA00019C98547631BF50083C7550093E707FCC5
:104EB000A382F50085473E85828089476317F50008
:104EC00083C7550093F7F703E5B70D478547E3140C
:104ED000E5FE03C755001377F70313670704A382A2
:104EE000E500D1BF81478DC105C103C755009306B9
:104EF000000C85471377070C6308D700930600045E
:104F00008D476303D70089473E858280411122C4C3
:104F1000005D06C626C21DC8AA84085009C59700B0
:104F20000020E780E0A1485009C597000020E780F5
:104F300020A1085409C597000020E78060A02285C1
:104F400097000020E780C09F23AC0402B2402244B7
:104F500092444101828009ED9727002083C727B43E
:104F600017250020130505B581CB1385819282801A
:104F700017250020130505B482801725002003455E
:104F800005B2828097270020938747B1C847828067
:104F900097270020938787B0884B8280972700202F
:104FA0009387C7AFDC4B8843828097270020938785
:104FB000E7AED84B1C4385071CC3172500200345CB
:104FC00015AE9307F00F6305F50091656FE0DFC440
:104FD0008280011122CC06CE2E8432C6EF70000FE3
:104FE0009147B245631FF500938741949C438DC35D
:104FF00003A30700630E030022856244F2400561AB
:1050000002839387C1939C4381C703A34700DDB705
:10501000F2406244054505618280011122CC2A8458
:105020000355450006CE26CA4AC84EC6EF60F06A50
:1050300035C52A89834405008349C500C13D4A8599
:10504000EF70506203554400EF70C00383C70195B1
:10505000B1CB6399970483C511952685EFF09FB175
:1050600019E12388019403554400EF70200691470D
:10507000631FF500035744009727002083D767A2DA
:105080006317F700FD5717270020231CF7A0F240F5
:105090006244D2444249B249056182808149930405
:1050A000F00F6DB79307F00FE38FF4FA83466400B7
:1050B00003564400034524004E87A685EFF03FB613
:1050C0005DB779715EC6AA8B2E8552CC56CA5AC876
:1050D00006D622D426D24AD04ECEAE8A328B368A1B
:1050E000EF60B05F6DC1045D2A89F1CC9C506145D1
:1050F00099C3130540039C5481C751054205418162
:1051000063050A00710542054181DC5081C75905DC
:1051100042054181EFE0EFEC2A8455C561468145A7
:10512000EFE0DFA29729002083C9C99663940900A4
:1051300083490900930700FD2300F400A947A30059
:1051400074012301F400230364018C5023125401E1
:105150001305840191C908C47146930A440397F06A
:10516000FF1FE780A0DC56858C5491C948C4514686
:10517000930A450197F0FF1FE78040DB5685630CDB
:105180000A0008C87146D285930AC50197F0FF1F2F
:10519000E780C0D95685CC5099C548C8594697F084
:1051A000FF1FE780A0D8A2854E85EFE0EFED2254E7
:1051B000B2509254F249624AD24A424BB24B4A85AB
:1051C00002594561A1B3B250225492540259F24996
:1051D000624AD24A424BB24B4561828001114EC6AF
:1051E000AA892E854AC806CE22CC26CA2E89EF600F
:1051F000D04E31C59724002083C4C48999E08344EC
:1052000005001945EFE0EFDD2A8415C981451946EF
:10521000EFE0DF93930700FD2300F400B947A300FC
:1052200034012301F40023122401A2856244F240D8
:105230004249B2492685D24405616FE0EFE4F2406D
:105240006244D2444249B2490561828039715ECEDE
:10525000AA8B2E8526DA4ED652D456D25AD006DEE6
:1052600022DC4AD8AE84328BB68A3A8ABE8942C6DC
:10527000EF60B04631C92A894145EFE08FD62A84D4
:1052800021C541468145EFE07F8C1725002003456D
:10529000658019E103450900930700FD2300F40030
:1052A000BD472301F400B247A30074012312940008
:1052B00023046401A304540123054401A30534011C
:1052C0005CC4A285EFE04FDCF2506254D2544259E4
:1052D000B259225A925A025BF24B21618280797153
:1052E00026D2AA8439454AD04ECE06D622D42EC61E
:1052F000B2893689EFE0EFCE21C1B2459307000DA8
:105300002310F500B1472A842312B5002301F500CC
:10531000CE851905194697F0FF1FE78020C12306A7
:105320002401A2852254B2500259F24913F5F40F18
:10533000925445616FE04FD5B250225492540259B5
:10534000F24945618280171700200347577593077C
:10535000F00F630DF706411126C2AA84394522C415
:1053600006C64AC0EFE0EFC72A8439C9930700FD9B
:105370002300F500A30095002301050097150020E8
:10538000938545730D05194697F0FF1FE78000BA16
:10539000171900201309897083578900A2851715F2
:1053A00000200345D56F2315F40083471900230619
:1053B000F4002244B2409244024941016FE0CFCC54
:1053C000B24022449244024941018280828001110C
:1053D00056C2AA8A314526CA4AC84EC652C406CE0B
:1053E00022CCAE84328AB6893A89EFE08FBF29C9D0
:1053F0002A842685EF60702E1DCD03450500930796
:1054000000FD2300F4009D47A30054012301F40094
:10541000231294002313440123143401231524017F
:10542000A2856244F240D2444249B249224A924A99
:1054300005616FE06FC51715002003455566C1B7BC
:10544000F2406244D2444249B249224A924A05613A
:105450008280397162CC2A8C594526DA4AD84ED6D8
:1054600052D456D25AD05ECE06DE22DCAE8432C68C
:1054700036C4BA8B3E8BC28A468A835901040349DB
:105480004104EFE00FB635C53246930700FDA24652
:105490002300F5009547A301C500A3008501230162
:1054A000F5002A8419461105A9C2B68597F0FF1F99
:1054B000E780C0A723066401230A24012315740191
:1054C000231754012318440123193401A28562547F
:1054D000F2504259B259225A925A025BF24B624C34
:1054E0002685D25421616FE02FBA8145EFE00FE6A7
:1054F000D1B7F2506254D2544259B259225A925AF8
:10550000025BF24B624C216182809717002083C7B7
:1055100007598DCB4111AA8519461385819206C67C
:1055200097F0FF1FE78080A09385819217150020D8
:105530000345E556EFF09F96B240138581924101F5
:105540006F90905B01458280171700200347375505
:105550009307F00F6305F708411126C2AA84294575
:1055600022C406C6EFE0EFA72A8429C1930700FDF5
:105570002300F500A1472301F500A300950097172C
:1055800000209387A75183C7270093858192110537
:10559000A30FF5FE194697F0FF1FE7802099A2851B
:1055A000171500200345B54FEFE00FAE1717002089
:1055B0000347E74E8D47631FF700938701949C4391
:1055C00091CB03A38700630703002244B2409244B7
:1055D00041010283B2402244924441018280171764
:1055E00000200347C74B8D47631AF7009387019448
:1055F0009C4389C703A38700E31D03FC8280797164
:1056000022D406D626D24AD04ECE52CC094445C921
:105610002A89035505002E8A5144EF60100CAA8494
:1056200059CD83C7F19DFD1793F7F70F05474944FF
:105630006377F7080347C500A1476314F7006310B9
:105640000A089C5C4544A5EF916593854571130557
:10565000C00297F0FF1FE780002588DCAA894D442F
:1056600039CD1306C0028145EFE04FCE83570900C4
:105670009386490036852391F900714693054900C8
:1056800036C697F0FF1FE780608A89472380F900BC
:1056900003C5C400B24603560900611583C5C19D08
:1056A00013351500EF90201A2A8463060A00D2856C
:1056B0002685EF70502601C42685EFF03F852285B0
:1056C000B250225492540259F249624A4561828092
:1056D00083C7F19DFD1793F7F70F05476378F70828
:1056E000894751C6011122CC26CA4AC84EC652C4A7
:1056F00006CEAA89368AB2842E89EF60007E2A847B
:10570000D14729C9485509C597F0FF1FE7804023B5
:10571000F1452685EFE0EFC548D4CD4705CD83465A
:10572000C40021478147639FE600630D0A000347D9
:10573000A5010356050193062501AA854E85EF7044
:105740006015AA8703474400630F090013676700C9
:105750002302E400F2406244D2444249B249224A60
:105760003E850561828013674700DDB7C9473E85E6
:105770008280E54763EBA700971700209387872E69
:1057800006053E9503550500828041657D158280A2
:10579000011122CC2A842E8526CA06CEAE84EF6063
:1057A000C0730DCDB7470F009387F723094563E218
:1057B000870281450A854146EFE04FB9A68523104F
:1057C00081000A85418023018100A3010100EF804F
:1057D000F069F2406244D244056182804945D5BFF8
:1057E000A38EA19C82806F80D07E797152CC2A8A50
:1057F000328522D426D24AD04ECE56CA5AC85EC668
:1058000006D662C4AE8BB28A368BBA843E89C28910
:105810004684EF60806C15C92A8C63140A021377E2
:105820004B008347450015CF93E727012302FC0077
:105830008DEC631C0902639A090205E8ED9B2302C3
:10584000FC00832B8C03639F0B06B25022549254AE
:105850000259F249624AD24A424BB24B224C45614C
:105860008280F59B93E70701D1B793E747002302B6
:10587000FC0001CC1C484146A2852324FC021305F0
:105880008C0197E0FF1FE780606A63910B02D5D817
:105890000325CC0209C597F0FF1FE780600AF14598
:1058A0002685EFE00FAD2326AC0261BFE30B09F8BC
:1058B0000325CC0209C597F0FF1FE7806008F1457A
:1058C0004A85C5B79DC483A70B0299EB9165938563
:1058D0003571714597F0FF1FE780E0FC23A0AB0214
:1058E00003A50B0219C57146A68597E0FF1FE78047
:1058F000E0636388090283A74B0299EB9165938566
:105900002571594597F0FF1FE780E0F923A2AB020C
:1059100003A54B0219C55946CE8597E0FF1FE780C6
:10592000E0601DC483A78B0299EB91659385157187
:10593000514597F0FF1FE78000F723A4AB0203A5B2
:105940008B0219C55146A28597E0FF1FE780005ED4
:105950002254B2509254F249B24B224CCA865A8613
:105960000259424BD6855285D24A624A45616FF050
:105970004FF5011126CA52C406CE22CC4AC84EC6E3
:105980002A8AAE84EF60605525C5AA893945EFD0D3
:105990005FE52A8431CD171900200349A90F63144C
:1059A000090003C909009307000D2310F400AD4757
:1059B0002301F4009385690013053400194697E02C
:1059C000FF1FE780A05693F7140085808588230683
:1059D000F400A306940023154401A2856244F2401A
:1059E000D244B249224A4A85424905616FD0DFE973
:1059F000F2406244D2444249B249224A056182805F
:105A000093870193884301CD411106C697F0FF1F8C
:105A1000E78000F3B24023A8019241018280828096
:105A2000011106CE22CC26CA4AC82EC6EF60E04A33
:105A300039CDB245171900200349C905AA840CD5F0
:105A400063140900034905004145EFD09FD92A841A
:105A50001DCD9307000D2310F500A5472301F50088
:105A600083C75400938564001105A30FF5FE194602
:105A700097E0FF1FE780804B9C54A285F2405CC4F6
:105A80006244D2444A85424905616FD0FFDFF2404B
:105A90006244D244424905618280797122D406D69B
:105AA0002A842EC6EF6060430DCD8346C5001147A2
:105AB000AA8749456393E6029C5FB24599C383C5B3
:105AC00067010808EF70206E978600009386A6F69F
:105AD000100889452285EF60B060B25022544561BC
:105AE00082805145DDBF83C7F19DFD1793F7F70F06
:105AF0000547637AF704894721CA411122C426C2A7
:105B00004AC006C6B2842E89EF60203D2A84D14760
:105B100005C5630809008347450093E72700230272
:105B2000F5004146A6851305840197E0FF1FE78035
:105B3000E03F9C481CD48147B24022449244024931
:105B40003E8541018280C9473E858280797122D499
:105B500006D62A842EC6EF60403801CDB245228594
:105B6000230EB1006C08EF708057B250225445618B
:105B700082805145DDBF6F60204BC1671387E7FF0F
:105B80006394E5029387C1939C4391EB49458280DE
:105B90004945B2402244924402494101828003A314
:105BA0000700E30503FE0283411122C426C24AC056
:105BB00006C6FD172A892E84B2846395F502938761
:105BC000C1939C4391CB9C4381CB829711E5238861
:105BD0002195A388919475BFA6854A85EFE09FF92A
:105BE0004DF9F5B72E85EF60402F5DD18347050055
:105BF0000D45E39027FB22852244B2400249A68549
:105C0000924441016F90006D65476362A7044111A2
:105C1000416722C406C626C27D172A8409456383CC
:105C2000E502C547AE846315F4002E85EF904072FF
:105C300093171400171400201304C4E2A2972390B2
:105C400097000145B24022449244410182800945B7
:105C50008280011106CE2AC6EFE0FFF3EF10A00309
:105C6000EF00E075EF30317E3245971700209387C3
:105C7000E7E2130700F02391E700238207007D5736
:105C80009387C19DA380E7002380A700F24095453C
:105C900005616F4050401D7193970501CAC886CEBB
:105CA000A2CCA6CACEC6D2C4D6C2DAC05EDE62DC40
:105CB00066DA6AD8C1872E8963D0074C03C5C19DB7
:105CC000EFD01FB68964416A856A797B2A84938BF9
:105CD000D4007D1AA50A691B15E021653345A9008A
:105CE000F6406644D6444649B649264A964A064B8B
:105CF000F25B625CD25C425D256182808347040076
:105D00001307200A639DE70003552400171C002099
:105D1000034CFCD82286D285EFF0AFAB3DAA130727
:105D2000100903CCD19D6397E716834714001547EC
:105D3000639EE7002285EFF04FAE2285EFD0BFA72C
:105D400003C5C19DEFD0DFAD2A8479B73947639988
:105D5000E71603554400631B55050C4483C9050031
:105D6000639D0900850591C9194617150020130583
:105D700065D497E0FF1FE780601B171700200347DB
:105D8000E7D185476318F710638A09009717002049
:105D9000238607D04E85EFF00FDB45B789471717ED
:105DA0000020230DF7CEEF90E05441BF93872400ED
:105DB000631AF50683298400638E090C83C70900E2
:105DC0008DE383C7290003C71900A207D98F1717CE
:105DD00000202319F7CC83C7390017170020A30F21
:105DE000F7CA17170020034767CB89476314F70AE0
:105DF00083C7090081CB97170020238107CA03C5F9
:105E0000090051BF8D479715002083C535C9171567
:105E10000020035525C9171700202301F7C8EF40BC
:105E2000902AF1BF938754006318F5001C4403C502
:105E30000700EFF06FF111B7B3076501C207C18327
:105E40001147636FF700938701949C43E38707EE44
:105E50009C43E38407EE22858297E31005EE1DA89C
:105E60009387B400631FF500938781939C43E38677
:105E700007EC9C43E38307ECA2851385B40082976B
:105E8000E9BF9387C4006310F5021C4483C7070071
:105E9000E38507EA9307F00FE301FCEAA285628538
:105EA000EFD09F9E71BD9387E400E315F5FE9387C5
:105EB000C1939C43E38307E8DC43A285E9F3B5BDC6
:105EC0003D476397E70403554400E30275FF93875A
:105ED0009401E30EF5FC93873401E31DF5FA97175F
:105EE000002083D707BC639E47019387C1939C43DF
:105EF000E38507E4DC43E38207E4A28513853401EC
:105F0000BDBF938741949C43E38907E29C43E5B777
:105F10001307E003E390E7F88347240005476396FF
:105F2000E70E83476400138D0193F1E383270D008F
:105F3000D5CB03CC0700A14903457400930C840022
:105F4000E685EFE03FFA83474401A303A4008358AA
:105F500004010358E400035744002A860345340033
:105F60003EC283572401E686E2853EC0CE87EFF02D
:105F70004FCE8347340095E7DD478358040103582B
:105F8000E40083467400835544003EC283572401D5
:105F9000668705463EC06285CE87EF60A028A301D4
:105FA000A40083270D0081C71145EFF07FA503C52D
:105FB0000195E30405D883C51195EFE0BFBBE30E5F
:105FC00005D68346340093071003638AF600035610
:105FD00044004E8783C501953685EFE05FC4238872
:105FE0000194A1BB171C0020034C7CABA9B793877D
:105FF00001949C43171C0020034C7CAA91498DDF1F
:10600000DC439DDB0145829705BF29476390E70C80
:1060100083476400938C0193C1E783A70C00A5CF4D
:1060200003CC0700A14903457400930684009377CD
:106030002500C9C713761500130D440183470402D8
:106040008358C4010358A401035744000345340096
:106050003EC28357E401E2853EC0CE87EFF06FBFBA
:106060008347340095E7DD478358C4010358A401F2
:1060700083467400835544003EC28357E4016A8717
:1060800005463EC06285CE87EF60C019A301A4001B
:1060900083A70C0009BF171C0020034C5CA059B754
:1060A000938701949C43171C0020034C5C9F9149EB
:1060B000BDDBDC43ADDB01458297B5B7B68536CE97
:1060C000EFE05FE2F2462A86368D8DBF0947639D79
:1060D000E700938781939C43E38107C6DC43E38E0B
:1060E00007C42285829791B92D476399E70093876A
:1060F00081939C43E38307C49C47D5B70D476397BF
:10610000E70022868D450355440039B11947E393D2
:10611000E7D89305610213051031EF30113D2C10C3
:1061200013052031EF30713C035664008357810220
:106130000355440063E8C700835684000357610297
:1061400063F7E60093050002EF90801FFDB66374CD
:10615000E6002313E40063F4D7002314F40003578C
:10616000C4008356A400035684008355640001488C
:106170008147EF90A01CD1B693F7150081CF93878C
:1061800081939C4389C7DC4399C30145829713459A
:106190001900B9B693F7250081CF938701949C43EA
:1061A00089C7DC4399C305458297134529000DBE75
:1061B00093F745000145E38507B2938741939C43DC
:1061C00091CF854717170020230CF78C93870194F4
:1061D0009C4389C7DC4399C30545829797170020E4
:1061E0009387C78BC8472C10EF8060312810EFF0E1
:1061F000CFB19717002083D7078991CB130600648E
:106200003386C702914503C5C19DEFD05FB31345E7
:106210004900F9B4411122C42A84554506C6EFF05D
:106220004FD5B335A00022852244B24041016F9082
:10623000E00D797122D406D68D472E84631FF500B8
:1062400003D7A50083D6850003D665000345340037
:1062500083D54500EFF0AF9709A889671387D7006A
:106260006310E50403C5250019E58547B2502254A3
:106270003E8545618280938701939443FDD603C692
:10628000360083C50600814802C202C0014881472A
:1062900001479106EFF0EF9B0545EFF06FF6F1B780
:1062A0001387E700E303E5FC13873701631AE50072
:1062B00003C525005DD9014781460146814559BF87
:1062C000E507E304F5FA41677D178147E310E5FA36
:1062D00003C75500C947E31AF7F883D6E50003D68C
:1062E000C5000355840083D5A500EF90E00641C9A1
:1062F0005D45EFF00FC83335A000231CA100834596
:106300004400035524003008EF50B02F835781011B
:10631000A9FF6C0813051031EF30311D9305E10121
:1063200013052031EF30711C8357C10103578400DE
:106330006374F7002314F4008357E1010357A400AA
:1063400063F4E7002315F400835784000357A40087
:106350006374F7002315F40003552400EFB0002AFE
:106360000357E4008356C4000356A40083558400F9
:106370000355240001488147EF80507AFDB58547D9
:10638000231CF100ADBFC1671387E7FF639DE500E4
:10639000938701939C4395C383C707000D47639C74
:1063A000A7006F80F076FD1749476396F500938745
:1063B00001939C43FDF73A8582804947EDBF238EC8
:1063C000019423A2019623A00196970700209387AA
:1063D000E76E170700001307A74798C317070000C9
:1063E0001307C74AD8C3170700001307275B98C7CE
:1063F0009387419517070000130727F998C31707DC
:106400000000130747E3D8C38280797122D406D6EF
:1064100026D24AD04ECE52CC56CA5AC8034705009F
:1064200085472A84630AF70403468500930695008E
:106430009305F1000545EFE07F8F814719C1834740
:1064400005008346040011476380E6041387019624
:1064500018438D46034717006308D70295C70DC739
:1064600019ED0145B250225492540259F249624A40
:10647000D24A424B4561828081470145D9B7854662
:106480006318D7028D8BF1DF03451400130A240033
:10649000D285EFE03FA5A300A4001389419683278E
:1064A0000900AA8A81499304F00F99EB05455DBF65
:1064B0008946E318D7FA858BF9B7850993F9F90F5F
:1064C00083C7C19563FBF90203250900139B4900AB
:1064D0005A9583470500E38297FE83471500E39EA4
:1064E00057FD1946D2850905EFD06FEC79D5832485
:1064F000090003470400DA9485EC834604009147C1
:10650000E381F6F683270900A9DF03C6C195014799
:106510009305F00FE307E6F4BE84C10703C507FF48
:10652000630CB50A05071377F70FEDB788C4E5A02C
:106530009147631AF706C84405C58347840003469C
:1065400005006304F606034704009147631BF70642
:10655000C84419C597E0FF1FE780803E23A60400CA
:106560000345840091659385E571050597E0FF1F5C
:10657000E780603305C5034704009147631CF704B7
:10658000C8C483478400930594000505A30FF5FE56
:106590000346840097E0FF1FE7804099034584008D
:1065A0003335A000C1B5884441BF9305940005056B
:1065B000EFD0EFDF8547E318F5F85545EFF06F9B17
:1065C000BDA8884451DD97E0FF1FE780603723A412
:1065D000040079B788C475B72380D40083471400BA
:1065E000D28513852400A380F400194697E0FF1F8D
:1065F000E780C0930345840091659385F571050597
:1066000097E0FF1FE780202A05C503470400914754
:10661000E31EF7F0C8C48347840093059400050582
:10662000A30FF5FE0346840097E0FF1FE78000906C
:1066300083478400E39C07E6034504007D1513357A
:1066400015000DB5011122CC138441961C4006CED5
:1066500026CA4AC84EC652C499CF2E8AAA84014976
:10666000084063129902630C0A0497E0FF1FE78059
:10667000202D23A20196F2406244D2444249B249FD
:10668000224A0561828093194900B3073501884782
:1066900009C997E0FF1FE780A02A1C40CE9723A4DA
:1066A00007001C40CE97C84709C997E0FF1FE78045
:1066B00020291C40BE9923A60900050955B745DDD0
:1066C000139644008145EFD06FC8144081477D5632
:1066D00013F7F70FE37197FA1397470036972300E4
:1066E000C7008507F5B7011152C4138A01968327A5
:1066F0000A0006CE22CC26CA4AC84EC656C25AC086
:10670000C9CF2A89014419ED93874196944399CAC8
:1067100003C6C1952A8481479305F00F13F7F70F3D
:106720006367C708131534002105EFD08F8BAA8447
:1067300001E92145EFD0EF8AAA8421C501444D49E2
:10674000930700FD2380F4008547A3802401238163
:10675000F400A38184005DC41389840023A2240172
:106760008149938A4196130BF00F83C7C19563F358
:10677000F90031E883270A00A68503C50700EFD09A
:10678000AF90814503C5C195753D03250A0097E08B
:10679000FF1FE780E01A23A00196F2406244D24432
:1067A0004249B249224A924A024B056182801397BC
:1067B00047003697034707006305B70005041374C5
:1067C000F40F8507A1BF83A70A0093954900BE95E2
:1067D00083C70500638467032300F90083C715009E
:1067E000130529007D14A300F900194689051374C7
:1067F000F40F97D0FF1FE78060732109850993F993
:10680000F90FA5B723A20400B5B7411122C406C6EB
:106810002A8405E10945EFE0DFF52A8611C58545A3
:1068200003C5C19DEFD0AFD10545EFF0BF9E2A84CF
:1068300009C9854503C5C19DEFD02FE72285EFF03B
:106840009FEAB2402244054541018280896713874F
:10685000B700631AE500938701969C439DC39C454E
:1068600003C507005DB71387C7008147631CE500B8
:106870009C4503C50700854711C5938701969C4336
:10688000F5F381473E858280797106D622D426D2DF
:106890004AD04ECE52CC56CA5AC85EC679C9834732
:1068A0003500AA8985C7404115C05945EFE07FEC06
:1068B000931A850193DA8A410149138A0196130BD1
:1068C000000DB54B83C73900636DF900B2502254F7
:1068D00092540259F249624AD24A424BB24B456144
:1068E00082808307840263CD570783270A00ADCBDC
:1068F0002285EFF09FB12DC5034584005105EFC0FF
:106900005FEEAA8431CD2310650123017501834711
:106910000400194693052400A301F50083078402AF
:1069200015052303F50083471400A30FF5FE97D048
:10693000FF1FE780A05F034684002386C4001DC6B6
:106940001385440188C89305940097D0FF1FE78002
:10695000E05D83270A00A68503C50700EFC0DFF2CC
:106960000509130494021379F90FA9BF23A80400A1
:10697000CDB7938701969C43B1DBEFF0DFD622546D
:10698000B25092540259F249624AD24A424BB24B37
:10699000014545616FF01F88797106D622D426D251
:1069A0004AD04ECE52CC56CA5AC85EC671C1834731
:1069B0003500AA8985C7444195C05945EFE07FDB82
:1069C000931A850193DA8A410149138A0196130BC0
:1069D00000FDC14B83C73900636DF900B2502254EA
:1069E00092540259F249624AD24A424BB24B456133
:1069F00082808387F40063C8570783270A00A5C7EE
:106A00005145EFC01FDE2A8439CD23006501A30064
:106A100005002301750183C70400194693852400EE
:106A2000A301F5008387F4001505A306F50083C7CD
:106A30001400A30FF5FE97D0FF1FE780204F83C7F8
:106A40008400938594001305C400A305F40019463F
:106A500097D0FF1FE780804D83270A00A28503C5DA
:106A60000700EFC07FE20509C1041379F90F9DB754
:106A7000938701969C43BDD3EFF0FFC62254B250DA
:106A800092540259F249624AD24A424BB24B0145F2
:106A900045616FF02FF883C7F19DA18B1385419558
:106AA00091E301456FE08F9D411122C485452A8401
:106AB00003C5C19506C6EFF0FFB883C7F19DA98B4A
:106AC000A5CB17050020130565FF238E8194EFE009
:106AD0008F9A138441961C4091C74D45B240224481
:106AE0004101828003C5C19519E10145C5BF91658A
:106AF0009385B571120597E0FF1FE780C0DA23A2E6
:106B0000A19661DD03C6C19512068145EFD00F84C1
:106B1000104083C6C1958147FD5513F7F70FE37603
:106B2000D7FC1397470032972300B7008507F5B7C6
:106B30000145238E0194EFE00F9445BF9387419365
:106B4000884301CD411106C697E0FF1FE78040DF73
:106B5000B24023AA0192410182808280011122CC9D
:106B600006CE8D472E846316F50603C73500E94728
:106B700003D545006318F7009707002083D767F215
:106B80006385A706EF50603509C583576400231756
:106B9000F5000357A4008356840003566400835510
:106BA000440003453400EFE09F82035744009707F9
:106BB000002083D707EF6308F7008547F24062445F
:106BC0003E8505618280FD5717070020231BF7ECE7
:106BD000EDB78967CD07631DF50083C725003147F1
:106BE0006385E7004547E39AE7FCEFE0AF8FF1B735
:106BF00041677D178147E313E5FC83C6550049478C
:106C0000E39EE6FA83C545000355240030002314B3
:106C10000100EF50E01955B7797122D413844193E4
:106C20001C4006D626D24AD00545A5C30D45EFE047
:106C30005FB4AA841145EFE0DFB32A899305F1011F
:106C40001305F041EF10512C0347F1019707002085
:106C500083C7E7E4B336F00011C389061C4036C68B
:106C600003C5370093854700EFE04FA31040B246BD
:106C70002A878348B6000348A600930746000346C8
:106C80002600CA852685EF806067B2502254925450
:106C9000025945618280FD57238EF1842394019629
:106CA00023A8019623AA019623AC019697070020FA
:106CB000938787E1170700001307C70798C31707D3
:106CC000000013070735D8C317070000130707F59F
:106CD00098C7970700009387A7E823A6F1968280BC
:106CE000411126C2938441939C4006C622C485CF9D
:106CF0002A840D45EFC0FFAEAA8519CD930700FD8C
:106D00002300F5008D47A30085002301F5009C407A
:106D100003C50700EFC05FB719C42244B2409244D4
:106D200041016FF0BFE1B2402244924441018280B0
:106D3000797126D283544500896706D622D44AD079
:106D40004ECE52CC13876700639DE4029387419334
:106D50009C43014481CF1845034507000DE10547D9
:106D6000A380E7000545EF80205A05442285B250F4
:106D7000225492540259F249624A456182808D3709
:106D8000EDB7138797006365970403C7C185930721
:106D9000F00FE30CF7FC1C45114503C40700EFC0DE
:106DA0005FA4AA8579D1930700FD2300F5008947E8
:106DB0002301F500F977E117BE9493B41400A30002
:106DC0008500A301950003C5C185EFC0FFAB71BF6E
:106DD000A9070144E39CF4F8138941938327090030
:106DE0004A8AC9D7184503C4170085478349070055
:106DF000630EF4029707002083C787CABDF70D45CD
:106E0000EFC03F9EAA8505C1930700FD2300F50052
:106E10009147A30035012301F5008327090003C52D
:106E20000700EFC07FA6EFF07FD181B7938701976E
:106E30009C4391EF0145EFE0DF932A8611C6894517
:106E400003C5C19DEFC0BFEF83270A00A9A003C6F9
:106E50000700938617009305F1000545EFD01FED5D
:106E600071D983470500858BF1D70545EFE07F9009
:106E70009307B003AA8463FDA7025D66130606703C
:106E8000894503C5C19D938444FCEFC01FFF239433
:106E90009196832709000947A380E7009707002000
:106EA00083C707C099CB97070020238B07BE7DBD02
:106EB000130600643306C50251B74E85EFF05FE25A
:106EC00075B5938741939C43011122CC06CE26CA07
:106ED0004AC8454499E783C7F19D13F7570009EB6A
:106EE00049442285F2406244D2444249056182808D
:106EF00013870197184341446DD70347070075D3A3
:106F0000858BAE842A89D9C783C704000547F91742
:106F100093F7F70FE366F7FC91659385757131453B
:106F200097E0FF1FE780209823AAA1924D4455D9EE
:106F300023002501A30005002946A685090597D051
:106F4000FF1FE780A0FE930571001305F041EF10CD
:106F5000A17B83477100B9E717070020034727B4D7
:106F60008D476311F704EFE0EF812C00EF7020599B
:106F70002800EFE08FD94545EFE0AFFF014435D160
:106F8000130600643306C502914503C5C19DEFC0D9
:106F90001FDB81BFEFE03FBE2A84EF50C00BE375DB
:106FA000A4F69DBFEFF05FC72A8405DDEFF01FB99F
:106FB0000DBF411126C2938441939C4006C622C452
:106FC000A1C383C707000D44639DA702894503C57C
:106FD000C19DEFC09FED914503C5C19D23940196CE
:106FE000EFC0BFEC97070020A38C07AA9C40014587
:106FF000A38087002244B240924441016F80C03098
:1070000049442285B2402244924441018280411188
:1070100006C685476312F50683D78196A1C7170771
:1070200000200347E7A71DEF1307B0036367F702CC
:10703000894503C5C19DEFC05FE79307006403D690
:1070400081963306F602894503C5C19DEFC03FCF47
:1070500023940196B24041018280938747FC239498
:10706000F196CDBF938741939C43EDD7B24003C5C2
:10707000070041016FF0FFF3938741939C43F9DBD5
:1070800083C7F19D918BF9D7894503C5C19DEFC099
:10709000DFE1B2402394019641016FF03FAA83C71C
:1070A000F19D958BCDC79387019799E19387819740
:1070B0009C43D1CFFD4763EEC70811C2D9CA411125
:1070C00022C426C206C64AC0238EA184B684328456
:1070D000A1C113890197032509007D468145050556
:1070E000EFC0DFA603250900A6852286050597D0F7
:1070F000FF1FE780A0E38325090022852380850008
:107100002244B24092440249850541016F80401FEC
:1071100013898197032509007D4681450505EFC048
:10712000FFA203250900A6852286050597D0FF1F2B
:10713000E780C0DF83250900228523808500224463
:10714000B24092440249850541016F80A01B494528
:10715000828009458280011106CE22CC26CA4AC807
:107160008D4763FAA70009442285F2406244D24465
:107170004249056182801707002003472792414456
:10718000E314F7FE9307F5FF93F7F70F85462E8478
:10719000AA84170900200349899063EAF60685E965
:1071A00099452800EFD0BFAE914503C5C19D970713
:1071B00000202386978EEFC05FCF97070020A38122
:1071C000078E3DC097070020238B278D71BF19467E
:1071D00081452800EFC09F9719462C002285EFC0FB
:1071E0001F9D51F119469305F00F2800EFC01F961F
:1071F00019462C002285EFC09F9B35F5A2851946C4
:10720000280097D0FF1FE78060D2014471BF01447E
:10721000E31CE5F89707002093874788C8472C00B0
:10722000EF70E02D2A8449B799E0014435BF28006A
:10723000EFE0AFAD2A8459F58D47E398F4FE45455C
:10724000EFE02FD31375F50F97070020A38AA784CB
:1072500069DD5D6613060670914503C5C19DEFC0EB
:10726000DFC119B783C7F19D918B99CF4111138568
:10727000C19606C6EFD05FA1B240FD5717070020A8
:107280002311F7824101828001456FD0FF9F9387D0
:1072900001978843411122C406C626C23E8419C5FF
:1072A00097D0FF1FE780C06923A801969387819735
:1072B000884319C597D0FF1FE780806823AC0196EB
:1072C0009384C19D83C73400958BA5CF17F5FF1F0D
:1072D0001305857FEFD0FF9A83C73400958B99E71C
:1072E0004D45B2402244924441018280916493858D
:1072F00064711305000297D0FF1FE780C05A23A8CE
:10730000A19679DD130600028145EFC03F84938585
:1073100054711305000297D0FF1FE780C05823ACBB
:10732000A19601C9130600028145EFC03F820145C5
:107330004DBF084097D0FF1FE780806023A80196CB
:1073400045B70145EFD0FF93DDB703C7050093763E
:1073500025009377D70F99C29367270013188501EB
:107360001358884113F7F7076354080013E7070819
:10737000937685009377770F99C293678700137789
:10738000050293F6F70D19C393E607022380D50093
:10739000634508009377A50281CB8347060093E7F6
:1073A000C7002300F60082807DFD83470600CD9B49
:1073B000CDBF2D456317071403C805000947631E99
:1073C000E812C84103471500034505002207498F0D
:1073D00042070D654187930825A06309170B01112A
:1073E00022CC26CA4AC84EC606CEBE89B68432848E
:1073F0002E8963CEE800930705A0630DF7021305FD
:1074000015A0630EA704239004000545A5A09307CB
:1074100045A06307F7086346F706130565AAE3145A
:10742000A7FE85472390F600DC4583C707002300AD
:10743000F60081A0C845EFC08FF2420541814E861B
:10744000637335012A862390C40042064182832556
:10745000C900228597D0FF1FE78040AD19A8DC4501
:1074600083D70700239006012300F600A183A30021
:10747000F6000145F2406244D2444249B2490561F6
:10748000828099472390F6001946D1B7854723900B
:10749000F600DC45014583C707002300F600828023
:1074A000DC45A9CB21472390E60003D70700230042
:1074B000E60003D707002183A300E60003D72700D7
:1074C0002301E60003D727002183A301E60003D7A9
:1074D00047002302E60003D747002183A302E6000A
:1074E00003D767002303E60083D76700A183A303C4
:1074F000F60041B723900600ADBF23900600054576
:107500008280828083C8050089476394F814DC4137
:10751000797122D406D626D24AD04ECE52CC03C898
:10752000170083C707002E8422083368F80042083A
:107530008D6713580841138327A0630D680E2A8AAC
:107540003A89B684B285634C0301138707A0630AA6
:10755000E802938717A06304F808854711A81387EA
:1075600037A06305E80A138767AA8D47E317E8FE8B
:10757000B250225492540259F249624A3E85456102
:107580008280484432C6EFC08FDD420541819D476D
:10759000E36025FFB3099900D547B24563D43701AD
:1075A000B547F9B748442686C2094A9597D0FF1FC8
:1075B000E780C097484493D90901594633063641BC
:1075C00081454E95EFC08FD8938701989C4399E3EE
:1075D000814779BF9C438145E5DF528535A0AD47A2
:1075E000E31809F8E39E16FB83471600834606005E
:1075F0005844A207D58F2310F700938701989C4326
:10760000E1DB9C438545E9D78297D9B7AD47E311C4
:1076100009F69947E396F6F84844194697D0FF1FB4
:10762000E780C090938701989C43DDD39C43CDD3E2
:107630008D4565B7AD470DFF8547E393F6F60347E4
:10764000060093070008E3E5E6F2DC452380E70047
:1076500041B785473E85828023A0019889472380D2
:10766000F18617F6FF1F1306E64681475947B30612
:10767000F600238006008507E39BE7FE8947A38E7B
:10768000F184A380F186239E01963707A00013079B
:10769000070523A2E1863707E80323A4E186A38F29
:1076A000F1840547238FE18497D6FF1F238EF66868
:1076B000238F0196978601009386862197D5FF1F19
:1076C00023A6D56897D6FF1F2384E66897D6FF1FA9
:1076D00023910668978601009386861C97D5FF1F25
:1076E00023AAD56697D6FF1F2388F66697860100E2
:1076F0009386061C97D5FF1F23A2D56697D5FF1F3B
:107700002380E56697D5FF1F239D05649385018639
:1077100017D5FF1F2328B56497D5FF1F2386F5646F
:10772000978501009385451917D5FF1F2320B56460
:1077300097D5FF1F23A0C56417D6FF1F2320D6644B
:1077400017D6FF1F230EE66217D6FF1F2306F66229
:1077500017D6FF1F231706621386D18597D5FF1F03
:1077600023A2C56217D6FF1F2300F6621786010009
:107770001306861397D5FF1F23AAC56017D6FF1FD0
:107780002308E66017D6FF1F231506601386C197EE
:1077900097D5FF1F238EE55C97D5FF1F239B055CC4
:1077A00097D5FF1F23A8C55E17D6FF1F2328D65ED7
:1077B00017D6FF1F2306E65E17D6FF1F230EF65CC3
:1077C00017D6FF1F231F065C1386118697D5FF1F50
:1077D00023AAC55C17D6FF1F2308F65C1786010095
:1077E0001306C60E97D5FF1F23A2C55C17D6FF1F31
:1077F0002300E65C17D6FF1F231D065A1386418619
:1078000097D5FF1F23A8C55A17D6FF1F2328D65A7E
:1078100097D6FF1F2386E65A97D6FF1F2393065A53
:107820009386F18517D6FF1F232ED65817D6FF1F34
:107830002304F65897D6FF1F2388F6589787010030
:107840009387C70697D6FF1F23A2F65897D7FF1F27
:107850002380E75897D7FF1F239D07569387E1851D
:1078600017D7FF1F2328F756970700009387A7B461
:1078700017D7FF1F2322F756970700009387C7C823
:1078800017D7FF1F232CF75497D7FF1F23AA07549E
:107890008280A54763ECA70C178701001307479A5E
:1078A0000A053A951C41411122C426C206C6BA9760
:1078B000B2842E848287D547614563E5B702594675
:1078C000814517F5FF1F1305E520EFC02FA822867D
:1078D000A68517F5FF1F1305E51F97C0FF1FE7805B
:1078E000E0640145B24022449244410182808947CC
:1078F0006145E399F5FE83570600239EF196D5B7BF
:10790000A1476145E390F5FE2146A6851385418692
:10791000EF608127F9B785476145E395F5FC97D777
:10792000FF1F93876742D04F97D5FF1F938545442C
:1079300003C50400EFF07FA16DB785476145E39370
:10794000F5FA97D7FF1F93872740D05F97D5FF1F82
:1079500093850544F1BF85476145E395F5F8834775
:107960000600238FF184B5BF0945ADBF094582806C
:1079700083C7E19795E38547238FF196058909CD64
:1079800097D6FF1F938646454146A54517D5FF1F4D
:107990001305853B6F20603B0145828001111388F0
:1079A000F5FF06CE22CC26CA4AC84EC652C413786A
:1079B000F80FAD4563EE050BBA890A081787010079
:1079C0001307878A3A983E8A832708003689B2844B
:1079D000BA9782878545EFD0EFC72A8419E1EFF087
:1079E0001F8B2285F2406244D2444249B249224A66
:1079F000056182808945EFD0EFC52A847DF1268517
:107A0000EFF08F8AF9BF9145EFD0CFC42A8471F986
:107A10005286CE854A85EFD04FBAEFF05F87EFF000
:107A20007F84EF60B06075BFA145EFD0AFC22A84FC
:107A30004DF95286CE854A85EFD02FB82685EFF0D6
:107A4000AF86EFF04F85EF60D04061BFB145EFD01A
:107A50006FC02A8459F55286CE854A85EFD0EFB59E
:107A60002685EFF06F84EFF00F83EF60903E75B7DF
:107A7000094485BFBD47638CF50663E9B702A54796
:107A80006387F50663EDB7009947638CF5049D475E
:107A9000638FF5049547638CF50401458280B547F3
:107AA0006387F50463E1B704AD47F5B7DD47638E3F
:107AB000F50263EAB700C947638BF502D9476386CD
:107AC000F502C547C9BFF5476383F50263E4B70014
:107AD000ED47D1B793072005638BF5009307200D81
:107AE0005DBF4845828008418280084582804841C8
:107AF00082809307F00F630CF506011126CAAA8451
:107B00001305000222CC4AC84EC652C456C206CE45
:107B10003A89B689B28A2E8AEFB0BFCC2A844D4505
:107B200015C8930700FB2300F400A30054012311A0
:107B300044012302340113058400614663050902F0
:107B4000CA8597C0FF1FE780603EA2852685EFB0FB
:107B5000BFD30145F2406244D2444249B249224A6D
:107B6000924A056182808145EFB05FFEF9BF094509
:107B70008280011122CC06CE2A842306B100A306FE
:107B8000C100EF40803519CD0347C500A147631FF1
:107B9000F70078009306E0070146A28503C5C18679
:107BA000EFF03FF5F2406244056182807800930671
:107BB000E0070146A28503C5D186DDB793070064BF
:107BC0003306F6026FC0AFA005C90347050085461E
:107BD0009307270093F7F70F63F0F602411122C4D1
:107BE0002A843A8506C6EFC06FB0FD572300F40023
:107BF000B2402244410182808280035705009307EE
:107C0000000B6313F702834745004947639CE70075
:107C10000347150185476399E7000355250085450E
:107C20006F20303C6D47C5BF8280011122CC06CE4B
:107C30002A842EC632C436C2EF40202A0DC983469C
:107C4000C500A14712472246B245639CF600B286A2
:107C500003C5C1862E86A2856244F24005616FF09D
:107C60005FE9B28603C5D1862E86A285F5B7F240BC
:107C7000624405450561828023A6A1988280011196
:107C800022CC26CA06CE2A84AE84EF400025A685E3
:107C90002285EF2041610DE5228523169100EF40FA
:107CA000C02319CD0347C500A1476310F702780030
:107CB0009306F0070146A28503C5C186EFF07FE376
:107CC000F2406244D2440561828078009306F00756
:107CD0000146A28503C5D186D5B7011126CA06CEB5
:107CE00022CCDD47B68463E3B708D94763FFF50AC2
:107CF000A5476382F50A63EFB7049547638DF508DE
:107D000099476388F50A0544C167FD176317F608AC
:107D10003AC6EF20015D3306854032474206418274
:107D2000420441803305C400420593650708418140
:107D300032C6EF20303BAA8749C181C43246239026
:107D4000C400B30580406244F240D2443E850561E0
:107D50006F20C13AC5476380F504C9470D44E394D9
:107D6000F5FAC167FD17E31DF6FA5DB7F5476380C5
:107D7000F50463E4B700ED47D5B7930720056388A2
:107D8000F5029307200DE390F5F8C167FD170D4448
:107D90006319F600B5BF094485BF9307200DE39131
:107DA000F5F8310642064182A5BF15445DBF0D447A
:107DB0004DBFC167FD171D447DB7F2406244D244F8
:107DC0000561828079714ECEAE89C16526D20147A8
:107DD000AA84894617860100130646B0FD1505459D
:107DE00022D406D64AD0EF009060054431CD2A89CE
:107DF0001307300281461146F5452685EFF0FFED69
:107E00002AC6554431C18357A900CE8601462314A2
:107E1000F10091472315F10085472300F500B24793
:107E20002C002685A38007003247FD572301F70069
:107E30003247A301F700EF0050512A8411C53245A3
:107E400097D0FF1FE780C0AF2285B25022549254D2
:107E50000259F24945618280411106C6EFF09FC187
:107E600019C5B240410117D3FF1F670063ADB2408F
:107E700041018280A386A1868280011106CE2AC696
:107E8000EF20612D3245FD579145A386F18623866B
:107E9000F18623A4019823A601982382A198EF20BC
:107EA000901FF24005616F10D07F93970501C18745
:107EB00063D60712797103C5419822D44AD006D6F9
:107EC00026D22E89EFB0DF952A8449CD03470500DD
:107ED0009307000A6315F70885474C08A305F100CE
:107EE000EF202133AA8405ED834761017147637454
:107EF000F708138717FE1377F70F9306000263F353
:107F0000E608858BC5C7938781989C43994481CBAC
:107F1000035524001306B1004C088297AA848347B6
:107F2000B10099C7084409C597D0FF1FE78040A159
:107F300095E05247B7070001938707F07D8FB70799
:107F4000120093870710630CF70003476101ED47A8
:107F50006317F700035524008545EF20900822851C
:107F6000EFB07F85B250225421653345A900925469
:107F70000259456182803707301405073357F700EF
:107F8000058B41D31387C198184351DB0347510137
:107F900059F72306F10099472308F10003552400FF
:107FA0006C0023170100EF20A14595BF9387C1986E
:107FB0009C439DC3035524001306B1004C088297CF
:107FC00039DDAA8483475101B9FB83476101230846
:107FD00091002306F100D9B79944EDB7014582809D
:107FE0000145828083C6119E814763E5D700014722
:107FF0003A8582802E87910503D6C5FFE30AA6FE47
:108000008507E5B70DCD834725000547890793F719
:10801000F70F6376F702411122C406C62A848355FE
:108020000500034535000147F9465D46EFF07FAC9A
:10803000F9572311F400B24022444101828082802A
:1080400003C7119E8147FD5663E3E700828023103A
:10805000D5002301050085071105FDB70145828084
:108060009385B1879307000285462380F500FD576D
:10807000238DF186A387F1862387F186239CD18601
:108080002398019823AC019823A4019A23AE019868
:1080900013860187978701009387C7825CC2238973
:1080A000019897D7FF1F9387E7D309472300E6007E
:1080B0002380E7002388E7002380E7022388E70284
:1080C000177701001307077FD8DB0D47238CE702E2
:1080D0001387419918432384D700D0C7238CD70036
:1080E000177501001305C57E177601001306467C3F
:1080F000977601009386867EC8C323950700D0CB70
:10810000239D0700CCCFD4D32384070223950702F5
:1081100023A60702239D0702D8DF97D7FF1F938767
:1081200067D0170700001307870C23A00700D8C3E8
:1081300023A407008280411106C6EFF0BFEA11C5F3
:1081400003452500B240410182800145E5BF411150
:1081500022C426C24AC006C6AA842E893284EFF001
:108160007FE811E94165CA857D15EFF0BFE7C54796
:1081700011C523109500230185008147B240224498
:10818000924402493E854101828029E7894835476A
:1081900063931605011106CE22CC26CA03471600AA
:1081A0000346060093C7F7FF2207598EF18F32C6A8
:1081B0008DE7C4452A84A685EFF0FFF732460147D4
:1081C000630FA60022856244F240A685D244056171
:1081D0006FF0FFF72D473A85828013070008F240C1
:1081E0006244D2443A850561828083C8050009480B
:1081F0006395080303A84500834718000348080057
:10820000A207B3E70701C2070D68C18713082890CA
:108210006395070189476FF05FF70545828003C7C3
:10822000F1869307F00F630AF70441114AC02A89C7
:10823000294522C426C206C63284AE84EFB06FDA66
:108240001DC59307100B2310F5002302050023140E
:10825000850022442311250123139500B240924446
:108260000249AA8503C5F18641016FB0EFE1B24032
:1082700022449244024941018280828041119387C5
:10828000419926C2AE848C4322C406C62A84EFF0EC
:108290009FEA098909C922852244B240A6859244F1
:1082A00041016FF03FB2B240224492440545410182
:1082B0008280411122C426C24AC006C6AA84130481
:1082C000450013090504835704008DC3084409C5FC
:1082D00097C0FF1FE780C066228531468145EFB019
:1082E000FF863104231A04FEE31F24FDB24022441A
:1082F000FD572390F4000249924441018280938704
:10830000019A984303C6119E81476315F600814682
:1083100036858280BA8613070704835507FCE389F4
:10832000A5FE850793F7F70FCDB79387819A9C43F6
:1083300099C703D74700E31CA7FE88478280014501
:108340008280411106C6EFF05FFE09C50845B240C4
:10835000410182800145E5BF011126CA9384450091
:1083600022CC4EC606CE4AC852C456C25AC0268730
:10837000814901448146814715450356070045CE92
:10838000C9E20354470083572700B286A297C20769
:10839000C18385093107E392A9FE35C42E89916511
:1083A00093854570228597C0FF1FE780C04F2A8BB9
:1083B00039C9814A014A8C4485C503D64400330536
:1083C0004B0197C0FF1FE78060B683D74400884405
:1083D0003E9A420A135A0A0197C0FF1FE78040568F
:1083E00063870A00314681452685EFB02FF6850A5E
:1083F000B104E3E23AFD232669012314890005450F
:1084000021A0630DD6000145F2406244D2444249A6
:10841000B249224A924A024B0561828003562700E4
:10842000E313F6FE035647003294B2974204C207A4
:108430004180C183B9BF0545E37835FDB9BF938756
:10844000C1999C4399E30145828098470357A7004F
:10845000E319A7FE138547008280411106C6EFF09D
:108460001FFE11C503550500B24041018280014540
:10847000E5BF411106C6EFF09FFC11C5034525007D
:10848000B240410182804145E5BF411122C42A84A6
:108490002E8506C6EFF0FFFDAA8505462285EF3042
:1084A000902695476305F500BD476313F500214508
:1084B000B240224441018280411122C42A8409052C
:1084C00006C6EFF06FF0FD57A301F400B24022445E
:1084D000410182809387419A9C4303C7119E2A865B
:1084E000050781463E8583D707006388C700850658
:1084F00093076500E3E8E6FE01458280411122C44E
:10850000416406C626C29307E4FF630EF500AA8401
:1085100085E1EFF03FFC01E91305F4FFEFF09FFB6D
:1085200019C123109500B240224492444101828037
:1085300085476394F504EFF0FFF92A846DD5FD5764
:108540002310F500834724001307F00F6384E7022C
:108550001307E00F638AE700034534000147F9463B
:108560005146A685EFF0EFD82285EFF0FFF4FD57D6
:108570002301F400230204007DB78947E395F5FA4F
:108580008545EF30303645F12685EFF0BFF42A847B
:1085900055F951BF5D71A6C24EDE86C6A2C4CAC0DF
:1085A00052DC56DA5AD8AE8483C52500F947AA8929
:1085B0006396F504EFF01FF22A8409ED0144228549
:1085C000B640264496440649F259625AD25A425B52
:1085D00061618280834725000547890793F7F70F7C
:1085E000E37EF7FC034535000147F9460146CE8599
:1085F000EFF02FD02285EFF03FECC9B783AA04003B
:10860000B7070001938707F037071200B3F7FA00A6
:1086100013070710328A0149638AE7022EC6EFF07A
:108620007FEB2A89B2451DC10346450005C2931759
:108630008601E187E3C407F84E85EFF08FD38347C7
:10864000490093E707F82302F9008DBF03C7A1870C
:108650009307F00F1944E304F7F6E147E3E1B7F6B7
:1086600093D71500FD178E07177701001307C7C2B0
:10867000BA9703A80700E30408F403AB4700E3003C
:108680000BF4C20A93DA0A0163850A00C947E3982A
:10869000F5F283D64400904483C5140003C504005A
:1086A000380802982A8401FD2C084E85029B2A84F2
:1086B00021C983C71400E39407F083C72400230A69
:1086C000A10039472308F1006399E7026247834715
:1086D000170003470700A207D98F0C084E852319FE
:1086E000F100EF10F151E30B05EC14080546D945F4
:1086F0004E85EFF08FD32A84D9B583578101F1BF1E
:1087000083C624009147E38BF6EA38080146CE85FC
:1087100003C5A187EFF0EFBD2A84E31205EA83C504
:1087200024002808EFF00FB519C123000A00984073
:10873000B7070001938707F07D8FB7071200938773
:108740000710E30DF7E6E30B09E683C724002302D5
:10875000F900B5B5011106CE2EC6EFF0BFD701CD99
:1087600083474500B245138717006396E50093F7EA
:1087700007F82302F500F240056182809387C199D2
:10878000984319E3014615A81C4703D8A700636B5B
:10879000050183584700B38608016355D50081461B
:1087A000639416011843F1BF3E86C10703D3A7FFA8
:1087B0006317A30099C12390050132858280850645
:1087C000C206C182F1BF397152D42E8A4ED69305AA
:1087D000E101AA89528522DC4AD856D206DE26DA81
:1087E000328936C63AC4BE8AEFF05FF9054435C512
:1087F000AA840355E1013944EFF03FB339CD032892
:108800004500630C08042247B246D6874A86A685EF
:108810004E8502982A8431E19307E00F638FFA02B4
:1088200003C704008947631AF702D840834717003B
:1088300003470700A207D98FC2070D67C187130737
:108840002790639CE7008347190003460900D285FF
:10885000A2075D8E4E85EFF09F9C2285F2506254F8
:10886000D2544259B259225A925A21618280797166
:1088700022D4035425004ECEAA89228556CA06D694
:1088800026D24AD052CC5AC85EC662C4AE8AEFF035
:108890001FA701E92285EF204107594429E9014436
:1088A000B9A003C789008547AA840144631AF70267
:1088B000AA8513858900EFF03FAA29CD03D764006C
:1088C00083D68400D04483D5440003D52900E147F2
:1088D000EFF07FEFD9472A846318F50223A604003E
:1088E0002685EFF01F9D49C0D947E30AF4FA228597
:1088F000B250225492540259F249624AD24A424B2F
:10890000B24B224C4561828061DD83D744002390C5
:10891000FA00F9B713894400014A914B594C154BA1
:1089200083550900D5DDE14763067A010357C90085
:1089300011C3D947035729008356490003268900EC
:1089400003D52900EFF03FE82A8463198501232429
:108950000900050A3109E3156AFD59B77DD9835726
:1089600009002390FA00F5B703D529002DB70111AE
:108970002317C1009307E00F1306E1000147894662
:1089800006CEEFF05FE4F24005618280797122D477
:108990002A840355850026D2AE849305210106D68C
:1089A0004AD0EFF0BFDD6308050E834785002AC675
:1089B00093F707028DCF03552101EFF09F98AA8707
:1089C000B24501ED8357840039452390F400B2503D
:1089D000225492540259456182800355240049462D
:1089E000829711C5835784002390F400CDB70359B3
:1089F00024004A85EFF0BF9011ED41657D15EFF041
:108A00001F9019E58357840025452390F400C1B7D2
:108A1000231025011307450081479546035607009B
:108A20002DE63147B387E702130984003146CA8532
:108A300091073E9597B0FF1FE780404F3146CA85AA
:108A4000480897B0FF1FE780604E0356C4000355E7
:108A5000240041478146DD45EFF02FA82ACE19E5D5
:108A60008357840045452390F40095B70C4803567E
:108A7000C40097B0FF1FE780604B035524004C08EB
:108A8000EF10716429D5594599B785073107E397E8
:108A9000D7F8254581BF0545B1B7797122D42A841D
:108AA0000355850026D2AE849305E1014AD006D64F
:108AB0003289EFF0BFCC51C58347850093F7070299
:108AC000A9E7034714019307200519E383474400EE
:108AD0008356A40050448355840003552400014765
:108AE000EFF07FCEAA8721E98347140199E7035568
:108AF0002400EF107158D94711E18147B250225438
:108B0000925402593E85456182802AC60355E1018F
:108B1000EFF03F83AA8705C9B245035524004946B3
:108B20008297AA8759DD035784002390E400034706
:108B3000140161F7E1B75947E317E5FE2300090087
:108B40006DBF8547CDB7B947F9BF397122DC4AD827
:108B50004ED652D406DE26DAAA892E8A32C6368945
:108B6000EFF05F97094415C5834725001307E00F11
:108B7000AA845D44638FE7001307F00F5944639A9A
:108B8000E700324605E2D2854E85EF10F15B2A847C
:108B900015CD2285F2506254D2544259B259225A0C
:108BA0002161828003550A009305E101231F010022
:108BB000EFF0DFBC0355E101EFF0BF8BAA8505465E
:108BC0004E85EF3040342A845DDDE1B79307F00F26
:108BD000E301F9FC938624007946A68517F5FFFF8B
:108BE00013058542EFE09FFDA38124015DB7397134
:108BF0009387C19926DA844352D45AD05ECE62CC90
:108C000006DE22DC4AD84ED656D266CA2A8BAE8BF6
:108C1000328C368A99E08149B9A0804483DC4400D3
:108C20000149835AA400631499018440E5B783572E
:108C3000A400A28963F867010509420913590901D3
:108C40004104D5B7E3EAFBFE630C0A008345040048
:108C50004840D28662863AC6EF10E154324769DD59
:108C600019C323105701F25062544E85D254425911
:108C7000B259225A925A025BF24B624CD24C216199
:108C8000828003D7050083D62500854763E9E60483
:108C900039C7411183C6450026C29384550022C4BA
:108CA00026862E8417750100130585C2894506C6E0
:108CB000EF10614FC14711CD834644008355240016
:108CC0000355040001472686EFF07FF2814711E14A
:108CD000A947B240224492443E85410182803E85AC
:108CE00082802E860355060083D52500854763E2E2
:108CF000A50205C18346460041110147150606C677
:108D0000EFF0FFEE814711E1A947B2403E854101F6
:108D100082803E8582802E860355060083D52500FD
:108D2000854763E2A50205C183464600411101471C
:108D3000150606C6EFF0BFEB814711E1A947B24027
:108D40003E85410182803E85828039714ED683D72F
:108D5000250083D9050006DE22DC26DA4AD852D463
:108D600056D25AD05ECE62CC66CA6AC863E0371962
:108D70008547638E0914416BAE8A2A8A2314010049
:108D800002C6014401497D1B894B054CC94C054D68
:108D900083D52A000147814601464E8523130100F1
:108DA000EFF0FFE4AA846300051209EC1307200228
:108DB000930661005A8695455285EFE01FF22A849A
:108DC000630805120357810083C7040045C70347A2
:108DD000A100630CA70741476385E7022C00528579
:108DE000EF10617709CD34001546D9455285EFE083
:108DF000DFE311C5324597C0FF1FE78060B48147AC
:108E0000F9A083D7A4004146130524002300F400F1
:108E100083D7A400A183A300F400CC4097B0FF1F28
:108E2000E780C0104904835781008507C207C183CA
:108E30002314F10063F9270983D7A4006385670928
:108E40008509C20993D90901A1B7E39977F983D7B5
:108E5000A4000946130524002300F40083D7A400CE
:108E6000A183A300F400CC4097B0FF1FE780000C63
:108E7000110455BF22C60359610003C7A40013059E
:108E8000240063827703335999032305710123007A
:108E9000E40083D7A4004146A183A300F400CC40A2
:108EA0001379F90FA5BF230581012300E40083D7BF
:108EB000A400135929001379F90FA183A300F4002A
:108EC0000946CC4055B78357810089FBA947F2502A
:108ED0006254D2544259B259225A925A025BF24B0E
:108EE000624CD24C424D3E85216182808547C5B798
:108EF000C547F1BF03C7619B854763F3E7060111CF
:108F000022CC26CA4AC806CE2A843289AE84EFF023
:108F10006FDC01C9034725009307E00F5D45630837
:108F2000F700631C0900A6852285EF10D11EF240D0
:108F30006244D24442490561828003D5040093050E
:108F4000E10023170100EFF07F830355E100EFF00C
:108F50004FD2AA8505462285EF20F07A69D5C1BF98
:108F60005945828013F7050201C7B2856FF0EFD132
:108F7000411126C24AC006C622C413F98500AA843C
:108F800063170900139785016187635D07023285C6
:108F90003684EFF00FCEAA8505466313090001461B
:108FA0002685EF20507601E90145B24022449244E3
:108FB00002494101828083479400E5DB83478400B6
:108FC000E5F7E5B793F72500E5F30D45F9BF7971AE
:108FD000AE8622D42A8403D506009305E10106D685
:108FE00036C6EFF0AFF909CD83458500B24603568A
:108FF000E1012285EFF01FF7B250225445618280D3
:109000000545DDBF13F7050201C7B2856FF0EFC755
:10901000411122C426C206C693F485002A8491E435
:10902000139785016187635007023285EFF06FC4A3
:10903000AA85054691E0014622852244B240924429
:1090400041016F20506C93F72500014591E30D45D8
:10905000B24022449244410182807971AE8622D48A
:109060002A8403D506009305E10136C606D6EFF043
:10907000EFF0B24601CD834585000356E10122851C
:10908000EFF05FF8B2502254456182800545DDBFA4
:10909000797126D2AA840355A500C16722D44AD08B
:1090A0004ECE06D623170100FD173284B68901493A
:1090B000630DF500050583C60400D0404205130783
:1090C000E1004181EFF0BFB22A8983C60400D0409D
:1090D0008945176501001305A57FEF10C10C1DC55B
:1090E00003D4A4002285EFF04FB709C57D142A945C
:1090F000420441806384090023908900B2502254C5
:109100004A8592540259F2494561828083C604001F
:10911000D0408945176501001305057CEF10A108B3
:1091200061F183C60400D04089451765010013052D
:109130002578EF10410719C9E30609FA8357E100C2
:10914000E39287FA0354A9007D145DB703D4A40009
:1091500055B7397122DC26DA4AD84ED652D456D2C7
:109160005AD062CC06DE5ECEBE8983C785002A8ACD
:10917000AE84C18B328C36843A89C28A468B9DE795
:1091800083CB04008947638BFB046285EFF0EF9982
:109190001DC183280500638008025A88D6874E8740
:1091A000CA862286A6855285829839A03285EFF03C
:1091B0004F99AA8711ED3945F2506254D254425961
:1091C000B259225A925A025BF24B624C2161828060
:1091D0002946A6855285829745D5F9BFD840834751
:1091E000170003470700A207D98FC2070D67C18781
:1091F000930607906380D72263CCF60693062780F8
:10920000638CD70C63C1F60213070780E3CFE7F640
:109210002D45E39309FADC4403C60700CC43231031
:10922000C900228559A213073780E390E7F62D4540
:10923000E39409F885472310F900DC44814583C78E
:1092400007002300F40003D5A40005054205418171
:10925000EFF0CFD283570900631505129107231051
:10926000F9001146814513051400EFA03F8E29A295
:10927000930627906381D71863CED7129306379051
:10928000638AD71813074790E391E7F02D45E395DC
:1092900009F2DC441D472310E90003C7070023003F
:1092A000E40003C71700A300E40003D7270023014D
:1092B000E40003D727002183A301E40003C747008C
:1092C0002302E40003D76700A302E40083D767000A
:1092D000A1832303F4004DA02D45E39F09ECDC445A
:1092E0006C0083C9170003C70700A209B3E9E900AE
:1092F00011472310E90083C707004E852300F400BF
:10930000DC4483C71700A300F400EFF02FC7AA8442
:1093100035C50356C100C1659306E100FD158329DB
:10932000C500EFF0FFD619ED83C60400D040894593
:10933000176501001305455AEF00F16601E5FD5779
:109340002317F10003C7090089476310F70283A5BB
:10935000490009461305440097B0FF1FE78000BD90
:109360008357090089072310F9008357E10023017F
:10937000F400A183A301F40001453DBD2317310191
:10938000EDB7034705008907BA972310F900835703
:10939000A500A300F4008357A500A1832301F400D6
:1093A000034605004C411305340097B0FF1FE780CA
:1093B000E0B7D9B7C844EFA08FFA93170501C1836E
:1093C0002A871D45E3EA37DF6399F9002310090076
:1093D000CC4403560900CE95A9B54207B3863A019D
:1093E000418363C7E600B38737412310F900CDB747
:1093F00023105901F1BF2D45E39009DCCC4452857F
:10940000EFE07FD3231079012300A4002181A30082
:10941000A4009DB72D45E39109DADC4423107901BE
:1094200083C707002300F400DC4483C71700A300B0
:10943000F40099B75D71CAC02A89035525004EDE34
:1094400052DC56DA5AD85ED662D466D26AD06ECE74
:1094500086C6A2C4A6C22E8BEF00B168130CF5FF1E
:10946000931D0C01C16BAA8A814917DAFF1F130AE9
:10947000EA6793DD0D01938C8199138D0199FD1B92
:109480008357C90063F8F90097D7FF1F83D7076692
:1094900063CE87010355290097D5FF1F9385056586
:1094A000EF100132AA841DCDD9442DA8832789004D
:1094B000139719009305E100BA9703C4170083C7F7
:1094C000070022045D8C2285EFF04FABAA851DE9D1
:1094D00023108B0003254A00854409C597B0FF1F60
:1094E000E7800046B6402644268506499644F25950
:1094F000625AD25A425BB25B225C925C025DF24DD0
:10950000616182808348490083A60C000356E10014
:10951000035529006E8881476A87EFF09FC3AA84AC
:1095200011C523108B0003254A0045BF83274A003D
:1095300095E303552900514781465E86BD45EFE01E
:10954000CFF997D7FF1F23A5A75A09E523108B0052
:10955000C54449BF97D7FF1F83D7475903D7019900
:109560003E976347570113C7F7FF56972398E19833
:1095700003254A0083A50C0003D601993E9597B0B8
:10958000FF1FE780A09A83570A0003570D00850943
:10959000C209BA9717D7FF1F231AF75493D90901A5
:1095A000C5B5397122DC2A840355250006DE26DA8A
:1095B0004AD84ED652D45AD05ECE62CC66CAAE8B52
:1095C00056D2EF0011522A8A8346C4008355A40064
:1095D0000355840078001306D400930CBAFF651A73
:1095E000EFF0EFE0420A416B2A898144135A0A01E5
:1095F000138C819997D9FF1F9389494F7D1B630273
:10960000090463D094058348440083260C00035664
:10961000C100035524005288814713870199CA85E8
:10962000EFF03FB315C5814A0356C1008355A4002E
:109630004A859306E100EFF0BFA52A89639B0A06DD
:109640005DFDF1EC8357840029452390FB0035A88C
:109650000356040183D70199E317F6FC83250C0018
:109660004848EFA0CFD461D183A74900A1E30355B7
:109670002400454781465A869D45EFE00FE61DE1EF
:109680008357840045452390FB00F2506254D25426
:109690004259B259225A925A025BF24B624CD24C56
:1096A0002161828097D7FF1F23A4A744835AA90072
:1096B000A5BF83A74900A69723805701938714006D
:1096C0001397070183A74900418393DA8A00BA9769
:1096D000238057011387240083A649009387340011
:1096E000420791044183C207C204C183C1803697F7
:1096F00011CD8356E1002300D70003A74900BA9794
:109700000357E10021832380E700D5BDFD562300E8
:10971000D70003A74900BA972380D7001DB7035588
:109720002400898097D5FF1F9385453C97D7FF1F5D
:10973000239E973AEF00D16E29D95945B9B7411107
:1097400022C406C693F705012A84328585C3EFE05B
:109750005FD2AA8505462285EF20E07A954763050A
:10976000F500BD47631DF502214515A893F7450097
:1097700099CBEFE01FD00546AA8522852244B2404E
:1097800041016F20407893F7050489C7EFE07FCE51
:109790000146DDB713F51500133515000605B24077
:1097A00022444101828079714AD04ECE52CC06D6F5
:1097B00022D426D22A8AAE89014983D7490063641C
:1097C000F9000145A1A083A709001314190093040F
:1097D00014003387970003470700A29703C50700CB
:1097E00022079305E100598DEFE05FF905E983A7B2
:1097F000090005453E94034704002380E70083A742
:109800000900BE9403C70400A380E700B2502254AD
:1098100092540259F249624A45618280834585002B
:109820000356E1005285EFF09FF105C183A70900BF
:109830003E94034704002380E70083A70900BE94F9
:1098400003C70400A380E700D1B7050942091359F3
:109850000901A5B7011122CC2A8403D5050093057F
:10986000E10006CEEFE09FF101CD83458500035670
:10987000E1002285EFF0BFECF24062440561828096
:109880000545DDBF397126DAAA840355250006DEB9
:1098900022DC4ED652D456D25AD05ECE62CC66CAA4
:1098A0006AC82E8A4AD8EF00D123AA8A83C6C40088
:1098B00083D5A40003D58400138CAAFF78001386F7
:1098C000D400EFF0CFB2420CC16CAA890144135C02
:1098D0000C01138B0199938B8199FD1CED1A17DDF7
:1098E000FF1F130DAD20638B091A0356C10083C5FA
:1098F000890003D52400EFF09FE42A89631B051833
:1099000083C8440083A60B000356C10003D524007E
:109910006288814713870199CE85EFF09F832A895A
:109920006319051639C003D70199110797D7FF1F8F
:1099300083D7E71B6395E700A29763C0570997D7C2
:10994000FF1F83D7C71A3354F40203D5240097D5D9
:10995000FF1F9385A51997D7FF1F23998718EF003D
:10996000B1692A890DC559491DA003D5240049476D
:1099700081466686C545EFE04FB697D7FF1F23A9FE
:10998000A7160DE583D7A90045492310FA00F25028
:1099900062544A85D2544259B259225A925A025BB1
:1099A000F24B624CD24C424D2161828083570B00B6
:1099B000910717D7FF1F231CF71283274D0003D7EA
:1099C000A9009306E100A2972380E7009307140003
:1099D0001397070183274D0041834E85BA9703D71C
:1099E000A90021832380E7000356C10083D5A4008A
:1099F000EFF00FEA1307240083264D00930734008D
:109A0000420711044183C2074204AA89C1834180ED
:109A1000369739E1FD562300D70003274D0083A573
:109A20000B00BA972380D70003254D0003D6019978
:109A3000229597A0FF1FE780604F83570B003E944D
:109A400042044180E31D04EE83D784002310FA0012
:109A5000E31F09F2294925BF8356E10083A50B00C6
:109A60002300D70003274D00BA970357E100218355
:109A70002380E70003254D0003D60199229597A086
:109A8000FF1FE780A04A83570B003E9442044180A9
:109A900099BD83D7A9002310FA006DB701495DB7BE
:109AA0005D71A6C2CAC0AA8403598500035525006A
:109AB000A2C44EDE56DA5AD85ED662D466D26AD0D6
:109AC00086C652DC6ECE2E8BEF00B101930BD5FF14
:109AD0007115931905010144138DD40093D909011F
:109AE000138C0199938C819997DAFF1F938A0A004E
:109AF0006358741583C6C40083D5A4001307E1001E
:109B00006A864A85EFF0AF8EAA8D630B0512035962
:109B1000A500834585000356E10003D52400EFF03E
:109B20001FC26314051283C8440083A60C000356A9
:109B3000E10003D524004E88814713870199EE8503
:109B4000EFF02FE1631305101DCC83D7019917D7D0
:109B5000FF1F0357C7F98907630EF70697D7FF1F43
:109B600083D7E7F83354F40203D5240097D5FF1FB9
:109B70009385C5F797D7FF1F239A87F6EF00113417
:109B800005C5594515A003D5240041664D478146BA
:109B90007D16A545EFE06F9497D7FF1F23AAA7F482
:109BA0001DE123102B014545B64026449644064945
:109BB000F259625AD25A425BB25B225C925C025DFD
:109BC000F24D6161828083570C00890717D7FF1F10
:109BD000231FF7F083D70199A29763D3770783A751
:109BE0004A0003D7AD00130A2400A2972380E700A0
:109BF00005049317040103A44A00C183420A3E945A
:109C000083D7AD0083A50C00135A0A01A18323005A
:109C1000F40003A54A0003D60199529597A0FF1FAF
:109C2000E780C03003540C00C167FD175294420412
:109C30004180E30FF9EA05094209135909014DBDB5
:109C4000294509FC23102B0185B76DDC01BF835723
:109C5000050081E789473E858280411126C2444143
:109C600022C406C683C60400D0402A8489451765ED
:109C700001001305E5C5EF00015319C9834724000E
:109C80002547E51793F7F70F6376F702E14729A811
:109C900083C60400D0408945176501001305C5C37C
:109CA000EF00615061FD8947B240224492443E85F5
:109CB0004101828083D681878547FDD60357040002
:109CC0003697C166E3C2E6FE9165938525703145FE
:109CD00097B0FF1FE78020BDAA84CD4771D53146DC
:109CE0008145EF90BFE68357040083D58187014605
:109CF0000147B386E500C206C1826369F702AE97E9
:109D0000C207C18319C2239CF18623A00400214607
:109D1000A2851385440097A0FF1FE7802021938729
:109D2000C1999C4391EF23AE919831A850401315EF
:109D3000470005072A962315D60005465DBFBA875A
:109D4000984375FF84C3814785B7797106D622D4BD
:109D500026D24AD04ECE11E90949B25022544A8542
:109D600092540259F249456182802AC6AA84280089
:109D7000B6892314B1002305C100EFF05FED2A89F5
:109D800069FDE38C09FC83D7A400F9D7916593851D
:109D90005570314597B0FF1FE780E0B02A840DC9A8
:109DA00031468145EF909FDA83D7A4002320040039
:109DB000232434012312F4009387819A9C4389E77A
:109DC00023A4819A59BFBA87984375FF80C371B79E
:109DD0004D4961B783C7219995E385472389F19858
:109DE000058909CD97B6FF1F9386C6034146914565
:109DF00017B5FF1F130505FF6FF03FF50145828082
:109E0000A387A1868280C167FD176315F5002E85A3
:109E10006FE00FA3411106C6EFE0CF9C11C5FD57BF
:109E20002310F50023010500B24041018280011199
:109E30004AC806CE22CC26CA85472A896393F504F0
:109E40004A85EFE0CFCB39E9C1649385F4FF13076E
:109E5000E1008946176601001306C6A50545EFE037
:109E60001FD92A84FD140DC44C444A85EFF0BFF974
:109E70000356E10022858146A685EFF06FA12A8472
:109E8000DDB789476396F5008545EF20A0254DD9BC
:109E9000F2406244D244424905618280EFE06FC1E2
:109EA00065B7411106C623A0019A23A2019A23AAED
:109EB000019803C5119E49C19307A0043305F5021B
:109EC000916593851570190597B0FF1FE780A09DD8
:109ED00023A0A19A9307A00403C6119E3306F6029D
:109EE00081451906EF909FC69387019A984383C6D0
:109EF000119E0146BA87FD556366D60693976600A4
:109F0000BA9723A2F19A3E870146FD558506231094
:109F1000B700A301B7002301B7002302070005061D
:109F20001907E366D6FE79572390E7001947B386F1
:109F3000E602B69723AAF19817E5FFFF1305C5655A
:109F4000EFD09FD317F5FFFF13050581EF00012C1C
:109F500017E5FFFF1305C55AEF204010B240014539
:109F6000410182802390B7002392070023A60700B7
:109F70002398070023AC0700239E070023A20702B3
:109F80002394070223A80702239A070223AE07029D
:109F90000506938707048DB7411122C42A8406C69B
:109FA000EFD08FEBEFE0CF8B2387818693874199AA
:109FB0008843EFE0EF88238D81862244B240170565
:109FC0000000130505E741016F2040099397050143
:109FD000C18763DE0734797103C5E18622D452CC90
:109FE00006D626D24AD04ECE2E8AEF907F832A8480
:109FF00021C9034705009307000B6310F704854749
:10A00000A304F100938781999C4323150100A1E7E4
:10A01000EF00C07C91659385357097B0FF1FE78096
:10A02000808823ACA19805E98347910099C78345AF
:10A03000440013058400EFD03FE22285EF90AFF794
:10A04000B250225421653345AA0092540259F24974
:10A05000624A456182806146814517D5FF1F13051D
:10A06000E5A8EF90BFAE03494400894797D9FF1F89
:10A070009389C9A7631DF906EF00407697D7FF1FA4
:10A080002396A7A603552400CE85EF002148035749
:10A09000240097D7FF1F83D767A58356840011ED4F
:10A0A00063E4F6002314F400835584003A85EFD06E
:10A0B0001FBD2285EFD07FB485BF63E4F600231473
:10A0C000F40083578400D9450D4697D6FF1F239F80
:10A0D000F6A097D6FF1F938666A13A85EFD0FFB40E
:10A0E0008D4561D917D5FF1F130545A0E1A09947FC
:10A0F000631CF9029305A1002285EFF08FCAAA84A0
:10A100004DD9D947639BF40E0509035524001379F3
:10A11000F90FD94597D6FF1F9386469D4A86EFD003
:10A12000DFB0CA8559D57DBFA1476318F9009305F3
:10A13000A1002285EFF0DF96D9B7A947631FF90682
:10A14000035584006C00EFE06FE3AA8463070516F3
:10A150000355240041669306E10055477D16AD4541
:10A16000EFD0BFB797D7FF1F23A4A798AA8649C1EE
:10A17000834844000358E1000356C10003552400FE
:10A18000A68581474E87EFE0DFFCAA8463160510A1
:10A1900003552400CE85EF004158E30C05F003552C
:10A1A0002400CE862D46D945EFD03FA8E30305F025
:10A1B000AD454E85EFD05FCAEDBDB1476315F910CF
:10A1C000035584006C00EFE06FDBAA846307050E83
:10A1D0000355240041669306E10059477D16B545B5
:10A1E000EFD0BFAF97D7FF1F23A4A790AA863DE16A
:10A1F00083578400C5442315F10003471400D14759
:10A20000E309F7EA834744000355240097D5FF1F6D
:10A210009385C58D17D7FF1F230AF78C8357A1009D
:10A2200017D7FF1F2315F78C97D7FF1F2382978C13
:10A23000EF00011DE30F05E60355240097D6FF1F2D
:10A240009386C68A0546D945EFD03F9EE30305E6CF
:10A25000854549BD834844000358E1008357A40065
:10A260000356C10003552400A6854E87EFE07FEE1C
:10A27000AA841DE103552400CE85EF00C14FE30AF7
:10A2800005E203552400D945CE863546EFD0FF9927
:10A29000B545E30005E2B9B5D9476393F4008144BD
:10A2A00003A5490097A0FF1FE7808069E38304E0CE
:10A2B000835784002315F10089B7835784008544B0
:10A2C0002315F1001DBFB9476318F9009305A100DC
:10A2D0002285EFF02F9625B5C1476318F900930545
:10A2E000A1002285EFF00FDA19BDC947631AF90002
:10A2F000130691009305A1002285EFE00FFA01B546
:10A30000D947631DF9009305A1002285EFE00FE80E
:10A31000AA84E31805DEA304010061BBE147E31A48
:10A32000F9D89305A1002285EFE06FD4C9BB0145A0
:10A330008280E9CA011152C42E8A854522CC4EC6BC
:10A3400056C206CE26CA4AC8AA8AB6893284EF10F7
:10A350007059D14715C183C7419B83C6519B814426
:10A3600019E0B684BE861387C19A184393974400B8
:10A37000BA9763EDD400D547F2406244D2444249D3
:10A38000B249224A924A3E85056182803E89C107D0
:10A3900003D727FF09C7850493F4F40FD9BF29CC4D
:10A3A0009565938525C01305000297A0FF1FE780E0
:10A3B000804F2326A90061D11306000281459384B2
:10A3C0000404EF90AFF82311990023000900231330
:10A3D000590115C41387C19B83479400104323047C
:10A3E000F900118C8327C90011841180238E870006
:10A3F00023A02901814749B723260900F9B723047F
:10A400004901FDB785473E8582809387C19A98436D
:10A4100083C5419B81476395F500814636858280DF
:10A4200003562700BA8619C2E30AA6FE850793F7EA
:10A43000F70F4107CDB79387C19A984303C6419B55
:10A4400081476315F6008146368582808355270053
:10A45000BA8689C583454700E388A5FE850793F73B
:10A46000F70F4107F9BF9387C19B984383C5719B41
:10A4700081476395F5008146368582800356070043
:10A48000BA8619C2E30AA6FE850793F7F70F4107BC
:10A49000CDB79387C19A9C4303C8519B014763156D
:10A4A000E80081463685828003D62700BE8619CA19
:10A4B00003D667006318A600D04709C603562600D6
:10A4C000E302B6FE05071377F70FC107C9BF4111B5
:10A4D00022C4404526C206C6AA8415C0484409C500
:10A4E00097A0FF1FE780C045484809C597A0FF1FF8
:10A4F000E7800045228597A0FF1FE78060442685FE
:10A5000041468145EF908FE4B2402244FD57A38439
:10A51000F400924441018280011122CC2A84035527
:10A52000250006CE2EC6EF10D00932462285814581
:10A53000EF00F06622856244F24005616FF03FF95A
:10A540000DC503572500411122C406C62A8411CB2C
:10A55000DD45EF00B06822852244B24041016FF032
:10A560001FF7B2402244410182808280411126C2FD
:10A5700031479304C5FF3387E40297C7FF1F9387D2
:10A58000675806C622C43E978356A7006397B60253
:10A59000484305C53E849307F00F6306F6008347E2
:10A5A0000500639CC70097A0FF1FE7806039B14793
:10A5B000B387F402A29723A20700B2402244924438
:10A5C00041018280411122C42E8426C24946AA84B8
:10A5D0008145228506C6EF906FD7B9CC83C7C401E9
:10A5E000139747009387C19B9C43BA9703D70700F3
:10A5F0002310E40003D7270083D767002311E4006A
:10A600001387219B035707002312E40003D704009C
:10A610002313E40003D724002314E40003D74400E9
:10A620002315E40003D764002316E40003D7840055
:10A630002318F4002317E400B2402244924441015D
:10A6400082809387C19B03A807009387C19A904398
:10A6500083C5419B014781476394E5003E85828025
:10A660008346060081CE544691CA83C6C60192062F
:10A67000C2966315D500850793F7F70F0507137783
:10A68000F70F4106D1BF130600643386C502930657
:10A690009500AA85170500001305C5EA6F902FF3F2
:10A6A000411122C406C62A8403459500EF901F84F9
:10A6B000FD57A304F400B2402244410182800111FD
:10A6C00022CC4AC84EC652C456C206CE26CA2A89D1
:10A6D000AE890144138AC19A9D4A83C7519B636224
:10A6E000F404639709029389C19A130AF00F83C790
:10A6F000419B6366F4061144A1442285050442048B
:10A700001306F00FCA854180EFF05FE6E31794FE71
:10A71000F2406244D2444249B249224A924A056117
:10A72000828083270A0093144400BE9483C70400E8
:10A730009DC383D76400639027036396590103D5B3
:10A740002400EF10006826854E868145EF003045D5
:10A750002685EFF0DFD705041374F40FBDBF83A780
:10A76000090093144400BE9483C704009DC383C7AB
:10A7700094006380470383D76400639C2701268588
:10A78000EFF01FF22685D145EF0050452685EFF00A
:10A790001FD405041374F40F99BF41677917630B35
:10A7A000E502411122C406C685472A846399F50053
:10A7B00022852244B240814541016FF05FF0894714
:10A7C0006396F5008545EF10F0117DD1B24022442B
:10A7D0004101828082809D456FF07FEE03D5219BF1
:10A7E0008280011106CE2317A1002316B10003C7F2
:10A7F000019B85476318F70070009305E10005454C
:10A80000EF40D02DF24005618280A947631CF60419
:10A8100083C7150003C70500A207D98F2310F500D1
:10A8200083C7350003C72500A207D98F2311F50080
:10A8300083C7550003C74500A207D98F2312F5002F
:10A8400083C7750003C76500A207D98F2313F500DE
:10A8500083C7950003C78500A207D98F2314F5008D
:10A86000014582800545828091476314F60283C7C3
:10A87000150003C70500A207D98F2310F50083C771
:10A88000350003C72500A207D98F2311F500014524
:10A890008280054582809387C5FF93960701C18218
:10A8A0000D476360D70231473387E70297C7FF1F21
:10A8B00093874725BA972381A7002390B7000145C6
:10A8C0008280094582801307B00FAA876374A700AE
:10A8D0009307B00FF1172399F19A238BB19A238C28
:10A8E000B19A82809567938707C0DD8D1905C205EF
:10A8F00042054111C181418106C697A0FF1FE78033
:10A9000080FA11C5B240E95541016FF0207FB24095
:10A9100041018280238A019A238B019AA38B019A99
:10A92000A38A019A2388019A85470111A388F19A85
:10A9300006CE2AC622CC2383019C2399019A23A602
:10A94000019AEF1000513245130600038145238020
:10A95000A19C17C5FF1F1305E51AEF902F9F03C594
:10A96000419C15C99565938545C0120597A0FF1FA9
:10A97000E78060F323AEA19A19CD9387419C83C7EA
:10A98000170003C6419C8145A38AF19AA38BC19A03
:10A990001206EF90AF9B9387519B83C7070003C5B7
:10A9A000019E95653E951375F50F238AA19A9385AF
:10A9B00055C0120597A0FF1FE780E0EE23A6A19ADD
:10A9C00025CD03C6419B12068145EF902F989387B2
:10A9D000C19A984383C6419B814725077D5663965C
:10A9E000F604EF104067B1473305F502956593858E
:10A9F00065C04205418197A0FF1FE780C0EA23A4FC
:10AA0000A19C2A8411C9EF10006531463306C502A6
:10AA100081452285EF908F936244F2401705000034
:10AA20001305E5D705616F10606385072300C70034
:10AA300093F7F70F410765B7238A019AA38A019A12
:10AA40004DB741119397050126C206C622C4C1879E
:10AA5000AE8463DA070803C5019CEF807FDC2A849B
:10AA600029C903470500930700096311F704034749
:10AA70001500CD476317F7060345250097C5FF1F4F
:10AA800083C585F783C7619B930664000146014730
:10AA90002E886317E50219C2238BF19A83C7619B45
:10AAA00091C7854503C5019CEF900F972285EF80E4
:10AAB0009FD02165258DB24022449244410182807D
:10AAC00003C60600B29713F6F70F9377F80F637477
:10AAD000B6009377F60F05071377F70F890605463B
:10AAE0004DBF0125E1B793F715000145E9D7EF0008
:10AAF000D06A09C983C7619B91C7854503C5019C7D
:10AB0000EF908F9113C514007DB785462A8763FBAC
:10AB1000C60483C7150003C60500A207D18F231002
:10AB2000F500639CD70083C7350083C62500A207C4
:10AB3000D58F2311F5000145828089460145639434
:10AB4000D70283C7350083C62500A207D58F2311FE
:10AB5000F70083C7550083C64500A207D58F23128F
:10AB6000F70082800545828091476314F60283C70F
:10AB7000150003C70500A207D98F2310F50083C76E
:10AB8000350003C72500A207D98F2311F500014521
:10AB900082800545828091476314F60283C71500C1
:10ABA00003C70500A207D98F2310F50083C735001E
:10ABB00003C72500A207D98F2311F5000145828024
:10ABC00005458280A1476314F60483C7150003C7B7
:10ABD0000500A207D98F2310F50083C7350003C7EE
:10ABE0002500A207D98F2311F50083C7550003C79D
:10ABF0004500A207D98F2312F50083C7750003C74C
:10AC00006500A207D98F2313F50001458280054511
:10AC100082808947631CF60083C7150003C70500BF
:10AC2000A207D98F2310F500014582800545828057
:10AC30008357260079714ECE06D622D426D24AD02A
:10AC40001307F007AE896372F70209473AC4231667
:10AC5000F100300093F5F50FEF108015B25022543B
:10AC600092540259F2494561828003574600D94601
:10AC70002A89328463F8E6008357660063F4F6009D
:10AC80006379F70023140100300093F5F90F4A852A
:10AC9000E1B70355060002C4EFF0EFFCAA8459C1E6
:10ACA000EFF03F9A83C784006369F5001146A2461E
:10ACB000CE854A85EF10A00555B73400268693054A
:10ACC000F00F4A85EFF0EFE675F1A24703578400D5
:10ACD000DC472390E700035724002391E700035744
:10ACE00044002392E700035764002393E70003D74F
:10ACF00044002394E700DC4485CB93F4F90F2286CB
:10AD0000A6854A858297C167FD172A86E311F5FA61
:10AD100022459947F9452300F50023029500EFF0FD
:10AD20009F962DBF094661B7014651B7A947631CDD
:10AD3000F60483C7150003C70500A207D98F2310A7
:10AD4000F50083C7350003C72500A207D98F23115B
:10AD5000F50083C7550003C74500A207D98F23120A
:10AD6000F50083C7750003C76500A207D98F2313B9
:10AD7000F50083C7950003C78500A207D98F231468
:10AD8000F500014582800545828083C705002300C8
:10AD9000F50083C71500A300F50083C7350003C77E
:10ADA0002500A207D98F2311F500828023220500F8
:10ADB00003C7450089476304F7000545828083D6B1
:10ADC00065000D47E37BD7FE9C45011106CE22CCE2
:10ADD00026CA4AC84EC683C4170003C60700A20489
:10ADE000D18C138644006311D60403C4370083C793
:10ADF0002700AE8922045D8C9307C4FFC207C1837C
:10AE00002A89636FF70003A5890023119900231095
:10AE10008900F155EFF0802E2322A900014531A0D1
:10AE20002285EFF08FDE65F10545F2406244D244A1
:10AE30004249B24905618280397122DC2E84834700
:10AE400004004AD806DE26DA4ED619472A89B2858A
:10AE5000639AE706034624002800EFF0FFD0AA8497
:10AE600015E903558100EFF04FDAAA8983451400F4
:10AE700015C92E8617170000130727E734009D45D4
:10AE80004A85EF00503D4E8509468145092B4E8588
:10AE9000EFF0EFE3F250625426854259D254B25992
:10AEA0002161828089472310F100835781000A863F
:10AEB0002311F1008357A1002312F1004A85EF000E
:10AEC000306FC9BF4947639DE7020356240028003D
:10AED000EFF05FCFAA845DFD97C7FF1F83D747C3FD
:10AEE00099E3814445BF03471400834604003C00B6
:10AEF0000146CA8517C5FF1F0345A5C1252E59BFA9
:10AF000051476390E702035624002800EFF0FF8FBB
:10AF1000AA8449F18345140030004A85EFF05FD1DF
:10AF200095BF5947639FE704035624002800EFF0BC
:10AF3000BF93AA8425F1835581004A85EFF06FD530
:10AF40001DC558458356A10083570700B697C20711
:10AF5000C1832310F700D1D75C47C1D783C7619B5A
:10AF6000C9D3854503C5019CEF801FCB25B7894711
:10AF70003EC0835781000A86834514002312F100E6
:10AF800035BF834514000A8623100100EF0050628C
:10AF900089BF5D71A6C256DA86C6A2C4CAC04EDE9B
:10AFA00052DCAA8A03C51500AE8432C6EFF0AFC8E2
:10AFB000B24501ED8144B6402644268506499644B3
:10AFC000F259625AD25A616182802302050023112C
:10AFD000050083C9040085472A84639AF90003C6E3
:10AFE00024002808EFF07FB2AA8405492DA09D47D0
:10AFF0006394F904034705008D47E31DF7FA03C680
:10B00000240028080549EFF01FB9AA8409E5054680
:10B010008145228569262285EFF08FE8034584006B
:10B020003C080147CE862686D6852924E30509F803
:10B030002285EFF0CFC941B7CD47639DF9000347A3
:10B0400005009147E318F7F603C624002808EFF03F
:10B050005FBC59BFD547E39FF9F4034A0500894710
:10B06000E31AFAF403C6240028080549EFF01FCCC0
:10B07000AA8455F183570102BDE3035781011306EA
:10B08000F0035C44930607FCC206C182636CD600E1
:10B090000356A101D94663F7C6008356C101D945BD
:10B0A00063EFD500035524002391E7000549EF0025
:10B0B000505103560102D28522857124A9BF8355C0
:10B0C000E1012391E7002392C7002390B700239367
:10B0D000D70085472300F400014A0149D9BF014A3E
:10B0E000C9BF7971AA8522D426D203542500AA8427
:10B0F000280806D6EFF09FCBF24599E535E985455E
:10B100002285EFF00FEEC1A0835781011547639BA5
:10B11000E7060357A1018D4763FCE7046800EFF0E1
:10B12000DFC60357E100DD4763FCE7008345D1003C
:10B13000B70717008507100822853EC8EF00504763
:10B140008357E1000357A10191076305F7002285AA
:10B15000EFF06FE88347C10072466C00858B1106E3
:10B16000228591CFEFF0FFE201C52285EFF0AFE637
:10B17000884451D59790FF1FE780807C49B7EFF056
:10B18000BFCBDDB711476389E7001387A7FF4207ED
:10B190004183854663EEE6023147F117B387E70244
:10B1A00017C7FF1F13070796BA9703D7070069D37E
:10B1B00003C527003008A2850D205DF903578101E2
:10B1C0009147E31EF7F2B2502254925445618280B7
:10B1D0002C0822852D2E49FDFDB701114AC82A8968
:10B1E000314526CA06CE22CC2EC6B284EF806FDF50
:10B1F00021C1B2459307000A2310F5002311B500C1
:10B200002A84214611058DC0A6859790FF1FE780EF
:10B21000E0D1A2854A85EF802FE70145F2406244E4
:10B22000D2444249056182808145EF803F92D5B783
:10B230000545EDB7797126D2AA841305000206D61A
:10B2400022D42ECE32CC36CA3AC83EC6EF806FD951
:10B2500021C96246F2454247D246B2472A841305C5
:10B2600020FA2300A400A300C4002311B400230289
:10B27000E400A302D40013058400614691CFBE858B
:10B280009790FF1FE78080CAA2852254B25026857E
:10B29000925445616F804FDF8145EF803F8BEDB762
:10B2A000B25022549254456182805845797122D41B
:10B2B00006D62A84AE8641C383572700231DF1009A
:10B2C00093072006639FF5049387219B03D607000D
:10B2D000835767006373F600B28713F6F70F835541
:10B2E0002701834707018D8F93F7F70F81E58907C2
:10B2F00093F7F70FB297FD17B3C7C702231EF100EC
:10B30000835724008355640003458400231CF10007
:10B3100001473C080146EFF0FFF1B250225445616D
:10B3200082800347C7019387C19B9C431207BA974A
:10B3300083D76700E1B72EC6194681452808EF80FC
:10B34000FF80B24675BF797122D406D626D22A84F0
:10B350008DC181470147930600062E868355640000
:10B3600003458400EFF01FEDB25022549254456122
:10B370008280B28428005946EF804FFD231491004B
:10B3800089E88357240048446C002315F100EFF04E
:10B390006FA33C000147930600060146C1B77971CF
:10B3A00006D6814799ED8357250058452316C100DD
:10B3B0002314F1003C0011C7835727002315F10027
:10B3C0003C002E86835565000345850001479306A2
:10B3D0000006EFF03FE6B25045618280411122C481
:10B3E00006C68347050011472A846395E7022E8627
:10B3F000835565000345850081470147CD46EFF041
:10B400007FE34946835564002244B240154541011B
:10B410006FF0CF9513F7B70F89466317D700014632
:10B42000EFF07FF25146F9BF0D476398E7002244E1
:10B43000B240014641016FF09FF6B2402244410103
:10B44000828083D705003147F1173387E70297B72A
:10B45000FF1F9387276BBA97D84319EBD8412395E1
:10B46000A7000145D8C303D725002394E7008280B5
:10B4700059458280797122D4404526D24AD006D6D9
:10B48000AA842E8925C0484419C59790FF1FE780DC
:10B49000204B232604008357040083D5640003C592
:10B4A00084002315F10083572400014793064006CA
:10B4B0002316F100835784004A862317F1001C48A5
:10B4C0003EC883D724002314F1003C00EFF09FD640
:10B4D000A30E240123280400B2502254925402598E
:10B4E00045618280280031468145EF802FE683D771
:10B4F000240083D5640003C584002314F1000147B0
:10B500003C00930640064A86EFF0DFD2F1B779712E
:10B5100052CC2A8A03D5050026D206D622D44AD098
:10B520004ECE56CAAE84EFE05FEE19E18547BDA866
:10B530004045AA8965DC83576500E39947FF835737
:10B540008400638707128346C401938AC19B03A7C3
:10B550000A009206FD173697C20703576700C1839A
:10B560002314F4006316F70093053006EFF0FFD3C1
:10B570005C48A5EFC8400349150083470500220930
:10B580003369F90083D7240013072900631AF702EF
:10B59000F955EFE0B036C8C02391240103C58900F6
:10B5A0002686D285EFF07FC3814721E1B250225435
:10B5B00092540259F249624AD24A3E8545618280DC
:10B5C0009565938515C04A859790FF1FE780A02D4C
:10B5D00048C8C840231C2401F955EFE0303283D716
:10B5E0002400C8C0F9172391F400484859C503D670
:10B5F00024008356A401835784013308D60063C016
:10B6000007090347C40183A70A0095451207BA97A3
:10B6100083D7270063CF0705CC4036959790FF1F4F
:10B62000E780C0900357A40183D72400BA97C207CC
:10B6300003578401C183231DF400E399E7EE03D788
:10B64000290003C5890030002314E1005848D28541
:10B650002315F1003AC6EFF05FB811C5484897903E
:10B66000FF1FE780E02D232A0400232C04007DBD6A
:10B6700099454E85EFE05FEA55BDA545DDBF914593
:10B68000CDBF03D7250079CB83D6219BED4763E857
:10B69000E60C011122CC2E8426CAAA84484091458A
:10B6A00006CEEFE0B02583572400AA862300F500DC
:10B6B00083572400A183A300F500835704002301CE
:10B6C000F50083570400A183A301F500035624006D
:10B6D000C167F9171106420641826394F4042AC433
:10B6E000314532C6EF80EF8FAA85CD470DC5930750
:10B6F00000F93246A2462300F500F9572311F50060
:10B7000089472302F5002313C50014C503C5019C16
:10B71000EF808F978147F2406244D2443E850561B5
:10B72000828081452685EF30F042AA8701E903C770
:10B73000619B75D37D17238BE19AF1BF09476302A3
:10B74000E5021D476301E50249476300E5027D47C5
:10B75000E313E5FC03C7619B8147E1BFED473E85ED
:10B760008280D1474DBF91477DB789476DB70111A1
:10B7700022CC4AC831441309C5FF3304890297B764
:10B78000FF1F9387273806CE26CA3E94584031C7FC
:10B7900083C6619BBE84854795CA2314A100835745
:10B7A00084000355A4002C003AC62315F100EFF0E5
:10B7B0005FED11C548409790FF1FE7806018B147C3
:10B7C000B307F902A69723A207008547F240624417
:10B7D000D24442493E85056182808147C5BF797167
:10B7E00026D244451387219B4AD083D7640003594E
:10B7F000070052CC06D622D44ECE56CA2A8A63F30C
:10B8000027013E8903D7240142091359090183D72F
:10B81000040141CB998F4A8463D527011394070112
:10B820004180C5452285EFF0EF8BAA89CD4A25C11D
:10B8300083D724002AC6231581002314F10083D75F
:10B84000240185E383D70401930925002300F50033
:10B8500083D70401A183A300F5006376240503D4F4
:10B86000040183D72401CC4422864E85BE9597805F
:10B87000FF1FE780A06B03556A002C00EFF07FE00C
:10B88000AA8A15C54E859790FF1FE780600BB250BE
:10B890002254568592540259F249624AD24A45616D
:10B8A000828089078DBF7914420441805DBF03D730
:10B8B000240183D704003A94FD17C207420403D73A
:10B8C0000401C18341802390F400239984006377AD
:10B8D000E400D5FFFD57A38EF40055BF8145528586
:10B8E000EFF05FB96DB701114EC683C9619C22CCE0
:10B8F00052C456C25AC006CE26CA4AC84E84138ABB
:10B90000C19A854A130BF00F83270A009314440051
:10B91000BE9403C9040063175907DC44A5C7D84780
:10B9200035C303D7070039C383C7619B89CF2685F9
:10B93000EFF0FFEAAA8515E5050483C7519B635F15
:10B94000F4002383819CF24062444A85D2444249F8
:10B95000B249224A924A024B056182802383019CAC
:10B96000DDB72685EFF01FB10149F1BF83C7D701CD
:10B97000639A6701930520062685EFF01F93DC4448
:10B98000A38E070005041374F40F83C7519B6363F0
:10B99000F4000144E31A34F7C1BF4111154506C64E
:10B9A000EFF0FFDC09C50545B24041018280194531
:10B9B000EFF0FFDB6DF91145EFF07FDB6DF51D4515
:10B9C000EFF0FFDA6DF183C7519BF9DFB24041011F
:10B9D0006FF07FF183D705000D47F117C207C183D0
:10B9E0006361F706DC41B1CF411122C42E84854545
:10B9F00026C206C6AA84FD2539C52685112DC16734
:10BA0000F917638FF40009ED8357240091CB835617
:10BA100004001947639FE60203D7219B63FBE702FB
:10BA200083C7619BA285268599C72244B240924470
:10BA300041016FF01FC52244B240924441016FF0B2
:10BA40005FA0094582805145B240224492444101A1
:10BA500082806D45D5BF397126DA4ED6AA84AE896B
:10BA60005D45C9454AD806DE22DC328936C63AC46D
:10BA7000EFE05FE725C522472A84014511C7B2469A
:10BA800013054400B68502979357850023003401BF
:10BA9000A30024012301A400A301F400110595478C
:10BAA000231DA100231CF10022CE83C7619B2C081B
:10BAB000268595C3EFF0FFBCAA8411C52285979017
:10BAC000FF1FE780E0E7F250625426854259D254C6
:10BAD000B25921618280EFF0DF96F9BFCD44E5B71E
:10BAE000797126D24AD052CC56CA06D6BA8A22D406
:10BAF0004ECE19472E89B284368A639BE5060355DC
:10BB000026000944EFE07F902AC63DC95C45835971
:10BB1000650083D727002390F400B24715472380A0
:10BB2000570103C6119B2391E700130716001377F3
:10BB3000F70FA388E19A2382C70001E70547A3888E
:10BB4000E19A5147631AE90015472391E400DC4765
:10BB500003D784002394E7005287A686CA854E85C2
:10BB6000EFF07FEF2A84324515C4EFE05F9609A815
:10BB700042867400BE85AA89EFE0AFFB2A8451DDBE
:10BB80002285B250225492540259F249624AD24A52
:10BB900045618280F945EFE01FAFDDB783D705002F
:10BBA0002300F50083D70500A183A300F50083D708
:10BBB00025002301F50083D72500A183A301F5000B
:10BBC0001145828083D705002300F50083D7050047
:10BBD000A183A300F50083D725002301F50083D7B7
:10BBE0002500A183A301F50083D745002302F500BA
:10BBF00083D74500A183A302F50083D76500230303
:10BC0000F50083D76500A183A303F5002145828059
:10BC100083D705002300F50083D70500A183A30087
:10BC2000F5000945828083D705002300F50083D7FE
:10BC30000500A183A300F50083D725002301F500AB
:10BC400083D72500A183A301F50083D745002302F4
:10BC5000F50083D74500A183A302F50083D76500D3
:10BC60002303F50083D76500A183A303F50083D7E1
:10BC700085002304F50083D78500A183A304F50084
:10BC80002945828003D705008546AA872300E50061
:10BC900003D705002183A300E50003D70500631D3A
:10BCA000D70003D725002301E50003D72500218312
:10BCB000A301E5001145828009456315A70203D75A
:10BCC000250019452381E70003D725002183A3819F
:10BCD000E70003D745002382E70003D7450021830F
:10BCE000A382E700828083D705002300F50083D775
:10BCF0000500A183A300F50083D725002301F500EB
:10BD000083D72500A183A301F500114582807971B5
:10BD100026D24AD04ECEB2842A89AE8929468145A0
:10BD2000480022D406D63684EF705FE223169100D5
:10BD300085EC835724002312F1009387219B83D73E
:10BD400007002314F1005C4485C383C6C701138731
:10BD5000C19B1843920683D7870036970357270065
:10BD60002315F1002313E1004A851707000013078C
:10BD7000C7EB540013F6F90FD545EFF0DFCD2A8954
:10BD800011C19DE085472300F40023020400014611
:10BD900081452285EFF02FDBB25022544A85925420
:10BDA0000259F249456182802285EFE04FF2EDB7FA
:10BDB000B28617070000130727ED2E8685456FF022
:10BDC0009FC901112317A100416570000148930725
:10BDD000F00F0D4797060000938686DC99457D1588
:10BDE00006CEEFF0FFCFF24005618280B2870148B6
:10BDF0002E86114797060000938606DDC9456FF031
:10BE00003FCEB286170700001307C7E02E86CD4548
:10BE10006FF07FC4011122CC26CA4AC84EC606CE96
:10BE20002A89AE8917B4FF1F1304C4D097B4FF1F2B
:10BE3000938444D31C4081C7CE854A8582971104E0
:10BE4000E31A94FEF2406244D2444249B249056189
:10BE5000828017B5FF1F0345E5BA93773500098146
:10BE6000A380F19EAA972380F19EBDC71305C0034E
:10BE70003385A702A5654111850506C69790FF1F6A
:10BE8000E78060A223A6A19C9307C00303C6019E7E
:10BE90003306F6028145EF707FCB9387C19C9C43AC
:10BEA00083C6019E014789077D56634DD700B24086
:10BEB00013060003814517B5FF1F1305A5C74101F0
:10BEC0006F70DFC82390C7002381070023A50702F6
:10BED00005079387C703D1BF82809387C19C98438E
:10BEE00003C6019E81476315F60081463685828030
:10BEF000BA861307C703835567FCE389A5FE850748
:10BF000093F7F70FCDB7011122CC2EC632C406CE5F
:10BF10002A84EFF09FFC2246B24511E9C167F91768
:10BF20006303F4005145F240624405618280545538
:10BF30008347450095C213F7270141456314A700C5
:10BF4000154575F2C18B3D45F9DF83C7A601014553
:10BF5000E3FBB7FC3145C1BFC18B0145E9F715458E
:10BF6000D9B7797126D2C16422D44AD04ECE52CCF0
:10BF700056CA06D62A8901449389C19C130AC00374
:10BF8000FD14854A83C7019E6364F400014525A81A
:10BF9000B307440303A70900BA9703D72700631622
:10BFA000970005041374F40FF1BF03C55700300068
:10BFB00093856700EFC0700E1946CA852800EF70A0
:10BFC0001FBFE31055FFB250225492540259F24958
:10BFD000624AD24A456182809387C19CC166984378
:10BFE00083C5019E8147FD166395F50001463285A4
:10BFF0008280035827003A866306D800034807006A
:10C00000E307A8FE850793F7F70F1307C703E9BFF8
:10C01000411106C6EFF07FEC11C503554501B24052
:10C02000410182800145E5BF9387C19C984383C647
:10C03000019E8147110701456393F6008280034604
:10C04000070001C605051375F50F850793F7F70F70
:10C050001307C703D5B703C5019E828017B7FF1F1B
:10C06000130747AD8147BA8631460C4391E58A07ED
:10C07000B69788C30145828085071107E397C7FEFD
:10C080004D458280411106C622C4EFF01FE50DCD5B
:10C090002A84035525008545EFF0DFD7485409C5AC
:10C0A0009790FF1FE780C08922851306C003814552
:10C0B000EF70DFA9FD572311F400230204000145AE
:10C0C000B2402244410182800945DDBF411106C6CC
:10C0D000EFF0BFE011C50345C500B24041018280C9
:10C0E0000145E5BFC167F9176304F502411122C498
:10C0F00006C62E84EFF07FDEAA87014591C703C5EF
:10C100004700698C33358000B2402244410182806F
:10C1100005458280011106CE2EC6EFF01FDC854753
:10C1200011C903574501B24585476305B700231A76
:10C13000B5008147F2403E850561828021C9011129
:10C140004AC8416922CC26CA4EC652C406CE014412
:10C15000AA849389C19C130AC0037D1983C7019ED9
:10C16000634AF400F2406244D2444249B249224A4E
:10C17000056182803305440383A709003E958357F8
:10C1800025006383270182940504C9BF82809387B9
:10C19000C19C9C43C16603C6019E890701450147B6
:10C1A000FD1691456313E600828003D807006309FA
:10C1B000D80003C8A7006315B80005051375F50F6F
:10C1C00005071377F70F9387C703E9BF9387C19CD0
:10C1D000944303C6019E0147910681476310E6021E
:10C1E000858393C7F7FFC207C18305456364E502F2
:10C1F00085473395A70042054181828083C50600AB
:10C2000081C583D5C602CD8F05071377F70F9386B7
:10C21000C603E9B793F61700E1FE0505858313759C
:10C22000F50FE9B7797156CAAA8A2E8526D24AD067
:10C230004ECE52CC5AC85EC662C406D622D4AE8454
:10C24000328B368CBA8B3E8AC2894689EFF0FFC8A2
:10C2500049E141657D15EFF05FC82A84554531CC31
:10C260001946DE8513056400A30284019780FF1F31
:10C27000E780C0CB8357010323119400230264019C
:10C280002319F40083574103230054012326040299
:10C29000231AF40023064401231734012318240130
:10C2A000EFF0DFF22318A402232A04022685232CB0
:10C2B00004028145EFF01FB60145B250225492545A
:10C2C0000259F249624AD24A424BB24B224C456172
:10C2D00082804545DDB79387C19C984383C6019E04
:10C2E00081476395F60041657D1582803A86130784
:10C2F000C703835547FF6395A50003552600828039
:10C30000850793F7F70FF1BF9387C19C4166984368
:10C3100003C8019E81477D1685482D43314E631425
:10C32000F80001458280835627003A856382C60261
:10C33000545B99CE83C506006397150183C616002A
:10C340006378DE00828089E583C61600E37CD3FC37
:10C35000850793F7F70F1307C703D1B79387C19CDE
:10C360004166984383C5019E81477D1625486394A5
:10C37000F50001458280835627003A85638BC6000D
:10C38000545B81CA83C61600E51693F6F60FE37375
:10C39000D8FE850793F7F70F1307C703C9BF89476F
:10C3A00091C909C995472380F50083470500A380FB
:10C3B000F50081473E85828039714ED652D4AE89D0
:10C3C0002A8A93053005414526DA4AD856D206DE38
:10C3D00022DC32C63689BA8A9780FF1FE780A04CDC
:10C3E000CD4421C92A8489446380090432468145A9
:10C3F000231AC1004146EF706FF55686CE8522851F
:10C400009780FF1FE78080B22146630E0902CA852C
:10C4100028089780FF1FE78060B1A28650082C088B
:10C420005285EF203070AA8422859780FF1FE78015
:10C430002051F250625426854259D254B259225AA0
:10C44000925A2161828081452808EF702FF0F1B760
:10C4500089478DC505C5411106C6AE871947AA850E
:10C460002380E7001385170041469780FF1FE78070
:10C47000E0ABB24081473E85410182803E858280AB
:10C48000894795C90DC9411106C625472380E50096
:10C4900003470500AE871946A380E5009305150004
:10C4A000138527009780FF1FE78040A8B24081478F
:10C4B0003E85410182803E85828089478DC505C5C4
:10C4C000411106C6AE872147AA852380E700138560
:10C4D000170041469780FF1FE78040A5B240814783
:10C4E0003E85410182803E85828089479DCD15CD64
:10C4F000411106C61D472380E50003570500AE879E
:10C500002146A380E5000357050021832381E50030
:10C5100093052500138537009780FF1FE78000A152
:10C52000B24081473E85410182803E8582808947B5
:10C530008DC505C5411106C6AE870D47AA85238066
:10C54000E7001385170041469780FF1FE780009E94
:10C55000B24081473E85410182803E858280894785
:10C560008DC505C5411106C6AE871147AA85238032
:10C57000E7001385170041469780FF1FE780009B67
:10C58000B24081473E85410182803E858280894755
:10C590008DC505C5411106C6AE872947AA852380EA
:10C5A000E7001385170041469780FF1FE78000983A
:10C5B000B24081473E85410182803E85828023A82A
:10C5C000019C23AA019C23AC019C9797FF1F938792
:10C5D0002786171700001307075998C3170700008D
:10C5E00013078746D8C317070000130727DD98C72E
:10C5F0009797FF1F93878784172700001307A7CB00
:10C6000098C31707000013074760D8C31717000027
:10C61000130767DE98C78280C14709CD144DC14713
:10C6200091CA784D01CB83C73600BD4663F4F6004E
:10C63000834787013E858280411122C41384019D76
:10C640004AC02A89084006C626C241C5A284631E84
:10C650000900834705002146B1CB29059780FF1FBC
:10C66000E780C08C9C400545B9CF4945EF706F9776
:10C670002A840DC5930710FC2300F500A3002501B3
:10C680008C400905414689059780FF1FE780008A95
:10C690009C40A28503C51700EF700F9F88409780CC
:10C6A000FF1FE780E02923A8019C29A8090597809E
:10C6B000FF1FE780A087EF20B046054945F51C40E5
:10C6C000238027010545B24022449244024941019A
:10C6D00082800145CDBF1C4D639F0716411122C4C6
:10C6E00026C22A84AE8441459305300506C697804C
:10C6F000FF1FE780401B08CCCD4763040510A685CB
:10C7000041469780FF1FE780608283450400F9ED72
:10C710007C4C184CD04B5443058A858A6307D6005D
:10C7200083D64701F99A239AD700D04B5443058208
:10C730008582058A858A6307D60083D64701F59AE4
:10C74000239AD700D04B544309828982058A858A6F
:10C750006307D60083D64701ED9A239AD700D04BC2
:10C7600054430D828D82058A858A6307D60083D65D
:10C770004701DD9A239AD700D04B54432182A182EE
:10C78000058A858A6308D60083D6470193F6F6EFBB
:10C79000239AD700D04B54432582A582058A858AE7
:10C7A0006308D60083D6470193F6F6DF239AD700B5
:10C7B000D04B54432982A982058A858A6308D60012
:10C7C00083D6470193F6F6BF239AD700D44B58433C
:10C7D000AD822D83858A058B638AE60003D74701E6
:10C7E000FD769386F67F758F239AE70003C71400C2
:10C7F0007C4C11CF03C7170019CB9547A301F40058
:10C800008147B240224492443E854101828003C761
:10C810002400118B19E703C72701118B19E3854702
:10C82000F1BF03C7070083C6040081C5B687BA8677
:10C830003E871146E147E366E6FCE364D6FC954794
:10C840003307F702973701009387C7B23E973697B1
:10C850008347070065B7C5473E858280AE8715C50B
:10C86000784D05C7834607002380D500834617000F
:10C87000A380D500834627012381D5008346870105
:10C88000584BA381D500D8C18280414681453E8561
:10C890006F70CFAB9387419D9C4391C703A38700E3
:10C8A00063030300028309458280011122CC2A849C
:10C8B000494506CEEF80FFEB05C12AC62285EFF081
:10C8C000CFE119C96244324683550503F24003C5DE
:10C8D000E19D05616F70AFC6F240624405618280E0
:10C8E000797126D29947231DB100AA842E858D45E2
:10C8F00022D406D632C636C4231CF100EFD09FFEE8
:10C900002ACE4D441DC13246A246AA853285829662
:10C910002A8419E52C082685EFF0CF8B2A8411C5CF
:10C9200072459780FF1FE780A0012685EFF0FFF793
:10C930002285B2502254925445618280011122CC4A
:10C940009305C5012A8441460A8506CE9770FF1FCC
:10C95000E780C05D035544000A8697060000938671
:10C9600046BDC545EFF0DFF7F240624405618280C5
:10C97000011122CC9305C5022A8441460A8506CEC0
:10C980009770FF1FE780805A035544000A86970678
:10C990000000938606BDC545EFF09FF4F240624467
:10C9A000056182802E86970600009386A6AAC5455B
:10C9B0006FF01FF30111B28722CC2300B1002A844B
:10C9C000BE8513051100194606CE9770FF1FE7803C
:10C9D000E0550A862285970600009386A6AAA145FF
:10C9E000EFF01FF0F2406244056182802E869706C8
:10C9F00000009386C6ACC5456FF09FEE0111B2876B
:10CA000022CC2310B1002A84BE85130521002146C3
:10CA100006CE9770FF1FE78060510A862285970631
:10CA200000009386C6ACAD45EFF09FEBF240624448
:10CA3000056182802E8697060000938686B5C545DF
:10CA40006FF01FEA011106CE22CC26CA83440500EE
:10CA50008547639BF4048347150019472A84639A2A
:10CA6000E7041C4D83D7470013F7071019C7784D0B
:10CA7000035747011377071021E313F7072001CB72
:10CA8000784C03574701137707206315071093F776
:10CA9000074081CB7C4C83D7470193F70740639CC9
:10CAA0000714C947A300F400F2406244D244056170
:10CAB000828031476392E70A3C5091EF930530053D
:10CAC00071459780FF1FE78000DE28D009C57146B9
:10CAD0008145EF70AF872450A9C883C7A40191E7AF
:10CAE0002285EFF07FB3238DA40081452685414642
:10CAF000EF70CF8528503D478345A5019387F5FF0B
:10CB000093F7F70F6364F700EF806F98EF605FE7CC
:10CB10003C50A1452398A70013852701EF802F974C
:10CB20002C5003554400EFF0FFE7B5470355440090
:10CB3000A300F400EFF06FBA414611C58357E5003A
:10CB400013D617003E966244F240D24403C5E19DDD
:10CB5000854505616F70AF9E3547639AE7023C518A
:10CB600089CB83D507010355450013862701EFF0D4
:10CB7000FFE81C4C83D7470013F7072039CB784CCC
:10CB8000035747011377072029C7B94745B73947E6
:10CB9000639BE700EF800FBFAA8503554400EFF0C9
:10CBA000FFE4BD4761B73D476394E704EF80EFBC06
:10CBB000AA85630D9502814526852EC6EF80AFB903
:10CBC0002A86B24503554400EFF0DFDE1C4C83D7C4
:10CBD000470093F70740E38607EC7C4C83D7470177
:10CBE00093F70740E38F07EAC14789B78144E9B764
:10CBF0004147E398E7EAEF80AFB9AA8503554400BF
:10CC0000EFF05FE379BD797106D622D426D2834452
:10CC10000500A5E48347150019472A846394E706B5
:10CC20007C4D83D7470113F7170011C7184D0357E1
:10CC30004700058B39EB13F7270019C7184C03572A
:10CC40004700098B631D0712918B99C71C4C83D732
:10CC50004700918B639407187C4C83D7470113F7E7
:10CC6000071063050718184C035747001377071080
:10CC7000630E0716B147A300F400B2502254925439
:10CC8000456182801D47639FE70A3C5089EB93050D
:10CC9000300571459780FF1FE780E0C028D0245001
:10CCA000BDC82285EFF05F97238DA40081452685BE
:10CCB0004146EF60BFE928503D478345A501938772
:10CCC000F5FF93F7F70F6369F70283C701A4A5CBBC
:10CCD000414681450808EF607FE7194697A5FF1F89
:10CCE000938545DD08089770FF1FE78020243050AA
:10CCF0000C082E85EF70D06AEF609FC83C50A145AC
:10CD00002398A70013852701EF707FF82C50035557
:10CD10004400EFF03FC9A14703554400A300F400CD
:10CD2000EFF0AF9B414611C58357E50013D61700BE
:10CD30003E96854503C5E19DEF706F803DBFEF7066
:10CD40001FF55DBF21476399E7023C5189CB83D52D
:10CD500007010355450013862701EFF03FCA7C4CBD
:10CD600083D7470113F7270021CF184C03574700FB
:10CD7000098B39C7A5474DB72547639BE700EF806F
:10CD80006FA0AA8503554400EFF05FC6A94769B7B5
:10CD900029476392E704EF804F9E8547AA85630485
:10CDA000F5008145854426852EC6EF80CF9A2A86D8
:10CDB000B24503554400EFF0FFBF7C4C83D74701D9
:10CDC000918BE38B07E81C4C83D74700918BE3855D
:10CDD00007E8AD4791B72D47E390E7E8EF804F9B19
:10CDE000AA8503554400EFF0FFC4BDB513F7072033
:10CDF00009CB184C035747001377072019C3B947CD
:10CE00009DBD93F7074089CB1C4C83D7470093F710
:10CE1000074099C3C14785B5C947B1BD0DCD0111C3
:10CE20008A8522CC06CE2A84EFF05FA383470400D4
:10CE30000355440097160000938666B389E797165A
:10CE40000000938666B30A869D45EFF07FA9F24005
:10CE500062440561828005458280AA8503C5E19D03
:10CE60006F70AF84411122C4405926C206C6AA84FD
:10CE700031C4084C09C59780FF1FE78060AC28507B
:10CE800009C59780FF1FE780A0AB685009C5978050
:10CE9000FF1FE780E0AA285409C59780FF1FE7809D
:10CEA00020AA685409C59780FF1FE78060A92285E2
:10CEB0009780FF1FE780C0A823AA0402224403D55D
:10CEC0000403B240924441016FF03FF9411126C280
:10CED00006C622C4AE84EFF04F8031C14C592A847B
:10CEE0009DCD83A8C50603A88506FC51B85183C60D
:10CEF000650003D6450083C505002685EF80FF8EBB
:10CF00002285EFF03FF6EFF06FC511C92244B24021
:10CF1000924403C5E19D854541016F60FFCFB2405A
:10CF20002244924441018280411122C4405926C2C8
:10CF300006C67C4CAA8483D7470113F7071019C78C
:10CF4000184C03574700137707101DE313F707200A
:10CF500019C7184C035747001377072011EB93F7B5
:10CF600007409DCB1C4C83D7470093F707408DC7E4
:10CF70009947A300F4002285EFF0DFAC03471400CB
:10CF8000C947631FF700224403D52400B2409244EE
:10CF9000814541016FF09FF3C947A300F400E5B755
:10CFA000B2402244924441018280411106C622C40B
:10CFB00026C2EFF06FB521C14059AA840DCC83473A
:10CFC00004009DC79387419D9C4389C7DC4399C357
:10CFD0002285829703471400C947631EF700224445
:10CFE00003D52400B2409244814541016FF01FEE09
:10CFF0009387819DD1BFB2402244924441018280F7
:10D00000411126C24AC006C622C4AA842E89EFE076
:10D01000DFEC0DCD40595DC0835744006390970A03
:10D020008347140019476392E70883470400BDCB88
:10D030007C4C83D7470113F7170005C3184C0357DF
:10D040004700058B19CB9D47A300F400B240224452
:10D050009244024905454101828013F7270001CB24
:10D06000184C03574700098B19C3A547F1BF918B93
:10D0700081CB1C4C83D74700918B99C3AD47E9B74F
:10D080009387419D9C43F9D3DC43E9D32285829762
:10D0900003471400C9478145E31AF7FA2685EFF0E4
:10D0A000FFE26DB79387819DF1BF45476398E70025
:10D0B0006304090013092003CA85CDB7631C090066
:10D0C0002685EFE09FE119C58347450093E70701F7
:10D0D0002302F500A6854A85EF804F9085BF411158
:10D0E00022C42E862E8497F6FFFF9386862B8945D1
:10D0F00006C626C24AC02A89EFF08FFE8345040087
:10D10000AA844A85EFF09FDCB2402244268502497A
:10D110009244410182809387819D9C4395CB9C439F
:10D1200085CB797122D406D6984110082A843AC852
:10D13000D84185453ACA829701C92306A100035503
:10D1400024006C00EFF0BFF9B25022544561828098
:10D150008280011122CC06CE2A842EC6EFE0FFD7B2
:10D160005C5991CF83D74700B245639A87008547C2
:10D170006397F5006244F24005616FF0BFCEF24064
:10D18000624405618280411106C6EFF0CF94C16709
:10D19000FD176307F500B240DD4541016FF01FD375
:10D1A000B240410182802300B5008280011126CA6D
:10D1B0004EC6AE84AA8993053005130500034AC8FC
:10D1C00006CE22CC32899770FF1FE780C06D29CD33
:10D1D0001306000381452A84EF605F974146CE85A0
:10D1E0002285EF601F9FA6850D461305D401EF60D1
:10D1F0005F9E13060402930504012285EF70501A06
:10D20000AA840D469305D4024A85EF609F9C22852F
:10D210009770FF1FE780C072F24062442685424942
:10D22000D244B24905618280CD44FDB78147414671
:10D23000B306F5003387F5000347070003C806006F
:10D240008507334707012380E600E393C7FE82800A
:10D250005D714EDE62D4AE892A8C930530051305CC
:10D260000003A6C2CAC052DC56DA5AD85ED686C6B9
:10D27000A2C4B28B368BBA84BE8A4289468A977022
:10D28000FF1FE78040626301050E1306000381451E
:10D290002A84EF60BF8B4146E2852285EF607F9351
:10D2A000414681450A85EF607F8A1D46DE850A85F5
:10D2B000EF603F921D46DA8513057100EF607F91A4
:10D2C00033392001B33490004146814508082307D3
:10D2D0002101A3079100EF607F871946D685480892
:10D2E000EF603F8F1946D2851305A101EF607F8E55
:10D2F000930404014146CE852685EF609F8D8A8583
:10D300002685EFF0BFF2930904024E86A68522859A
:10D31000EF7010092A891DE54146CE852685977054
:10D32000FF1FE780A0C00C082685EFF03FF04E8677
:10D33000A6852285EF70D0062A8946454146CE85CE
:10D34000EF603F8922859770FF1FE780605FB640DE
:10D3500026444A8596440649F259625AD25A425B9B
:10D36000B25B225C616182804D49D5B7011126CA4A
:10D3700052C4AA842E8A13050003930530054AC8B7
:10D380004EC606CE22CC3289B6899770FF1FE78041
:10D39000805131CD2A84A6854146EF609F83930456
:10D3A00004012146D2852685EF60BF82CA852146C9
:10D3B00013058401EF60FF8113090402A6854A86E4
:10D3C0002285EF70E07DAA844146CA854E85EF60D4
:10D3D0005F8022859770FF1FE7808056F24062448D
:10D3E00026854249D244B249224A05618280CD4411
:10D3F000F5B75D71A2C4A6C24EDE52DC86C6CAC0B5
:10D40000AE89328AAA84EFE05FAD4059414681453A
:10D410000A85EF60AFF351C80359440063179908B8
:10D4200083470400D9E30347140099476313F704C3
:10D4300014081306C4049305C40213057400EFF026
:10D44000FFF225E52285EFF02F9D2A860C080A853C
:10D450009770FF1FE78080AD8A854A85EF10906D39
:10D460000545B640264496440649F259625A616120
:10D4700082802C509DC9C54683D70501631BD70800
:10D480006310FA022146C9054E85EF604FF28547C9
:10D490006318F5002285EFF02F982A862C5045BF9F
:10D4A000930520032685EFF07FA22685EFE0FFA2FB
:10D4B0002A8435CD4C55A5CD83D7050163994707FF
:10D4C0002146C9054E85EF608FEE85472A89631096
:10D4D000F5064C540A8503C6A5019770FF1FE78027
:10D4E000E0A483C7B18891C75C5483C7B701639F29
:10D4F000270DBD452685EF10305E9797FF1F938758
:10D50000A74E9C5B0145B1DF1D45894582970145CA
:10D5100089BFE31CFAF82146C9054E85EF602FE963
:10D520008547E314F5F82C5003C6A5010DB7938782
:10D5300031A303C707009799FF1F9389E94A3E89E2
:10D54000058B05CF0347540083C7C1A26317F702B9
:10D5500019469385D1A213056400EF604FE5854716
:10D56000631DF50083A7090381C791451D45829777
:10D57000BD452685EF105056E5B503C701A483A726
:10D58000090321CB03470900098B09CB81C79545C6
:10D590001D4582972685EF10305AD9B581C78D4534
:10D5A0001D458297414681450810EF602FDA1946E4
:10D5B0009795FF1F9385055008109770FF1FE78010
:10D5C000E0960C100A862E85EF70805D8A85268590
:10D5D00071B58545D5FF7DBF8147C1463307F5004D
:10D5E000B388F5000347070083C808003308F60036
:10D5F0008507334717012300E800E391D7FE8280B7
:10D600000147BD471308F00F3306F50083460600B7
:10D61000B388F500FD178606558F2380E800034781
:10D62000060093F7F70F1D83E39007FF8280814781
:10D63000930800F8414893F6F70F3387F50063FC31
:10D64000C600B306F50083C606002300D700850791
:10D65000E39307FF82806395C60023001701C5BFCF
:10D6600023000700EDB701114AC856C22E89AA8AC5
:10D6700093053005414506CE22CC26CA4EC652C47B
:10D68000328A9770FF1FE7800022AA849305300535
:10D6900041459770FF1FE78000212A84CD49B5C01E
:10D6A00021CD41468145EF606FCA2686A285568509
:10D6B000EF70004FAA8929E18387040063D307062E
:10D6C000A2852685EFF0DFF34A8697250100938532
:10D6D00025CC2285EFF05FF08307090063D80704AB
:10D6E000A2854A85EFF0DFF15286972501009385E8
:10D6F00025CA2285EFF05FEE26859770FF1FE78031
:10D70000202411C422859770FF1FE7806023F24018
:10D7100062444E85D2444249B249224A924A056146
:10D720008280CA852685EFF0BFED7DB7D2854A8518
:10D73000EFF01FEDD1B739715AD05ECE2A8BAE8B88
:10D7400041459305300506DE26DA52D456D262CC26
:10D7500066CA6AC8368C328DBA8C22DC4AD84ED65C
:10D760009770FF1FE7802014AA8A93053005414572
:10D770009770FF1FE78020132A8ACD44638C0A0824
:10D7800049C52A86D6855A85EFF0FFEDAA8435ED86
:10D790009305300541459770FF1FE780C0102A8927
:10D7A0009305300541459770FF1FE780C00FAA8998
:10D7B0006308090E6304050E1304FD00118413763B
:10D7C000FD003DCC7D144204418025EE131544003C
:10D7D0004E86D6855E95EFF03FE0414681454A850D
:10D7E000EF60CFB6014D93170D01C18363F4870835
:10D7F000BDC04A859770FF1FE780801463870900CA
:10D800004E859770FF1FE780A01356859770FF1F06
:10D81000E780001363070A0052859770FF1FE780B7
:10D820002012F250625426854259D254B259225ADB
:10D83000925A025BF24B624CD24C424D2161828083
:10D840000144131544008A855E95EFF05FDE4E8635
:10D85000D2850A8549B793154D000A86DE954A851B
:10D86000EFF09FD74A868A855A85EF706033AA8485
:10D87000050D95BFBDFC0A86CE854A85EFF0DFD544
:10D880004A868A855A85EF70A031AA846686CA8541
:10D8900062859760FF1FE7806069A1BFCD4491BF9B
:10D8A000CD44A9BF894761C2DDCD2300A60083C74F
:10D8B0000500A300F60083C715002301F60083C707
:10D8C0002500A301F60083C73500A302060023024A
:10D8D000F60083D74500A183858BA302F60003D70A
:10D8E00045001377072009C793E72700A302F60036
:10D8F00083D7450093F7074099C78347560093E7BE
:10D900004700A302F60083D74500139747016358E9
:10D9100007008347560093E78700A302F60023031E
:10D92000060083C74500858B2303F60003D7450017
:10D93000098B09C793E727002303F60083D7450027
:10D94000918B99C78347660093E747002303F6004E
:10D9500003D745008147218B19C70347660013672A
:10D9600087002303E6003E8582802E86AA85054532
:10D970006FF05FF32E86AA8509456FF0BFF24DC99F
:10D980005971A2D42A8403554500A6D2CAD0CECE5E
:10D99000D6CA86D6D2CCDAC8DEC6B68AB2892E8975
:10D9A000EFE0AFD3AA8439C50C182285EFE01FEB56
:10D9B00083470400138A6400A9CBEF700FDC2A8B25
:10D9C000014583CB5400EF700FD9AA840C100818BE
:10D9D000EFF0BFF9084C2C10EFF0DFF9D288268A5F
:10D9E00056C05E88D2875A8714103010CE854A857B
:10D9F000EFF01F86B650265496540659F649664AEB
:10DA0000D64A464BB64B65618280EF700FD7AA8B22
:10DA1000014503CB5400EF700FD42ACE084C0C10F4
:10DA2000EFF0BFF42C100818EFF0DFF4F2484DBF10
:10DA30008280894791C909C9AD472380F500834792
:10DA40000500A380F50081473E858280011122CC2C
:10DA50004AC806CE26CA2A84EFE0FFC72A8901CD2C
:10DA6000E147630EF50E2149F24062444A85D244F3
:10DA70004249056182807C4C83C72701858B91CF09
:10DA80001C4C054783C727008D8B6398E7008347AD
:10DA9000640093E717002303F400834434008947AC
:10DAA0006391F402035544008545EF709FEC834772
:10DAB000640093E747002303F4008D47A300F400BC
:10DAC00065B70D476390E402035544008945EF7044
:10DAD0005FEA83476400A300940093E747002303B1
:10DAE000F40059B71147E38FE4FA0547639EE40257
:10DAF00093047400A300F400414681452685EF603D
:10DB0000EF841306C4023285C14532C6EF702F98E8
:10DB1000324622859306C401A685EFF05FE6228592
:10DB2000EFE0DFE131D181B71547E39FE4F29304E1
:10DB30007400A300F400414681452685EF600F8103
:10DB40006C4C4146268589059760FF1FE780003EA3
:10DB50008347640093E747002303F4005DB70D4952
:10DB600021B7397122DC405926DA4AD84ED606DE72
:10DB7000AA89AE84328963070420035525008357A0
:10DB80004400638BA700A144F25062542685425999
:10DB9000D254B259216182808347040099E39D44A5
:10DBA000E5B7AD47E3EDB7FE9387E5FF93F7F70FD2
:10DBB0002547E366F7FE171701001307E7738A0787
:10DBC000BA979C43BA978287B2852285EFF01FE807
:10DBD000AA845DBF4146CA851305C4039760FF1F31
:10DBE000E780C0342285EFE0BFD8AA8411C1A144E8
:10DBF0009547A300F40049BF9309C404CA85414670
:10DC00004E859760FF1FE780603213097400140887
:10DC10004E86CA852285EFF09FD641469305C40300
:10DC20000808EF50DFF88547E310F5F68A861306FB
:10DC3000C402CE854A85EFF06FF311ED2285EFE047
:10DC4000BF9D2A8703554400814601468A85EFE03F
:10DC5000AFF6AA8411C1A144994761BF03471400DC
:10DC60009D47E31EF7F27C5089EB93053005714523
:10DC70009770FF1FE78020C368D068500DD14146E0
:10DC8000CA859760FF1FE780602A2285EFE0DF9852
:10DC90007C50238DA700A147A300F4008144EDB57B
:10DCA0006850E30E05EE03471400A147E319F7EEB1
:10DCB000835706009305290021462318F5004905DE
:10DCC0009760FF1FE78080267C4C83D7470113F7BE
:10DCD00027002DC3184C03574700098B21CFA547B8
:10DCE00065BF03471400A547E31BF7EA3C5481EBEB
:10DCF000854559459770FF1FE780E0BA28D428541E
:10DD000019C54146CA859760FF1FE7802022A947B1
:10DD100061B703471400A947E313F7E828541946ED
:10DD20009305190041059760FF1FE78020207C4C78
:10DD300083D74701918B95CF1C4C83D74700918B9C
:10DD40008DCBAD4791BF7C5489EB93053005514590
:10DD50009770FF1FE78020B568D46854E30505E29B
:10DD60004146CA859760FF1FE780401C7C547D5761
:10DD700098CB4E85EFF04F9B15B783450600EFF02B
:10DD8000EF9429BFAD47E39BF5F08346060083552A
:10DD900025001306650003450500EF704FD4FDBD57
:10DDA00015C1AA8709458DC141112E85414693852C
:10DDB000170006C69760FF1FE7804017B240014575
:10DDC0004101828009458280828089471DC595C5B1
:10DDD000411106C603471500AE8719462380E500AA
:10DDE00093052500138517009760FF1FE780001437
:10DDF000B24081473E85410182803E85828015C1C7
:10DE0000AA8709458DC141112E854146938517008A
:10DE100006C69760FF1FE7806011B24001454101CF
:10DE2000828009458280828089471DC995C9411138
:10DE300006C60347250083461500AE872207558F87
:10DE40002390E50021469305350013852700976050
:10DE5000FF1FE780A00DB24081473E8541018280CF
:10DE60003E85828015C1AA8709458DC141112E8545
:10DE700041469385170006C69760FF1FE780000B99
:10DE8000B240014541018280094582808280094774
:10DE900011CD89CD83471500A14601472380F500A8
:10DEA000FD1793F7F70F63F3F60061473A85828019
:10DEB00015C1AA8709458DC141112E85414693851B
:10DEC000170006C69760FF1FE7804006B240014575
:10DED000410182800945828082808947630905105B
:10DEE00063870510411106C622C426C28347150068
:10DEF0002E842380F50083472500A380F500834707
:10DF000035002381F50083474500A381F500834751
:10DF10005500858B9396870083D7450093F7F7EFDD
:10DF2000D58F2392F5008346550093F7F7DFA206BD
:10DF300093F60620DD8E2392D5000347550093F615
:10DF4000F6BF220713770740558F2392E5008347DA
:10DF50005500FD769386F67F8D83858B758FAE0792
:10DF6000D98F2392F50083466500F99B858ADD8E63
:10DF70002392D500034765009377270013F7D6FF58
:10DF80005D8F2392E5008347650093F64700937702
:10DF9000B7FFD58F2392F50003476500DD9B4D4504
:10DFA000218BD98F2392F500EF70AFFCAA845145E5
:10DFB000EF702FFC0347340093F4F40F1375F50F43
:10DFC000C94763609702636EE5008346040011470A
:10DFD000E1476368D7008346140005476363D700B1
:10DFE0008147B240224492443E85410182803E8571
:10DFF000828015C1AA8709458DC141112E854146F0
:10E000009385170006C69760FF1FE78020F2B24095
:10E01000014541018280094582808280797122D444
:10E020002A84084506D626D223060100834405002B
:10E0300029479387F4FF93F7F70F6362F70C1717DD
:10E0400001001307E72D8A07BA979C43BA97828786
:10E050000C08EFF09FE8C9476312F50299472306C1
:10E06000F100035524006C00EFF06F87B25022548A
:10E070009254456182800C08EFF0DFDE29C98347A6
:10E08000C100E5F303552400EFE03F82C5B70C085B
:10E09000EFF01FE2E5B70C08EFF07FDFC5B70C0823
:10E0A000EFF01FD0E1BF0C08EFF01FD8C1BF0C0884
:10E0B000EFF0FFD4E1B70C08EFF03FD1C1B70C0887
:10E0C000EFF03FF365BF834715002308F1000355C8
:10E0D0002400EFD09FE0A14705C10347C5006312AC
:10E0E000F7029387419D98439D4719C7184309C775
:10E0F0001008A6850297AA872306F10049B79D4715
:10E10000B9BF9387819DC5B7411122C406C6034795
:10E110000500930720092A846312F70A8347150034
:10E1200039476393E70283564500096761078147D2
:10E130006391E6081C452244B24003C5070093855D
:10E14000170041016FE04FCF1307E0036396E70824
:10E15000034725009547631DF70203554500EFD09F
:10E16000FFF691476304F5008547A1A09387819D41
:10E170009C43FDDB03A38700E30803FE0356E40092
:10E1800003554400930564002244B24041010283D8
:10E19000A147631BF70083456400035544002244F4
:10E1A000B24041016FE0DFE5930600038147E304DD
:10E1B000D7FEB24022443E85410182809306000A88
:10E1C0008147E318D7FEEFF07FE5084451DD976003
:10E1D000FF1FE780E07649BF8147E1BF411122C4BC
:10E1E00026C206C62A84EFE00FCFAA8419C9E147E8
:10E1F000630FF50AA144B2402244268592444101AE
:10E2000082802285EFE09FC16C4C83C72501858BFE
:10E2100091CF1C4C054783C727008D8B6398E7007F
:10E220008347640093E717002303F4008347340017
:10E2300009476391E702894503554400EF706FF386
:10E240008347640093E747002303F4009147A3004A
:10E25000F40055B79386D7FF93F6F60F054663642F
:10E26000D6008545D1BF6390C702A300E4004146B4
:10E27000814513057400EF507F8DC1451305C4021D
:10E28000EF60FFA08DBF9546E397D7F6A300E400AB
:10E2900041468905130574009760FF1FE78000C998
:10E2A0008347640093E747002303F400F9B78D44E4
:10E2B00099B7797122D4405926D24AD04ECE06D68B
:10E2C000AA89AE8432896309042003552500835747
:10E2D0004400638BA700A144B25022542685025902
:10E2E0009254F249456182800347040085476314D4
:10E2F000F7009D44D5B79387F5FF93F7F70F2547B0
:10E30000E369F7FE17170100130747048A07BA9756
:10E310009C43BA978287B2852285EFF03FECAA84AE
:10E3200065BF4146CA851305C4039760FF1FE78098
:10E33000E0BF0347140091476305F7029306C40149
:10E340001306C402930574002285EFF04FE3228583
:10E35000EFE0CFDEAA8411C1A1449547A300F400E9
:10E36000A5BF8D47A300F4008144BDB79307C40443
:10E370003E85CA8541463E899760FF1FE78000BB06
:10E380008A864A86930574002285EFF04FDF414666
:10E390009305C4030A85EF509F818547E31EF5F27C
:10E3A0002285EFE0EFDCAA841DF5994745BF0347BE
:10E3B0001400B147E31FF7F27C5089EB9305300559
:10E3C00071459760FF1FE780004E68D0685015D1F7
:10E3D0004146CA859760FF1FE78040B52285EFE080
:10E3E000AFA37C50238DA700B547ADBF6850E302B3
:10E3F00005F003471400B547E31DF7EE8357060009
:10E400009305290021462318F50049059760FF1F51
:10E41000E780C0B17C4C83D7470113F707203DC389
:10E42000184C035747001377072029CFB9471DBF62
:10E4300003471400B947E31EF7EA3C5489EB930500
:10E44000300559459760FF1FE780E04528D42854E0
:10E4500019C54146CA859760FF1FE78020ADBD47BB
:10E4600011B703471400BD47E315F7E828541946D0
:10E470009305190041059760FF1FE78020AB7C4C96
:10E4800083D7470193F707409DCF1C4C83D74700A4
:10E4900093F707408DCBC147F1B57C5489EB9305C9
:10E4A000300551459760FF1FE780E03F68D468540E
:10E4B000E30305E24146CA859760FF1FE78000A796
:10E4C0007C547D5798CB03D529008145EFE01FA0F0
:10E4D00061BD83450600DDBF8547E397F5E8032866
:10E4E00046008347360003472600834616008355BF
:10E4F0002500034606000145EF605FD5B5B5011163
:10E5000026CA06CE22CC89441DCD95CDAA842E8460
:10E5100068008D45EF60AFF78347E10026852286CE
:10E5200093F7F70393E707046C002307F100EFE08C
:10E53000FFC7AA8409E90D466C00130534009760F3
:10E54000FF1FE780A09EF24062442685D244056109
:10E5500082805D714EDE86C6A2C4A6C2CAC052DCED
:10E5600056DA5AD85ED6894955C54DC6138B450033
:10E57000420B135B0B01AE8A2A8A930530055A853C
:10E58000B2849760FF1FE78000322A84CD4959C1C9
:10E59000EF60DFA02A895686D285935A8900135AE4
:10E5A0000901937BF90F1305440093FAFA0F137ACC
:10E5B000FA0F13598901EF50CFE1A3017401230130
:10E5C0005401A300440123002401EF607F9CAA852D
:10E5D00041460808EF50EFDF214734005A86A285F4
:10E5E0000808EFF04F95AA890DE121462C00238001
:10E5F0007401A380540123814401A3812401138564
:10E600004400EF500FDDEF605F9A22859760FF1F97
:10E61000E7800033B64026444E8596440649F259B9
:10E62000625AD25A425BB25B61618280011106CEAE
:10E630002AC6EFD0DFF832459945238FA19CEFC061
:10E640008FA5F24017F5FFFF1305E5B005616FD008
:10E65000FFA083C7F19DA18B1767FF1F1307477D9D
:10E6600091E3014723AAE19C01458280797152CC54
:10E670002A8A2E8506D622D426D24AD04ECE2EC63F
:10E68000EFD0BF8545C5405945C48347340089490B
:10E69000F91793F7F70F63EDF90883574400B24574
:10E6A00089446394B706130974004146D2854A85AC
:10E6B0009760FF1FE78080871306C4023285C1453B
:10E6C00032C6EF60CFDC32469306C401CA8522858C
:10E6D000EFF0EFAA03470400834714000DC30D4772
:10E6E00081446394E702A300340122852254B2508E
:10E6F00092540259F249624A45616FE02FA41147D2
:10E70000639EE700A30094008144B2502254268502
:10E7100002599254F249624A456182800D47814410
:10E72000E395E7FE9547A300F400C1B78944F1BF24
:10E73000C944E1BF79719397050122D406D626D248
:10E740004AD04ECEC1872E8463D1070403C5E19D14
:10E75000EF500F8D2AC611CDEFF01F9BB24519E582
:10E7600003C5D19D9307F00F631EF5002E85EF5072
:10E770008F842165218DB250225492540259F2495E
:10E7800045618280EF504F90EDB793F7150091C728
:10E79000EFE0BF8113451400F9BF8DE90145E1BFEA
:10E7A000850493F4F40FEFD01F8BE3F9A4FE3395A7
:10E7B00099001319050113590901B3772401EDD309
:10E7C0004A85EFE05F9C3345240175B78544854950
:10E7D000D9BF39C9011126CA06CE22CCAA8409455F
:10E7E0009DCD0D4628002E848D059750FF1FE78094
:10E7F000E0738347A10070002C0093F7F70393E7C1
:10E80000070426852305F100EFE05F9A09E90D462C
:10E81000A2856800EF50AFB97D153335A000F240F6
:10E820006244D244056182800945828083C7F19D9C
:10E83000918B1767FF1F1307676091E3014723ACB4
:10E84000E19C01458280011152C42A8A32854EC65C
:10E8500056C25AC006CE22CC26CA4AC82E8BB28ACD
:10E86000B689EFD08FE709ED8944F24062442685EE
:10E870004249D244B249224A924A024B05618280FF
:10E880005C592A89C544F5F34D45EF609FEE13743A
:10E89000F50F5145EF60FFEDE38809FC83C789015F
:10E8A000E3E487FC1375F50FE360F5FC9305300591
:10E8B000130500079760FF1FE780E0FE232AA902E7
:10E8C0002A84CD445DD1130600078145EF500FA87F
:10E8D000A300040023004401230164012312540116
:10E8E000232E3405232C0400A301040063170A001F
:10E8F0008547A300F40081448DBF2285EFE00FD24D
:10E900008547A300F400AA842DD14A85EFE08FD576
:10E91000A9BF397122DC06DE26DA4AD84ED652D497
:10E9200056D25AD05ECE62CC66CA0944630F060E38
:10E93000630D070EAA8B3A89368BB28A2E8CEFD0E4
:10E94000CFD92A8A51446302050E9305300541450B
:10E950009760FF1FE78020F5AA894D4479C583445D
:10E96000190083472900A204C207BE948347090007
:10E97000BE9483473900E207BE9483278A0263E688
:10E9800097007D570944639DE70863070C008347A0
:10E990004A000544898BC9C7930C4B002146814529
:10E9A0000A85C20CEF508F9A93DC0C019305300559
:10E9B00066859760FF1FE78000EF2A8C4D442DC1CC
:10E9C0005A86D6851105EF50CFA01146CA856285BB
:10E9D000EF502FA0414693058A014E85EF506F9F5F
:10E9E00021478A866686E2854E85EFE0DFD42A8459
:10E9F0001DE121468A852800EF50AF9D21469305F1
:10EA000049002800EF50AF9A8547631EF502A6859E
:10EA10005E85EF70EF8062859760FF1FE78040F2B0
:10EA20004E859760FF1FE780A0F12285F250625467
:10EA3000D2544259B259225A925A025BF24B624C5A
:10EA4000D24C216182800544F9B7397162CC2A8C9D
:10EA5000594526DA4AD84ED652D456D25AD05ECE2E
:10EA600006DE22DCAE8B328BB68A3AC63E8AC2897B
:10EA7000468983440104EF40DFD62DCD916793870B
:10EA800017E92310F50085472301F5002A84324752
:10EA9000210563080C0493071003A301F400194631
:10EAA0008145EF50AF8A23036401A3035401230A75
:10EAB00094002312740123174401231834012319ED
:10EAC0002401A2856254F250D2544259B259225ABA
:10EAD000925A025BF24B624C03C5C19D21616F40AB
:10EAE000BFDAA30104001946BA859750FF1FE780DB
:10EAF000E04355BFF2506254D2544259B259225A9F
:10EB0000925A025BF24B624C21618280011122CC4D
:10EB10002A84314506CE2EC632C436C23AC0EF40F2
:10EB20005FCC1DCD9167938717E92310F5008D47C2
:10EB30002301F500A3018500B24522469246024713
:10EB40006244F2402312B5002313C5002314D500FC
:10EB50002315E500AA8503C5C19D05616F40DFD27D
:10EB6000F24062440561828001114AC82A89394510
:10EB700026CA06CE22CC2EC6B284EF409FC621C143
:10EB8000B2459167938727E92310F5009147A301C8
:10EB900025012312B5002A842301F500A685190555
:10EBA00021469750FF1FE7806038A2856244F240FB
:10EBB000D244424903C5C19D05616F40FFCCF2407C
:10EBC0006244D24442490561828001114AC82A89BF
:10EBD000414526CA06CE22CC2EC6B284EF407FC065
:10EBE0001DCD9167B245938727E92310F50095471E
:10EBF0002A84231225012301F50021461905975087
:10EC0000FF1FE780A032A285231794006244F240E0
:10EC1000D244424903C5E19D05616F40FFC6F24001
:10EC20006244D244424905618280011122CC2A8487
:10EC3000394506CE2EC632C436C23AC0EF407FBA3E
:10EC40001DCD9167938717E92310F500994723019C
:10EC5000F500B245224692460247231285006244DF
:10EC6000F2402313B5002314C5002315D500231645
:10EC7000E500AA8503C5C19D05616F40FFC0F24054
:10EC8000624405618280797122D406D62A842EC618
:10EC900032C436C23AC0EFD04FA41DC1B24522469D
:10ECA00092460247231CB100231DC1002C08130605
:10ECB000F00F2285231ED100231FE100EFD00F9318
:10ECC000B250225445618280011122CC2A843945F8
:10ECD00006CE2EC632C436C23AC0EF409FB01DCD1C
:10ECE0009167938717E92310F5009D472301F500ED
:10ECF000B245224692460247231285006244F24002
:10ED00002313B5002314C5002315D5002316E500F1
:10ED1000AA8503C5C19D05616F401FB7F2406244DB
:10ED2000056182805D712AC613052002CAC04EDECD
:10ED300052DC56DA5AD85ED662D466D26AD086C61B
:10ED4000A2C4A6C26ECE2E8CB28B368B3AC43E8D38
:10ED5000C28CC68A035A01058359410503498105BE
:10ED6000EF403FA84DCD91663243938616E9A947FF
:10ED70002A842310D5002301F500930DE40021051A
:10ED80009304440122476305030693071003A3017C
:10ED9000F40019468145EF407FDB194681456E85B9
:10EDA000EF40DFDA194681452685EF403FDA23033D
:10EDB0007401A30364012300240323128401231D8F
:10EDC0005401231E4401231F3401A2852644B6406A
:10EDD00096440649F259625AD25A425BB25B225CAF
:10EDE000925C025DF24D03C5C19D61616F40DFA978
:10EDF000BA85A301040019469750FF1FE78000134E
:10EE0000EA856E8519469750FF1FE7802012194644
:10EE1000E68526859750FF1FE780401149BFB64021
:10EE2000264496440649F259625AD25A425BB25B72
:10EE3000225C925C025DF24D61618280011122CC04
:10EE40002A84214506CE2EC632C4EF409F990DC5B7
:10EE50002246930710592310F50023018500B2457F
:10EE60002303C5006244F2402312B500AA8503C5FE
:10EE7000C19D05616F405FA1F240624405618280DF
:10EE8000011122CC2A84214506CE2EC632C4EF4081
:10EE90005F950DC922469167938727E92310F500F6
:10EEA000A1472301F500B24523038500A303C50054
:10EEB0006244F2402312B500AA8503C5E19D0561B5
:10EEC0006F409F9CF240624405618280011122CC18
:10EED0002A84314506CE2EC632C436C23AC0EF402F
:10EEE0005F9005CD22468567938717C92310F500EB
:10EEF00023018500B2452303C500924602476244C0
:10EF0000F2402312B5002314D5002315E500AA858D
:10EF100003C5C19D05616F403F97F24062440561A2
:10EF20008280011126CAAE844AC82A891385C4008A
:10EF300006CE22CC32C6EF40DF8A0DCD8567B245C2
:10EF4000938717E923019500231225012A842310B2
:10EF5000F500310508C426869750FF1FE78000FDA5
:10EF6000A2856244F240D244424903C5C19D056175
:10EF70006F409F91F2406244D244424905618280D1
:10EF8000011122CC2A84194506CE2EC6EF407F857A
:10EF900015C58567938717F92310F5008547230169
:10EFA0008500A301F500B2456244F2402312B5008A
:10EFB000AA8503C5C19D05616F401F8DF240624463
:10EFC00005618280411122C42A840D4506C6EF40A6
:10EFD0005F8115C1930710F92300F500E947A300ED
:10EFE000F500230185002244B240AA8503C5C19DD6
:10EFF00041016F407F89B24022444101828001116A
:10F0000022CC2A84214506CE2EC6EF408FFD1DC599
:10F010009167938727E92310F500930700032301E5
:10F02000F500B245230385006244F2402312B50087
:10F03000AA8503C5E19D05616F401F85F2406244CA
:10F04000056182800111214506CE2EC632C4EF40F3
:10F050004FF915C58567938707392310F500B24529
:10F06000224685472301F500F2402312B500231301
:10F07000C500AA8503C5019C05616F40FF80F24071
:10F0800005618280397122DC1304F5FF4AD852D41D
:10F0900056D25ECE420406DE26DA4ED65AD0894BD0
:10F0A0002A8A3289B68A418063917515938B819B38
:10F0B00083C7819B5E8B89448DCF83C9160083C72C
:10F0C00006009144A209B3E9F9009787FF1F83C79F
:10F0D0009792F51763DFF9009307C6FF639BF90862
:10F0E00031452EC6EF40EFEF2A84B24519ED930467
:10F0F000F00FF250625426854259D254B259225A26
:10F10000925A025BF24B2161828042091359090134
:10F110002302B50023132501930700F91509A16502
:10F120002310F5002311450185054A859750FF1FDF
:10F13000E780607708C405C983C70B009385EAFFA1
:10F1400013562900FD17238CF19A9750FF1FE78073
:10F15000E0DF1C44A28503C5019C89071CC4EF4065
:10F16000AFF2814479B722859750FF1FE780407D39
:10F17000BDBF9307D6FFE3CCF9F6B1473304F402E1
:10F180009384819C9C40A29703C7A70019C788431A
:10F1900009C59750FF1FE780A07A13854900A16534
:10F1A00042058505418103AA04009750FF1FE780AF
:10F1B000806F9C40229A2320AA00A297884305D9F9
:10F1C00005472385E70083470B004A86D685FD1750
:10F1D000238CF19A9750FF1FE78040D59C403E94C6
:10F1E0002313240123123401ADBFB1473304F402C9
:10F1F000138B819C83270B00DA89A29703D76700C2
:10F20000884355C783D74700B306C700910763C03B
:10F21000D70A3A95D6859750FF1FE78020D103275C
:10F220000B008144229783576700CA97C207C183A6
:10F230002313F700035747001107E39CE7EA314522
:10F24000EF402FDAAA8515CD930700F92310F500BA
:10F2500083270B002302750123114501A29703D7D1
:10F2600067009C432313E5001CC503C5019CEF40C8
:10F27000AFE183270B003E94231304002305040011
:10F280008DBD83270B00A297884311C99750FF1F9C
:10F29000E780006B83270B00A29723A0070083A7BA
:10F2A00009003E9423130400230504005DBD11C929
:10F2B0009750FF1FE780C06883A70900A29723A08B
:10F2C000070083A7090085443E9423130400230507
:10F2D000040005B56F70C0536F70E054411106C64D
:10F2E000EF708054B2400145410182806F70005739
:10F2F0006F7000596F70205C6F70205E6F700060DF
:10F300006F70E0616F70C0636F70A0656F70806731
:10F310006F7080696F70606B6F70606D6F70606F21
:10F320006F7000718347160003460600A2075D8ECA
:10F330006F7040726F7080736F7040766F7000797D
:10F340006F70C07B6F70A07E6F70D0006F70F00226
:10F350006F7010056F7030071307A5FF42078567B0
:10F360002A8841831385A7C7636CE502138707C802
:10F3700001456368B70263E605031307301F636244
:10F38000C702138766FF42074183938767C763EA13
:10F39000E70005063306B6028E063325D6008280C6
:10F3A0000145828011C98327050993E70740232877
:10F3B000F508FD572300F5028280011122CC06CE0C
:10F3C0002A84034505029307F00F2E866309F50092
:10F3D0002EC6EF40BFB13246FD572300F4028347EB
:10F3E00034020357C4039306040293E70706A301FC
:10F3F000F40283574403A285F240BA97231DF40216
:10F40000624417050000130525FA05616F403F9C13
:10F41000011122CC06CE2A84034515029307F00F72
:10F420002E866309F5002EC6EF405FAC3246FD57CD
:10F43000A300F40293061402A2856244F240171559
:10F440000000130545FF05616F407F98011122CC34
:10F4500006CE2A84034525029307F00F2E86630902
:10F46000F5002EC6EF409FA83246FD572301F40257
:10F4700093062402A2856244F2401715000013058A
:10F4800025FE05616F40BF949777FF1F938707792B
:10F4900003C70702ED46A301E51403C717022302C1
:10F4A000E51403D72702A302E51421832303E514FF
:10F4B00003C74702A30FE51203C7570283D76702AA
:10F4C0002315D5142300E514A300F514A18323010B
:10F4D000F514B7071B00938787142326F5149307A9
:10F4E00080142318F514ED4713078004A30AF514BC
:10F4F0008547230B0514A30BE514230CF514A30C6B
:10F50000D514230D0514A30DE514230EF5148280E4
:10F510000357E503954703562503B307F7028356C0
:10F52000E50293D537406355B600118F9317370026
:10F53000B3C7D702C207C183231EF5028280832787
:10F54000C50E0D469306F00F03C707000D8B23056C
:10F55000E5006314C70083C62700A30AD50003C7CC
:10F560000700418B2308E50083C71700A305F500BA
:10F5700082800327050F63030710411122C406C6CA
:10F5800083478500032685152A8493F7C70F230434
:10F59000F5008345970021828356C70042061395E4
:10F5A0008501418261856375D606635E0504034566
:10F5B000870093F5F507A304B700854593E6270078
:10F5C0006314B50093E617002304D4005C43890755
:10F5D0005CC31376F60FA304C4000325840E4C43CA
:10F5E00009059750FF1FE78060948327040F0346A7
:10F5F0009400D44303D7C700B296118FD4C3239687
:10F60000E700894715A893E717002304F400D1B752
:10F6100013F6F60F635B050403458700854593E603
:10F6200027006314B50093E617002304D400A30455
:10F63000C400A30407008547A30BF4008327040F2D
:10F6400001459C4399CF0347A4029777FF1F83C7C7
:10F65000B73A6378F7008347840093E707012304F0
:10F66000F400B24022444101828093E71700230452
:10F67000F400A304C400A304070085B705458280F5
:10F6800083478500CD9B2304F50082808327C50E28
:10F690000347850083C70700935637408987B58F96
:10F6A000858B99C7134787002304E50001458280B5
:10F6B000054582808327C50E0347850083C7070061
:10F6C000935627408D87B58F858B99E71347470061
:10F6D0002304E50001458280054582808327050CCF
:10F6E00085072320F50C91E78327450C8507232206
:10F6F000F50C8327450C93F7070891C7854723200E
:10F70000F50C2322050C8347350293F7070491CFAC
:10F71000835745030357C503BA97231DF502832773
:10F72000450993F7F7BF232AF50882808327850CC4
:10F7300085072324F50C91E78327C50C850723262D
:10F74000F50C8327C50C93F7070891C78547232439
:10F75000F50C2326050C8347350213F7070409C768
:10F7600093E70702A301F50282809777FF1F938733
:10F77000E74ABC470145054791E3828083C677008D
:10F780006393E60005059C43C5BF411122C4914522
:10F790002A84014506C6EF401FB32315A40417773A
:10F7A000FF1F0357674D854763F4E70483574403FE
:10F7B000835624050355C4041777FF1F1307074614
:10F7C0009D8EB386A6028327040883288704854577
:10F7D0001303F5FF130E8002BE9683278415A183C1
:10F7E000C207C183938727028587AD0763E665005B
:10F7F000B2402244410182803388C50346877D564A
:10F80000369801E72315B404E5B76314E400184003
:10F8100075DB832EC7076398AE00032607083306FF
:10F82000C8403376A6026364F6001843D9BF890541
:10F8300075BF1777FF1F03572744854763FDE7060A
:10F8400083278515834595041777FF1F1307073D09
:10F85000A183C207C1839387270203238704858777
:10F86000AD07FD150546130E80026363B600828066
:10F87000B306C603032705087D58BA961A8701E721
:10F880002315C50482806314E500184175DB832EBF
:10F89000C7078328C507639A1E0183280708338892
:10F8A000D84063E41601338816416364F8001843B6
:10F8B000F9B705065DBF82801777FF1F0357C73B67
:10F8C000854763F0E70E41119777FF1F9387073550
:10F8D00022C4A04706C626C2A28789EB09EC230CE6
:10F8E0000500B240224492444101828003C7A7012F
:10F8F0006DFB9C43DDB76314A40000406DD08347CB
:10F900007400D1EF785C7C5D630BF70803478501D9
:10F9100093070008AA84631BF7048357E40219467F
:10F92000930500082314F5062315F50683570403F1
:10F930002317F504835724032318F50403554500C2
:10F94000EF3080148547238DF40083C7840193F73B
:10F95000F707238CF4001305C4052244B2409244F7
:10F9600031469305F00F41016F404F9E8357E502EA
:10F970001946930500082314F4062315F40683574B
:10F9800005032317F4048357250303554400231864
:10F99000F404EF30600F8947230DF4006DBF004081
:10F9A00035BF230C05008280411126C206C622C441
:10F9B0001777FF1F0357472C8547AA8463F8E71A78
:10F9C0008347050E898B6383071A9777FF1F9387F9
:10F9D000E724B847BA85C1E183A7841501447D585F
:10F9E000A183C207C183938727028587AD077D5511
:10F9F00025EB630C0410834774000357E402C5EB46
:10FA000089472316E404A304F404035744058357E9
:10FA100044032285BA97C1071D8B998F2319F404DB
:10FA2000835704032317F404835724032318F4048F
:10FA3000EFF0BFD58327440993E74700232AF40852
:10FA40008547A30CF4008D47230DF400B2402244F7
:10FA500092444101828083C7A501EDFB8C41A5BF83
:10FA6000144363149700D1D636870326070883A66C
:10FA700004086361D602B306D640F05C6374D60016
:10FA8000B3F6C60263F6A600368563F3F600BA85C0
:10FA90001843B9BF918E705F6374D600B3F6C60287
:10FAA000E3F806FF3688E3F5F6FE3A84D5B783D748
:10FAB000E402B3F7E702D9FB9D46994763F5E600F8
:10FAC000935717008D0705672314F406130707C81B
:10FAD0008A076353F700BA872315F4068357040394
:10FAE00003554400130660082317F40483572403C6
:10FAF000930500082318F404C947230DF400224499
:10FB0000B240924441016F203078ADC103D7E40286
:10FB100083D7E502B3F7E702B1EB8387840163D7AC
:10FB200007049D46994763F5E600935717008D0734
:10FB300005672394F406130707C88A076353F70081
:10FB4000BA872395F40683D7040303D5440013062C
:10FB500060082397F40483D72403930500082398AF
:10FB6000F404CD47238DF400EF201072238C0400A1
:10FB7000F1BD1777FF1F03572710854763FDE72067
:10FB8000397122DC26DA4AD84ED652D456D25AD00F
:10FB90005ECE66CA06DE62CC6AC86EC6032C8515C8
:10FBA0005149AA8C135C8C00420C135C0C01130CA1
:10FBB0002C02135C1C402D0C33592C037945E54471
:10FBC0009777FF1F93878705130610278146814586
:10FBD0007D6AA0478569B70A0200930B8A849389DE
:10FBE00009C8130A0A408D0A3305AC02B3049C020B
:10FBF000EFC0201A2A8BA58005E0F2506254D2543F
:10FC00004259B259225A925A025BF24B624CD24C80
:10FC1000424DB24D2161828063958C0003A40C009B
:10FC200069DC8347A401E9E3785C83A7CC0763ED33
:10FC3000E70A03A50C08832704086367F50A177D04
:10FC4000FF1F034DADDB931D8D0193DD8D411D8D98
:10FC5000DE8763C70D0093761D00D28791E2D687B9
:10FC60006374F5086374A7003375E502637E850746
:10FC7000935717006373FC00E287AA9763D80D06B9
:10FC80007945130610278146B3B5A7023385A7022D
:10FC9000EFC020109307150085466387D7040346FD
:10FCA00074000357E4023DE22316E40403570403FF
:10FCB00085832315F4042317E4040357240323182E
:10FCC000E4040947A304E40483D74C03A30CD40041
:10FCD000A9072319F4048327440993E74700232A3B
:10FCE000F4089147230DF400004039B713771D0045
:10FCF00009C7514533D5A70271BF65473385E70270
:10FD0000B3B7E7022581DE075D8D69B783D6EC02C4
:10FD100063FFE602B3F6E602DA8763C70D001376E7
:10FD20001D00CA8711E2A6878507858363E1F60275
:10FD3000DA8763C80D00137D1D00A68763030D00DD
:10FD4000CA8785078583B307F740E3FFD7F89D4649
:10FD5000994763F5E6000583930737002314F406FB
:10FD60001397270063D3E9004E8783570403035595
:10FD700044002315E4062317F404835724031306D1
:10FD80006008930500082318F404D147230DF400FC
:10FD9000EF20904F91BF82809387419E9C434111F9
:10FDA00022C406C6858B2A84B5EF4165130525F567
:10FDB000EF00304625C98347E5002317F500832768
:10FDC000840FA1EB232CA40E232EA40E8547231B06
:10FDD000F402232005008347B4002316F50083476F
:10FDE000A4002304F5008547A304F5009777FF1FBF
:10FDF00083D747E3850722851777FF1F2314F7E290
:10FE00009740FF1FE780E03F0145B2402244410197
:10FE100082808327C40F88C383576403232EA40ED4
:10FE2000850775B78347840023080400054593C7F9
:10FE300047002304F400D1BF9777FF1F83C7B7BEE5
:10FE400063800712411126C206C6AA8422C44AC092
:10FE50007D55CDC89777FF1F938747DCB8475DC3B3
:10FE60001779FF1F130949B8030549019775FF1F4B
:10FE700083C555B985057D540548B708C0A8130E3C
:10FE8000000C834677008327070863990605035310
:10FE9000070783560703637DD3060346D70063191C
:10FEA00006070326070F2DE60326470935E203461A
:10FEB000F700631FC605705FB38666407916330688
:10FEC000D60283264708B356D602B297AE96C2062C
:10FED000C182231BD70663500504958F63F3870007
:10FEE0003E84184359FF938741929C4382976368ED
:10FEF000A402B307A4409CC09C4035476361F7044B
:10FF000023A00400B240224492440249410182806D
:10FF100083566707C9B7E3F2D7FCC6977DBFB3071F
:10FF2000854063DB070083074901E3C407FCB7078B
:10FF3000C0A8A297898FC1B723A0040075BFCD17B1
:10FF40009CC08307490163D50700130534FF5DBFDB
:10FF5000B147E3EC87FE3705C0A84D1522955DB784
:10FF60007D558280411106C6EF00F02819C983270C
:10FF7000050F014581E7B240410182809C430505A0
:10FF8000D5BF7D55CDBF9387819E9843011126CA69
:10FF900006CE22CC4AC84EC6AA8435C73E891777FA
:10FFA000FF1F035767CD8547631FF7041777FF1FB0
:10FFB000130787A3830647018327050803546507B2
:10FFC000BA8963DD060433848740938741929C435A
:10FFD0008297636BA404B307A4401775FF1F034502
:10FFE00085A2058103270900637CF5063385A740B8
:10FFF0009777FF1F83C787A093968701E18663D316
:020000021000EC
:10000000060416050297F2406244930700FB23861C
:10001000F4004249D244B24905618280E3F587FA8F
:100020003707C0A8BA9745B7330785408147E356DD
:1000300007FA83874901E3C007FAB707C0A8A29768
:10004000898F61BF858B99C79307803E3305F50281
:1000500015814DBF9307D0033305F50205815DB7C8
:1000600001454DB79777FF1F938747BBFC4B411165
:1000700022C426C206C62A84AE846396A700977758
:10008000FF1F23A707BE8327840F81CB035544009E
:10009000014693050008EF20301F8357840381CB6E
:1000A000035544004D4693051008EF20F01D0355FD
:1000B0004400154693051008EF20101D230304008B
:1000C000A3060400230494041777FF1F0357C7BA3D
:1000D000854763E6E70085450145EF30BFF0B24054
:1000E0002244924401454101828083476500638038
:1000F000073483570507411122C406C68507231814
:10010000F5068347F500230F05002A84139787011E
:1001100061876344070203574503954763E4E7009B
:10012000014501A89305E003EFF0DFF32301A404E8
:100130000945B24022444101828013F707022DCBCA
:1001400093F7F7FDA307F50083270509034775001B
:100150002301050493E747002328F5088547631921
:10016000F704032745087C5D9776FF1F83C6068941
:1001700013968601B3D7E7021777FF1F03479788C7
:1001800061869107BA97C207C183231AF5068607CD
:100190001397070141838347B502635D06129306F7
:1001A000204EB387D702BD079583BA972319F4066B
:1001B0008347E40013F71700630F072283572405D2
:1001C00003574403639AE7208357040383550405C8
:1001D00003452402231AF404834794042319B40228
:1001E0009205A305F4028357A404F9152316F4021B
:1001F0008357E4042318F402EF307FD603467400DB
:10020000231804069766FF1F83C6467F8357C402E0
:100210000357C404631B061293958601E1850326E8
:10022000040863D9050C1305204EB387A702BD0748
:1002300095835106B29763C905003706C0A863E5E8
:10024000C70037064057B2972320F4082317E4026B
:1002500063D3050C9307204EB307F70295837CDC2C
:1002600063DA050C06079377E701230EF400835742
:100270004403230204022313F4028347A40181C729
:100280002285EFF00FDB8347F40093E70702A30713
:10029000F4008347E400F99B2307F400834734020A
:1002A00093F70704E38E07E60357A4038357440339
:1002B000E318F7E60347D4009307200A6315F70015
:1002C0008547A306F4008327440993E70740232AC0
:1002D000F408B9B5858A91C693068002B387D70220
:1002E000E9B585669386B647B387D7029387070437
:1002F0009D8365BD13F5160011C513058002B387F4
:10030000A70205BF05651305B547B387A702938705
:1003100007049D8339BF93F7160091C793078002A6
:10032000B307F7022DBF85679387B747B307F70277
:100330009D8335B7858A81478DFA85679387B7474F
:10034000B307F7028983FD8B0DB793958601E1858D
:100350009DC70326040863D005041305204EB38708
:10036000A702BD079583B29763C905003706C0A8E9
:1003700063E5C70037064057B2972320F4082317D8
:10038000E40263DB05029307204E3307F7023D07C3
:10039000158378DCCDBD13F5160011C51305800259
:1003A000B387A702C9B705651305B547B387A70289
:1003B000938707049D8345BF858A91C69307800272
:1003C0003307F702F9B785679387B7473307F70213
:1003D000130707041D8375BF998F13970701E35F08
:1003E00007EA930580022285EFF0DFC72301A4040A
:1003F000130580023DBB898BE38207EA0357A410F3
:1004000083574403B306F74013960601E34B06FCFB
:10041000E316F7E8154693055410130504109740AA
:10042000FF1FE780A0B08347E400F59BB5B5054505
:10043000828005C541119305200222C406C62A8484
:10044000EFF05FC2FD572301A404A3060400A3003C
:10045000F402B24022444101828082800DC94111E0
:1004600022C406C68307F5002A849305E00363D3FC
:100470000700A145EFF01FBFFD572301A404A30609
:1004800004002301F402B2402244410182808280B0
:100490001766FF1F130686783846630C0746797186
:1004A00026D29764FF1F93842454838844012C4AE6
:1004B00006D622D44AD04ECE52CC56CA5AC85EC6B0
:1004C00001457D583703C0A883260708835767076F
:1004D00063D80810B387F64063F50701BA853E88F4
:1004E0000545184375F309C59767FF1F23A0B77823
:1004F000204A856913894192370AC0A8B70A405734
:10050000054B9389B94783270900832B04088297F9
:10051000637B752F035764079767FF1F83C7A74E39
:10052000B38BAB40BA9763E57723835744032285A7
:10053000A30E04008507231AF40299272285EFF001
:10054000DFBA41E5838644012305040283270408BA
:100550000357640763DA06083387E74038DC785CC2
:10056000BA9763C906003706C0A863E5C700370617
:100570004057B297034674002320F4088545631D55
:10058000B606835704078356040363EAF60A8346D4
:10059000D4006396C60A8326040FD5E28326440955
:1005A000D9EE0346F4009306000C631AD608B3870D
:1005B000E70203274408B3D7E7021767FF1F034783
:1005C00077440507BA97231BF406B250225492547D
:1005D0000259F249624AD24A424BB24B456182808B
:1005E000E3FAF6EE9A96FDB5E3F8E7F63706C0A80B
:1005F0003E963307E6409DB70347C40129C38355A0
:100600004403035664022313B4023386C540330700
:10061000C7020346440232971377F70F2302E4021E
:100620007D46637EE600850763C906003707C0A8DC
:1006300063E5E70037074057BA972320F40883277C
:1006400009008297AA89832709008297E30D35FF65
:10065000832709008329840782979767FF1F83C731
:10066000E739139787016187635C07063385A940E3
:100670004DC5745C6373D50A635A07061605834734
:100680004402138781A01843A166938636303E95B5
:1006900054C7060528D3930600F81766FF1F2305E5
:1006A000D64CB1669386363054C77D476375F700E4
:1006B00081172302F402EF40A079EF40A07C0347AA
:1006C0007400854781456311F70417350000130551
:1006D000050CEF303F91930700FD2306F400F5B5BC
:1006E000E3F6A9F8B706C0A8B69949B7858B99C7AC
:1006F0009307803E3305F502158151B79307D00368
:100700003305F5020581A5BF171500001305A5F1F6
:10071000EF305F8D930710FCC9B70347740085471E
:1007200003A304036317F7009545E30003EA1545A7
:1007300029A0E30C03E8954519452254B250925480
:100740000259F249624AD24A424BB24B4561028396
:1007500063DC0B048357440322858507231AF402C4
:1007600005232285EFF07F98785C83270408BA97E9
:10077000038744016345070063E34701D6972320BD
:10078000F40883477400639567012285EF20D07DCC
:100790008347D40185458507A30EF4009C58E38464
:1007A00007D61545829785B3835724031767FF1F24
:1007B0000347C72493168701E1868E0763D5060297
:1007C0001307204EB387E7029583E3F077E1A14555
:1007D0002285EFF03F8903A304032301A404894584
:1007E000E31703F4DDB3058B11C713078002B3874A
:1007F000E702E1BF05671307B747B387E7029387AF
:1008000007049D83D9B7835724031767FF1F034746
:10081000E71E93168701E186B30B75418E0763D5FA
:10082000060A1307204EB387E702958363F5FB0C96
:1008300083270900829783574403AA8B2285850763
:10084000231AF40235292285EFF03F8AE31F05D6EB
:10085000785C83270408BA9703874401634507003F
:1008600063E34701D6972320F4088347D40113F7A5
:10087000070F25CB2285EFF0CFAFA30E040083270F
:100880000408E3F7FBFA835604077C5C032744085B
:10089000B387F602B3D7E7021767FF1F0347971620
:1008A0001107BA97231BF40683477400639F6703FD
:1008B00083570403E3F9D7C42285EF20F06A9C58DC
:1008C000E38307C48D45F1BD058B11C71307800273
:1008D000B387E702A1BFB3873703938707049D83DC
:1008E000B1B78507A30EF40059BF9C58E38D07C02C
:1008F0008D45194545BDE3CA0BCCA1452285EFF0D6
:100900006FF603A304032301A404E30003CC914581
:1009100039BD8280411122C406C62A848327040F70
:10092000D9E78327840FD5E70325840E09C59740AF
:10093000FF1FE780E000034514029307F00F6304F4
:10094000F500EF30AFDA034504029307F00F6304BC
:10095000F500EF30AFD9034524029307F00F63048D
:10096000F500EF30AFD803554400B52C9767FF1F53
:10097000938787079C4785CB9767FF1F83D7C72F30
:100980009DE39767FF1F9387E709C84F09CD9740FD
:10099000FF1FE780E0FA9767FF1F23A3070A976707
:1009A000FF1F23A1070AB240224441018280C843AD
:1009B00009C59740FF1FE780A0F88327040F03D7DE
:1009C000E700136707F02397E7009C432328F40E02
:1009D000B1B703D7E700C843136707F02397E700D1
:1009E00009C59740FF1FE780A0F58327840F9C432C
:1009F000232CF40E3DB79767FF1F93872722BC4730
:100A000099E33E85828003D74700E30CA7FE9C4311
:100A1000C5BF9767FF1F93876720BC4F1767FF1FEE
:100A2000034787FD4166050781467D1683D5E700AC
:100A30006389A5006387C5008506C107E3E8E6FE74
:100A400081473E8582809767FF1F9387271DBC4F94
:100A5000C9EF411122C41764FF1F0354641E13041D
:100A6000140215844AC016041769FF1F0349C9F808
:100A70000509420426C241809314490033059400BD
:100A8000420541819305B02006C69740FF1FE780CD
:100A900080E105C59767FF1F23AEA71C9766FF1F60
:100AA00083C686F533079500B306D9408147130600
:100AB00040F5930520F563E82701B24022449244B3
:100AC00002494101828063FDD70058C12317B50058
:100AD00022978507C207A3040500C1834105E1BF32
:100AE0002317C50023220500EDB78280411193052D
:100AF000A0201305001606C622C426C29740FF1F79
:100B0000E78060DA1306001681452A84EF300F84EF
:100B100001450DC89764FF1F93844410B44495CADF
:100B20003687854703564700630CF60618437DFB5E
:100B30002312F400A1EB22859740FF1FE78040E0DD
:100B400003554400B24022449244410182803687DA
:100B5000D1BF85472312F4001767FF1F2324871096
:100B60001767FF1F232287101767FF1F2316F71031
:100B7000EFF07FEDFC4423A00700230304002306CD
:100B800004007DBFFC4480C39767FF1F23AE870C22
:100B900083D7C40585071767FF1F231FF70CD9BF2D
:100BA000138717009317070113160701C183E3503A
:100BB00006FA8147B5BF9767FF1F93872706A84F9F
:100BC00011CD411106C69740FF1FE78060D7B240A4
:100BD0009767FF1F23A0070A410182809767FF1FC5
:100BE00023AA07088280411122C41764FF1F13043F
:100BF000E402344406C60147B687B5C303D64700AE
:100C00006315A6060DEF98429766FF1F23ACE60416
:100C10003E859740FF1FE780A0D27C4423A00700B9
:100C20009767FF1F83D7470595E7EFF0DFF89767D2
:100C3000FF1F23A90702B24022444101828074446D
:100C40006397F6009766FF1F23A0E602D1B794438F
:100C500014C37DBFFD171767FF1F231FF70097679A
:100C6000FF1F83D76701E1FBC9B73E879C4371B77C
:100C7000614681451765FF1F1305C5FE6F201FEDF7
:100C8000011126CA4AC806CE22CC4EC652C456C24C
:100C90005AC02A89930745109306F50F81440147EE
:100CA0009319870003C7070013D68401B36936017F
:100CB000A204FD17D98C4E87E394D7FE834789029F
:100CC000034439013E941374F40F9307400263F612
:100CD00087001304B4FD1374F40FA309890022865E
:100CE0002685CE85EFB02008058909CD2309890026
:100CF000F2406244D2444249B249224A924A024BEB
:100D000005618280814A014A130B5002568626856E
:100D1000CE85EFB04005058901C5050A137AFA0FA3
:100D2000850AE3956AFF33744403814A014A130B31
:100D3000500252862685CE85EFB0E002058911C9A2
:100D400063958A002309490165B7850AE20A93DAA7
:100D50008A41050AE31F6AFD61BFA309050082807D
:100D600083270509411122C406C626C22A84638945
:100D7000071813F7270019CBF59B2328F50803550F
:100D80004500194693050008EF1010508327040909
:100D900013F7470021CBED9B2328F4088347340247
:100DA00093F7070491CB83274409228593E70740F3
:100DB000232AF408EFE0CFF58347940199E78347AE
:100DC000340293E71700A301F402035544000D46D3
:100DD00093050008EF10504B93070004231CF40008
:100DE000230D04008327040913F7070139C7BD9BAE
:100DF0002328F4088347140403554400214689C777
:100E0000A30004041306000393051008EF10D04755
:100E10008347340293E71700A301F40283470404D5
:100E200089CF8347040EC18B89CB8355E403228588
:100E30009205C205C181EFE04FD88327040913F75B
:100E4000072001CF0355440093F7F7DF2328F40868
:100E5000314693051008EF1030438327040913F738
:100E6000070415C30355440093F7F7FB2328F40840
:100E7000114693050008EF1030418347340293E791
:100E80001700A301F4028327040913974701635550
:100E900007027D771307F77F03554400F98F232856
:100EA000F4081D4693050008EF10103E83473402F6
:100EB00093E71700A301F4028327040913F70740FF
:100EC00009CF0355440093F7F7BF2328F40813060E
:100ED000700593051008EF10303B83270409139722
:100EE0002701635F0700834734028345840422851A
:100EF00093E71700A301F402EFF0CF962301A404B7
:100F00008347640085CF8327840F99CF834764018B
:100F100081EF03554400014693050008EF10D036D9
:100F200001E58547230BF4008357840381CB0355E8
:100F300044004D4693051008EF10103583473402E6
:100F4000F1C7918B91CF0346D400C165938505A06D
:100F50002285EFE0EFCB83473402ED9BA301F4023F
:100F600083473402858B8DC3034514029307F00F2A
:100F70006307F500EF209FF7FD57A300F4028347B6
:100F80003402F99BA301F40283473402898B89CF91
:100F900083552403034524029205EF205FFC834719
:100FA0003402F59BA301F40283473402A18B99CF4D
:100FB000835524030D4622859205C205C181EFE0C9
:100FC0002FC583473402DD9BA301F402834734021B
:100FD00013F7070101CF0345040293F7F7F8A301C4
:100FE000F402EF20BFF0FD572300F40283473402E0
:100FF00013F7070201CF8355E4030345040293F777
:10100000F7FDA301F4029205EF207FF583478401E9
:1010100093F7070C81C72285EFE01F8A83574403AB
:10102000A5CB13074006B3F7E702BDE39387419EC4
:101030009C43898BB1C79764FF1F9384E49A9858A7
:1010400021C383D7019FC20783D5219FDD8D25450D
:1010500002979C5883D5E19E1305900882979C586F
:1010600083D5C19E29458297138701A09C5883157B
:1010700007002D4582979C5883054401314582978E
:101080002396019E2398019E2399019E2397019EFA
:10109000B2402244924441018280411122C426C2BE
:1010A00006C64AC08347A5022A849384C19F850748
:1010B0002305F50283471501639C0752034785000A
:1010C00093070004A308F50083274509319B1367A4
:1010D0003700A30B05002304E5009396070163D5B1
:1010E0000602E176FD16F58F232AF5088327850E83
:1010F0002380E7008327840E03479400A380E70042
:101100009C400327840E81A80347D500054963133B
:1011100027276389072413F7070829C793F7F7F7E9
:10112000232AF508EF10401D034774018547631417
:10113000F7188327040F03478400DC432380E7006C
:101140008327040F03479400DC43A380E7000327B1
:10115000040F9C405843B240224498CB9244024929
:101160004101828013F7072011CBEF10002783275E
:10117000440993F7F7DF232AF4087DB713F7270014
:1011800005CB8347E5008D8B6392071E83270511EE
:1011900081EF83274409232804102285F59B232A05
:1011A000F408EF10A03349B7EFE0AFBC7DF1ADBF5D
:1011B00013F7470001CF0347E5000D8B6318071AAB
:1011C000ED9B232AF508EF00D068B9BF13F787001D
:1011D00001CF0347E5000D8B631A0718DD9B232A17
:1011E000F508EF00D07289B713F7074001CB93F7EA
:1011F000F7BF232AF508EF1080453DB71397370155
:1012000063500702EFE0EFB605D1832744097D77ED
:101210007D17F98F232AF4082285EF10C04729B7DC
:1012200013F7070219CFEFE0CFB4E30F05EE8327E2
:101230004409228593F7F7FD232AF408EF10E01400
:10124000E5B513F7070401CBEF0030768327440997
:1012500093F7F7FB0DB713F7071001CBEF10C00E94
:101260008327440993F7F7EF39B7139717016355AD
:10127000070271777D17F98F232AF5088347040E3B
:10128000918B99C7BD452285EF10003A854799A8F3
:101290002285EF10401DDDBF1397F7006352070250
:1012A00041777D17F98F232AF5088327050993E7EE
:1012B00027002328F5088327840E034784000DBDEB
:1012C0001397E7006356070201777D17F98F232AEA
:1012D000F5088347050E918B89CBBD45EF10C034CF
:1012E000930720F9A306F40081B5EF10C017CDBF16
:1012F0001397D700635307023707FCFF7D17F98F59
:10130000232AF5088347050E918B89C7BD45EF1049
:10131000A03119BDEF10201501BD05671307078027
:101320007D8F11CBEF108035832744097D7713071C
:10133000F77FF98F89B51397C70063520702EFE073
:101340004FA3E30305DE832744093707F8FF7D1722
:10135000F98F232AF4082285EF10003CF1B3232AE9
:10136000050891BFEFE0EFA0E30005DC2285EF1058
:1013700080415DBB65DF930650076306D71863EABB
:10138000E608930690046304D71663E9E60493071E
:101390003003630EF71463ECE70093070003E317D1
:1013A000F7FCEF00505DD9472304F404B5BB930765
:1013B0005004E30DF7FA93078004E319F7FA228546
:1013C000EF10603C8347E400DD9B2307F400832794
:1013D000040993E707012328F4084DBD930630065E
:1013E0006304D71463E9E600930730056300F7123E
:1013F00093075005D9B793065006630CD71293078D
:101400004007E315F7F68547A300F504EF00F05910
:1014100021BB9307300A6304F71863E2E7069307DA
:10142000900963EFE702930780096370F70A930757
:101430005008630FF71293073009E319F7F2834757
:1014400025047947E38CE7E205496395270783572D
:1014500085060357A506BA9785872316F504A5B315
:101460009307A009E314F7F003472504F947631E27
:10147000F704EF00507F8547A306F40095A093077B
:10148000300B6301F71263E9E7009307500AE3EFBB
:10149000E7ECEF10402FC5B79307400B6308F71236
:1014A0009307500BE314F7ECEF10E02D8547A306EC
:1014B000F40005AAEF10202D83270409A3062401B8
:1014C00093E727002328F40885B183578406035740
:1014D000A4062285BA9785872316F404EF00703797
:1014E0008347340293E71700A301F40235B922853C
:1014F000EF106029832704090967A3060400D98F28
:101500002328F40815B1EF00306B39B98D4723005B
:10151000F5042320050C2322050C2324050C232687
:10152000050CEF00F05809B1EF001062A30624018A
:10153000E5BE03474514834635142207558FED4613
:1015400063FBE6000347050E1377070209C705672B
:10155000D98F232AF5082285EF10E0228547A306BC
:10156000F400832704092301040493E7070499BFC7
:10157000EF1060218347B401858B99CB8327040941
:1015800023010404A30D040093E707202328F40893
:101590008347340293E71700A301F402C5B9EF10A3
:1015A000E00D69B7EFD0FFFCE30005B82285EF102E
:1015B000A0168347C41023010404E38907CC8327C2
:1015C0000409056713070780D98F31B5EF10A01BF9
:1015D0008547A306F4008347C41023010404E38174
:1015E00007F083270409056713070780D98FD9BD42
:1015F00083D7019F85072398F19E3DB6411126C2EE
:1016000006C622C4AA84EFF00FBF19C52A84268516
:10161000EFE05F952328A410B24022449244410198
:10162000828001119757FF1F9387475F22CCA04B01
:1016300026CA4AC84EC652C4B164216A0569B72990
:10164000020056C206CE5AC0930A3A309384343010
:1016500013090980938949068347C4001307100CB6
:101660006392E714138B81A083270B0098430D8BA3
:1016700005C3B84B619BB8CB98431367870098C3E9
:101680009C438D83858B89C7010001000100010007
:101690002285EFF09FA003270B003C53FDFF9757D7
:1016A000FF1F2383074C834794006389070E8347FA
:1016B0000404898BE5C7A2850545EF30604F832779
:1016C0000B001307A007B8CB83270B001307000AF2
:1016D000B70600F9B8D37D47D8C39387819F9C4351
:1016E000FD16984F758FB7060002558F98CF984F0B
:1016F000137737F81367870198CF138741A11443F5
:10170000D856759BD8D6034724019376F70798439C
:10171000137707F8558F98C303278408B70600F09E
:10172000FD1698C70327C408D8C3D857719BD8D7CC
:101730009843758F98C39757FF1F238607429307D7
:1017400000F81757FF1FA300F7429757FF1FA38DFD
:1017500007409757FF1F238A0740930730FC230653
:10176000F400EF30E06EC1471757FF1FA30FF73E9D
:1017700003270B003C53FDFF8347940023265701AA
:101780009207938787153CD3930700F89756FF1F5E
:10179000238CF63C44C7EF30C0637DBD9307A005A2
:1017A0003CCB1DB71307400C639CE77E9757FF1F88
:1017B00083C7773B858B175BFF1F130BAB3A63899E
:1017C000077A9757FF1FA380073A8347F4001397C0
:1017D00087016187634E070093E707F8130700F856
:1017E000230CE400A307F4009757FF1F23A2074828
:1017F000834504040325C40E1306440185899730EC
:10180000FF1FE78080DC9757FF1F2380A7360589DD
:101810006317056A83473402A30F040023180406E4
:1018200093E72700A301F4022285EFD03FE635E1DC
:101830008327040FA3080400B9C30347740121C31D
:1018400003C79700058B05EF03D7E700C84313676D
:1018500007F02397E7009730FF1FE780600E83575C
:1018600084038507231CF4028327040F9C43232849
:10187000F40E8327041181C7FD172328F410834732
:10188000940081CB83470404898B81C72285EFD0E4
:10189000FFE483470404858BF1CF83476B00898B7A
:1018A000F1CB8347F4018507A30FF4008347F401CC
:1018B000639007628347E40193F7E70F639A076039
:1018C00022859730FF1FE780A09885476312F56057
:1018D0002285EFF08FFC83469400938781A09C4380
:1018E000139746001307C72023A65701B8D3130741
:1018F00000F81756FF1F2309E626C4C783470404D0
:10190000898B6384075C6382065CA2850545EF30A2
:10191000202A1305A007EF30C0468327840FB1C3E8
:101920000347F400137707040DCFD44303C6C70061
:1019300083C58700035544008906EF60C01F15E189
:101940008327840F03D7E700136707F02397E70087
:101950009C43232CF40E8357640381C7FD17231B7C
:10196000F4029730FF1FE78080B9930730FC23060D
:10197000F400DDB12285EFD0FFD30DF92285EFD041
:101980001FBC0347E4009377870095C78347B400E3
:101990009DC383475401C54663E6F600B3D7F900FB
:1019A000858B91EB9307D0032304F40493079004F1
:1019B000A306F40079A88346A4008D476394F64AF1
:1019C00083475401BD466393D70A8346B400E14779
:1019D0006393F6488347040E898B638E07460D8B0D
:1019E00009CF9307A0022301F40483274409370792
:1019F0000400D98F232AF408A9A88347D4000547F7
:101A0000639AE7002285EF00D0592301A4049307CD
:101A100030F979BF93062004639CD7002285EF003C
:101A200050582301A40415E5832744094167D1B721
:101A3000930620096391D742930730022301F404EF
:101A400083274409B7060200A306E400D58F232AA2
:101A5000F40883470404858BE38A07E48347B400D2
:101A6000E38607E42285EFD07FCC89B5C146639534
:101A7000D7020347B400E147631FF73C0347D40094
:101A8000930720096319F73C2285EF0010612301B9
:101A9000A4049307A0F929BF0946639FC700034721
:101AA000B400631AF73A8327C40E83C737002304B0
:101AB000F40493073003EDBD2D46639CC702034732
:101AC000B40085476319F7380347D400930720070C
:101AD0006313F73893075007A306F40083473402D3
:101AE0002300040493F70704E38207DCA301D40274
:101AF00075BB91466396D7088346B400B547639C8F
:101B0000F6348346D400930720046396F634832783
:101B1000C40E1367870083C6570003C64700A2069A
:101B20004206B29603C66700B29603C63700620645
:101B3000B296232ED40883C6970003C68700A20658
:101B40004206B29603C6A700B29603C677006206A5
:101B5000B296232CD40883C6C70003C6D700A206BA
:101B60004206B29603C6B70083C7E7002307E40026
:101B7000B296E207B697232EF40A930750040DBDE0
:101B800015476390E7020347B40085476315F72CB8
:101B90000347D40093075004631FF72A93073005C7
:101BA00001BD19476392E7020347B40085476314F8
:101BB000F72A0347D40093074005631EF728230143
:101BC000040493075005EDB33947639DE7040347C9
:101BD000B400A5476311F7288347040EA18B638CDB
:101BE00007260327C40E9307040D1306840D0D0763
:101BF0008346070083C507008507A383D700ED8EC2
:101C0000A387D7000507E315F6FE0347D4008547F1
:101C10006315F7009307300661BB8327440993E7F8
:101C20000710C9BB25476394E7040347B400A547E1
:101C30006313F7220347D40093072006631DF720A0
:101C40000327C40E9307040D1306840D0D07834666
:101C5000070083C507008507A383D700ED8EA38700
:101C6000D7000507E315F6FE9307500691B33147F9
:101C70006396E7040347B4009947631EF71C228567
:101C8000EF00B05D0347D40093072008631DF70001
:101C9000930750F8A306F4008347B40193F7F7FBCA
:101CA000A30DF4007DB38307B401E3D707FE8327B8
:101CB000440993E70720232AF408F9BF49476394AE
:101CC000E7048347B40005476397E7180347040E0A
:101CD000418B630207180347D4006315F70093078D
:101CE00030FAF9B19306200A631AD7000347340289
:101CF000A306F40013671700A301E4028327440935
:101D0000B3E72701C5B94D476390E7020347B40025
:101D100085476312F7140347D4009307200A631C16
:101D2000F712930740FA69B15147639DE7020347F1
:101D3000B400A5476311F7128347040E93F7070217
:101D4000638B07102285EF0070420347D40085475C
:101D50006315F700930730FBA1B9832744093707C0
:101D6000080041B955476395E7020347B400A5470A
:101D70006313F70E0347D4009307200B631DF70C82
:101D8000930740FBA306F4002285EF00303ED1B15B
:101D90001D47639FE7040347B4008947631DF70AA3
:101DA000E9472301F4048347D4001307200A63950D
:101DB000E700930750FAEDBE130720066395E7008E
:101DC00093077006F5B613072009639CE700930795
:101DD00090F9A306F4008347040EF59B2300F40E4C
:101DE0008DB91307200BE396E7C6930750FBC9B6DE
:101DF0003547639CE7000347B4008947631DF70438
:101E00008327C40E83C7370029A845476395E70495
:101E10000347B4008D476310F7048327C40E83C7BC
:101E200047002301F4048347D40013072009638685
:101E3000E700130770096395E700930780F98DBEEB
:101E4000130720046386E700130750046395E70037
:101E500093078004B1BE2285AD2983274409B3E7E7
:101E6000470149BE8347140189EF8347D400C9461F
:101E70006393D7021367170085472307E400A3067F
:101E8000F4008347B400E38607BC2285EFD0DFF07F
:101E9000E31E05A07DBE930620026395D70013675D
:101EA0002700D9BF13072003E39DE7FC832704091C
:101EB0000967A3060400D98F2328F408D9B78347FC
:101EC000E4018507230FF400D5B21305A005A1B4E2
:101ED000EF20507B8327840FB1C30347F4001377AF
:101EE00007040DCFD44303C6C70083C5870003553D
:101EF00044008906EF50304415E18327840F03D74F
:101F0000E700136707F02397E7009C43232CF40EA8
:101F10008357640381C7FD17231BF4022285EFE07A
:101F20003FE48347F4018DCB37C7004003270738D0
:101F300093F7070F81CB9305D0032285EFE08F92B3
:101F40002301A4049757FF1F938707AA9C5B89C7A7
:101F5000954513056008829722856244F240D24479
:101F60004249B249224A924A024B05616FE0AF8171
:101F7000938781A09C43BC53639007EE9757FF1F44
:101F8000238407BEEF2010702285EFE07FDD8347BA
:101F90003B00E207E187E3D107FCEF204FB96DBFBB
:101FA0001307300C6394E70A9757FF1F83C7A7BB3B
:101FB000858BD9C39757FF1F238707BA8327040947
:101FC0001397270163530702EF20D06B03451402D8
:101FD000EF10DFF183458404FD57A300F40222854E
:101FE000EFE04F882301A40485BF8347841503478E
:101FF0007415138B81A0A207D98F86071757FF1F6F
:102000002328F7B683470404858B95C3A285014531
:10201000EF20304083270B0013079007B8CB9307BE
:1020200040FC2306F400EF2090586FF0EFE2832786
:102030000B0013079005DDB7938781A09C43BC5329
:10204000639C07E09757FF1F238007B2EF20906340
:1020500021B7B147A304F5008327850EDDC70947E3
:10206000A304E504835625050357450363E6E6000C
:10207000998E15466345D6029756FF1F83D6C6BF75
:102080008D45114663E5D500850613F6F60F835698
:102090004505A304C504369721072319E5042381C8
:1020A000070003479504A381E7000347A5042382A3
:1020B000E7000357A5042183A382E7000347C50473
:1020C0002383E7000347D504A383E7000347E50420
:1020D0002384E7000357E5042183A384E700034733
:1020E00005052385E70003471505A385E70003479A
:1020F00025052386E700035725052183A386E700EE
:10210000C947A306F500014582800545828041113B
:1021100026C28324850E06C622C4A147A304F50067
:10212000A9C883574503035745052A8493055510CD
:10213000BA97A9072315F51085472381F400138565
:10214000340015469720FF1FE78040DE8347A41028
:1021500001452384F4008357A410A183A384F400D1
:1021600093072002A306F400B240224492444101A6
:1021700082800545D5BF8327850E0947A304E50066
:102180009DC32381E70003478504A381E7008347BC
:10219000350293E78700A301F50293072003A30606
:1021A000F500014582801D458280411126C28324AD
:1021B000850E06C622C4DD47A304F500BDC88D47C1
:1021C0002A84930575112381F40021461385340078
:1021D0009720FF1FE78080D5834704120347F4113F
:1021E0002146A207D98FA385F400A1832386F4009A
:1021F000930514121385D4009720FF1FE78000D3A6
:10220000138554011146930594129720FF1FE78010
:10221000E0D183473402014593E74700A301F4026C
:1022200093072004A306F400B240224492444101E3
:1022300082800545D5BF411126C28324850E06C67E
:1022400022C4B547A304F500A9C091472A8423817D
:10225000F400930505132146138534009720FF1FD2
:10226000E780C0CC1385B4001146930584139720F2
:10227000FF1FE780A0CB93074004A306F4000145AD
:10228000B24022449244410182800545D5BF854732
:10229000A304F5008327850E91CB15472381E70022
:1022A00093072005A306F50001458280054582803D
:1022B0008547A304F5008327850E91CB1947238119
:1022C000E70093074005A306F50001458280054518
:1022D00082808947A304F5008327850E81CF1D479F
:1022E0002381E7008327850E034755010145A3811C
:1022F000E700828005458280A547A304F500832777
:10230000850EA9C3411122C406C621472381E700D7
:102310002A840325850E9305040D21460D0597207B
:10232000FF1FE780A0C083473402014593E74700C1
:10233000A301F40293072006A306F400B24022444E
:1023400041018280054582808327850E2547A304AD
:10235000E50095CB411106C62381E7008347750050
:10236000AA8521460325850E81EF9385050D0D0570
:102370009720FF1FE78080BBB2400145410182806A
:102380009385850DEDB7054582808547A304F5004B
:102390008327850E85C329472381E70083473502BC
:1023A00093E74700A301F50293072007A306F50072
:1023B00001458280054582808547A304F500832777
:1023C000850E91CB2D472381E70093074007A30695
:1023D000F50001458280054582809947A304F500F8
:1023E0008327850EBDCF31472381E7001757FF1F95
:1023F0001307C7828356E700A381D70083460701EE
:102400002382D70003471701A382E7001757FF1F56
:102410000347E7812383E7001757FF1F03572781EF
:102420002183A383E7008347B50113F7070409CF8E
:10243000930720F8A306F5008347B50193F7F70744
:10244000A30DF50001458280858BFDD78327050903
:1024500023010504A30D050093E707202328F508B1
:10246000E1BF1D4582808947A304F5008327850EBF
:1024700081CF35472381E7008327850E0347250455
:102480000145A381E700828005458280A547A3041A
:10249000F5008327850EA9C3411122C406C639471A
:1024A0002381E7002A840325850E9305840D2146A8
:1024B0000D059720FF1FE78060A783473402014581
:1024C00093E74700A301F40293072006A306F40054
:1024D000B24022444101828005458280E147A30445
:1024E000F5008327850ED9CF411122C406C63D478A
:1024F0002381E700034785062A849305C505A38148
:10250000E7000347950631462382E7000347A50607
:10251000A382E7000357A50621832383E70003472F
:10252000E504A383E7000357E50421832384E70040
:1025300003470505A384E700034715052385E70046
:1025400003578505A385E7000347A5052386E70014
:102550000357A5051385E7002183A386E70097208D
:10256000FF1FE780A09C83473402014593E74700A3
:10257000A301F402930720F9A306F400B240224419
:102580004101828005458280E147A304F50083274D
:10259000850EC9CB411122C406C641472381E700FD
:1025A000034785062A849305C505A381E7000347F1
:1025B000950631462382E7000347A506A382E7007C
:1025C0000357A50621832383E7000347E504A3837C
:1025D000E7000357E50421832384E700034705054B
:1025E000A384E700034715052385E7000357850506
:1025F000A385E7000347A5052386E7000357A50544
:102600001385E7002183A386E7009720FF1FE7805B
:10261000E091930770F9A306F400B240224401450B
:1026200041018280054582808D47A304F500832700
:10263000850E81CF45472381E700A381B70003477B
:10264000250401452382E700828005458280854775
:10265000A304F5008327850E85C349472381E7003E
:10266000930720FAA306F5008347350293E7470056
:10267000A301F50201458280054582808547A304B8
:10268000F5008327850E91C74D472381E70001455B
:10269000828005458280A547A304F5008327850E27
:1026A000B5CB51472381E700034705148346F51353
:1026B0002207558FA381E70021832382E7000327A8
:1026C0000514218342074183A382E70021832383EA
:1026D000E70003474514834635142207558FA3832B
:1026E000E70021832384E700032745142183420761
:1026F0004183A384E70021832385E70083473502D4
:1027000093E74700A301F502930720FBA306F5001A
:102710000145828005458280A547A304F5008327F3
:10272000850EA5C355472381E7000347051483465B
:10273000F5132207558FA381E70021832382E70049
:1027400003270514218342074183A382E7002183E5
:102750002383E70003474514834635142207558F2A
:10276000A383E70021832384E70003274514014561
:10277000218342074183A384E70021832385E70067
:1027800082800545828083478500A3040500F19B74
:1027900093E717002304F5000325850E1335150074
:1027A00082808325C50E411126C206C622C483C776
:1027B000450003C735000568A207D98F1387A7FF17
:1027C000420741839306A8C7F94463E2E60C03C7B6
:1027D000650083C65500130808C82207558FF944C1
:1027E0006367E80A6365F70A03C6850083C6750058
:1027F0002206558E9306301F63EBC60883C6A500DC
:1028000083C89500A206B3E616016362D8081308D0
:1028100016003308F80293983600635A180783C8E5
:10282000B500139808011358080163840800636019
:1028300007078358E5028144639D1701631BF70076
:10284000835805036397C80083542503958C93B47C
:1028500014002317C5042314F5062315E5062318D1
:10286000D504231C050583C7D50003C7C5002A84EA
:10287000A207D98F231DF5043146B9051305C505F7
:102880009710FF1FE780806A9147230DF400B24044
:10289000224426859244410182808325C50E8568A5
:1028A0001387A8C783C6450083C73500A206DD8EFF
:1028B0009387A6FFC207C1836367F70A03C7650052
:1028C00083C75500938808C822075D8FF94763EDD9
:1028D000E808636BD70803C8850083C77500130633
:1028E000301F22083368F800F947636F060703C6F4
:1028F000A50083C7950022065D8EF94763E6C806EA
:1029000093081800B388D80213133600634E1305DA
:1029100083C7B5009398070193D8080181C7F94789
:1029200063641705411106C62318C5042314D50690
:102930002315E50623170505231C150583C7D500B8
:1029400003C7C5001305C505A207D98F231FF5FED0
:102950003146B9059710FF1FE780405DB2408147BF
:102960003E8541018280F9473E8582808327C50EDE
:10297000230605100326451483C5470003C7370007
:102980001373F60FA205D98D2315B51483C66700FE
:1029900003C757002203A206D98E2316D51483C875
:1029A000870003C77700A208B3E8E80023171515CE
:1029B00003C8A70003C7970022083368E80003276D
:1029C000051423180515935787013363F3009A877D
:1029D00063F36500AE8783258515C207C183A18196
:1029E000C205C1816385F50085452306B510834581
:1029F000F5131373F70F22033363B3009A8563F360
:102A00006800C685C205C1812183A30AB514A181CE
:102A1000230BB514BA85420741836373E800C2856E
:102A2000139705014183A30BE5142183230CE514BF
:102A3000A30CF51413578600A183230DF514BA8750
:102A40004207418363F3E600B687C207C183A30D43
:102A5000F514A183230EF51482800327C50E834746
:102A60003700A301F5048347570083464700A207B8
:102A7000D58F2312F5048347770083466700A207AA
:102A8000D58F2313F5048280011122CC2A841145AD
:102A900006CE2EC632C4EF00DFD41DC1B245224699
:102AA000231185002300B500A300C5006244F24055
:102AB000AA851745FF1F034515F705616F00DFDC89
:102AC000F2406244114505618280397106DE22DCE4
:102AD00026DA4AD88347050013070008639AE742BD
:102AE0008344150095476386F43863E397020544F1
:102AF000638B840EB5C48D476383F432914763833F
:102B0000F4342285F2506254D254425921618280B9
:102B1000930710086386F42863EA97009947638D4A
:102B2000F4369D476384F43A0544E1BF93072008D7
:102B30006380F42A93076008E398F4FE03552500A8
:102B4000EFD07FEB05C5035705058356E504035613
:102B5000A5068355850603554500EF40D07951A061
:102B600003552500EFD03FE9AA8419E1094451BF7C
:102B70008347F500230B05000D4493F70704D1D3D9
:102B80008327850FA9CFD44303C6C70083C5870019
:102B9000035545008906EF40107A15E183A7840F9D
:102BA00003D7E700136707F02397E7009C4323ACA4
:102BB000F40E83D7640381C7FD17239BF40283A718
:102BC000840F91CF03D54400014693050008EFF030
:102BD000BFEB2A8419E58547238BF4001DB7239B9F
:102BE0000402014439BF03552500EFD0DFE02A84F9
:102BF00035DD034775009747FF1F93872702631A48
:102C0000970C845BA5D483C7170813896407898B45
:102C1000C9CF03C7440689471946631CF706938545
:102C2000640628089710FF1FE780403003C7540749
:102C30008547194663F4E706CA8508109710FF1FF9
:102C4000E780C02EAC501946910528109710FF1F41
:102C5000E780C02D834794028358E40283C654075B
:102C600083554400034524043EC4835724031308BA
:102C7000010238103EC28357040305463EC03C089B
:102C8000EF40F0678347F40093E70704A307F400DD
:102C900089BF81452808EF007FEB49BF81450810B7
:102CA000EF00DFEA1946CA854DB7034794028358FF
:102CB0002503035805038357E5028355450083C662
:102CC00054070345250405463AC04A87EF40106182
:102CD00055BFA443E38C04E883C717081389240471
:102CE000898BD9CF03C70403894719466319F706AF
:102CF0009385240328089710FF1FE780202303C72C
:102D00000404894719466311F706CA85081097100D
:102D1000FF1FE780A021AC481946281091059710A5
:102D2000FF1FE780A020BC4883C7370093E7270038
:102D3000A380F4048358E40283C61404835544003A
:102D40000345240402C483572403130801023810E6
:102D50003EC28357040301463EC03C0815B7814577
:102D60002808EF00BFDE61BF08108145EF001FDEBD
:102D70001946CA8528109710FF1FE780201B5DBFEA
:102D800083582503035805038357E50283554500FF
:102D900083C61404034525044A8702C001463DB793
:102DA0009747FF1F938787E7B843E30107DC835802
:102DB00007010358E70083570702834617040146BB
:102DC00002C01307270481450945EF40305111BD6A
:102DD0009747FF1F938787E4985BE30907D883C76A
:102DE0001708898B85C302C402C202C0814801480A
:102DF000814701478146054681451305C003EF40E1
:102E00001050C5B38346D706814802C001488147A8
:102E10001307E706054681451305C0037DB7035533
:102E20002500EFD05FBDE30305D4035705058356A6
:102E3000E5040356C5048355450003452504EF40CA
:102E4000904A45B303552500EFD0FFBA2A86E30F19
:102E500005D08347750083554500034525046397D6
:102E600087001306060DEF405048A5BB1306860DDC
:102E7000DDBF03552500EFD01FB8E30905CE83471A
:102E800005120346F5119305751103554500A20778
:102E90005D8EEF40D045B1B303552500EFD0BFB5EF
:102EA0002A84E30505CC035705058356E50403563C
:102EB000A5068355850603554500EF40904383479B
:102EC000E40093E747002307F40021BB03552500E6
:102ED000EFD07FB2E30C05C8832585158326451501
:102EE0008347C51513F7F50F13D8860113D685014F
:102EF000A182A18103554500A2072207C206C2058F
:102F000033670701C1825D8EC181EF40103FD1B9A7
:102F1000130710080544E396E7BE834715004D47A5
:102F2000638BE70E6366F70621476382E70A314742
:102F30006380E70C1547E396E7BC03552500EFD007
:102F40009FAB2A84E30405C28327050F95C7035668
:102F500085030506420641829C431307160042077B
:102F60004183A5E7231CC40201CA835544000545DB
:102F7000EF40903B231C04020345240403468404D1
:102F800083554400EF4010392285EFD0BF9891B9A6
:102F9000130700036385E70A6360F7026947E3925A
:102FA000E7B603552500EFD01FA5E30105BC034597
:102FB0002504EF40B03735B1130770056381E70A88
:102FC000138417F0333480002DBE3A8671B7035551
:102FD0002500EFD05FA2E30B05B803460504835537
:102FE0004500034525043336C000EF40F032D5BE1E
:102FF00003552500EFD03FA0E30A05B6035765044B
:10300000835645040346350483554500034525048E
:10301000EF40D030F9B603552500EFD0DF9DAA84EC
:10302000E30605B4035685030144E30C06AC83555F
:1030300045000545EF40502F239C0402D9B40355A9
:103040002500EFD05F9B2A84E30205B2835545003B
:1030500003452504EF40D02D2301040459B6035540
:103060002500EF40302DB5BE41119747FF1F9387D4
:10307000E7BA22C406C6805F9747FF1F83C737AFF2
:1030800081CF1747FF1F034787AE95476316F700A9
:103090009747FF1FA38D07AC9746FF1F83C6F6AC6B
:1030A0009387A6FF93F7F70F0547636AF7009747E3
:1030B000FF1F238ED7AA9747FF1FA38AE7AAEF1007
:1030C000705C484C23130400230204009720FF1F68
:1030D000E7800087C145231C0400232E0400232021
:1030E00004021745FF1F03451594EF001FDC22441F
:1030F000B2401745FF1F0345159393050002410198
:103100006F00BFDA83270509411122C406C626C213
:103110002A84638A071E13F7270019CBF59B2328FF
:10312000F50803554500194693050008EFF0DF95B3
:103130008327040913F7470041C7ED9B0327440881
:103140002328F4087C5CB3D7E7021747FF1F034727
:10315000778B9107BA97C207C183231AF4068607B3
:103160002319F4068347340293F7070491CB83278E
:103170004409228593E70740232AF408EFC04FB99A
:10318000834724041307000499E313070008230C62
:10319000E4000347940119EF8347340293E71700D3
:1031A000A301F402035544000D4693050008EFF017
:1031B000BF8D29A00357640511E3EDD7230D04004B
:1031C0008327040913F787000DC303554400DD9BD3
:1031D0002328F408154693050008EFF0FF8A83477B
:1031E000340293E74700A301F4028327040913F78D
:1031F000070139C7BD9B2328F408834714040355EE
:103200004400214689C7A300040413060003930564
:103210001008EFF07F878347040EC18B89CB83555D
:10322000E40322859205C205C181EFC00F9983474F
:10323000340293E71700A301F4028547A306F400C4
:103240008327040913F7072001CF0355440093F7A0
:10325000F7DF2328F408314693051008EFF0DF82EA
:103260008327040913F7070415C30355440093F794
:10327000F7FB2328F408114693050008EFF0DF80E0
:103280008347340293E71700A301F402832704095C
:1032900013974701635507027D771307F77F03559F
:1032A0004400F98F2328F4081D4693050008EFF029
:1032B000AFFD8347340293E71700A301F40283278D
:1032C000040913F7074009CF0355440093F7F7BFEC
:1032D0002328F4081306700593051008EFF0CFFAC1
:1032E0008327040913972701635F0700834734028C
:1032F00083458404228593E71700A301F402EFC0FD
:103300007FD62301A4048347640085CF8327840FDD
:1033100099CF8347640181EF03554400014693052B
:103320000008EFF06FF601E58547230BF4008357A3
:10333000840381CB035544004D4693051008EFF0FC
:10334000AFF483473402F1C7858B8DC30345140264
:103350009307F00F6307F500EF005FB9FD57A30077
:10336000F40283473402F99BA301F4028347340239
:10337000898B89CF83552403034524029205EF00EE
:103380001FBE83473402F59BA301F4028347340236
:10339000918B91CF0346D400C165938505A022850A
:1033A000EFC00F8783473402ED9BA301F4028347EC
:1033B0003402A18B99CF835524030D4622859205B3
:1033C000C205C181EFC0CF8483473402DD9BA301D6
:1033D000F4028347340213F7070101CF03450402C7
:1033E00093F7F7F8A301F402EF005FB0FD57230055
:1033F000F4028347340213F7070201CF8355E40335
:103400000345040293F7F7FDA301F4029205EF00D0
:103410001FB58347840193F7070C81C72285EFC04E
:10342000AFD883574403A5CB13074006B3F7E70291
:10343000BDE39387419E9C43898BB1C79734FF1F9F
:103440009384845A985821C383D7019FC20783D598
:10345000219FDD8D254502979C5883D5E19E13055C
:10346000900882979C5883D5C19E294582971387DF
:1034700001A09C58831507002D4582979C58830511
:103480004401314582972396019E2398019E2399FA
:10349000019E2397019EB2402244924441018280C2
:1034A000411126C206C622C4EFD04FE4AA8439C90E
:1034B000EFD06FD42A8471CD930710112313F50038
:1034C0009307001B2316F5009737FF1F83C7B752DA
:1034D0009507130700043E8563F4E7001305000415
:1034E000930570201375F51F9710FF1FE780A03B11
:1034F0002324A40E11ED03554400EFD0CFEE228516
:10350000EFD0BF85B240224426859244410182809B
:103510009737FF1F938707659C4F21469735FF1FFD
:10352000938545772326F40E1305840D9710FF1F0E
:10353000E780C09F21469735FF1F9385A57513052A
:10354000040E9710FF1FE780609EFD57231AF402B8
:103550002310F4022301F4028347B401314693059A
:10356000F00F93E707FCA30DF4001305C405EF006B
:10357000EFDD8567938787BB231FF4022285EFB0B9
:10358000BFF02285EFC0CF8F9737FF1F239C0768BE
:10359000BDB7854485BF411122C406C626C28347F4
:1035A000950217C700001307A7DF9736FF1F83C6D2
:1035B000E6448607BA9783D707001396860161868B
:1035C0002322F5082A84635D0610D1072322F4081C
:1035D00003274408B7470F009387072433D7E70230
:1035E0008357E4022322E408635E06109305204E0D
:1035F000B387B702BD0795837CDCB3D7E7021737E3
:10360000FF1F034737402C5C9107BA97C207035747
:10361000C402C183231AF406050763560610130576
:10362000204E3307A7023D07158386079D8D2E97F1
:1036300063490600B705C0A86365B700B7054057E2
:103640002E972320E408C207C1830347B402635DB9
:10365000060E9306204E3307D7023D071583BA970F
:103660002319F4062285EFB0BFEA8355240322858F
:103670009205C205C181EFB07FDD035544000546C8
:1036800093050008EFF04FC0854517D5FFFF1305E0
:1036900065E0EF003F959737FF1F23AB875C93876B
:1036A000419E9C43898B85CB9734FF1F9384C43301
:1036B0009C5895C383258408354582979C5883255B
:1036C000C408394582972396019E2398019E239929
:1036D000019E2397019EB240224492444101828080
:1036E00093F5360081C59387873ECDB593D5464087
:1036F00099C586052E9703570700BA97C1BD9387D2
:103700002703E9B593F5160091C593058002B387A9
:10371000B702DDB585659385B547B387B702938753
:1037200007049D83D1BD13F5160011C51305800252
:103730003307A702DDBD05651305B5473307A702AB
:10374000130707041D83D5B5858A91C693068002A9
:103750003307D70229B785669386B6473307D70262
:10376000130707041D83E5BD8357050789460357E3
:10377000450763F3F6008947C207C183FD17B317F6
:10378000F700231BF5066F009FBA79719737FF1F6B
:103790009387C74822D4A04B26D24AD052CC5AC8CD
:1037A0003169216B8564370AF8FF4ECE06D656CABA
:1037B0005EC693093B3013093930938404807D1A27
:1037C0008347C4001307000D6396E712938A81A014
:1037D00083A60A009C428D8B89C79C4293E7870091
:1037E0009CC29387819F9C43370600F97D16984FB2
:1037F000718F37060002518F98CF984F137737F8A3
:103800001367870198CF138741A110435856759BC2
:1038100058D6034724011376F7079843137707F820
:10382000518F98C3032784083706001098C70327D1
:10383000C408D8C3D857719B13672700D8D79843BB
:10384000518F98C3FD47DCC2EF108060C147173726
:10385000FF1FA30CF730930710FD2306F4008347E6
:10386000841503477415A207D98F86071737FF1FE2
:103870002320F730930700FC1737FF1F2304F72E90
:1038800003A70A009737FF1FA38E072C9737FF1F48
:10389000A38C072C3C53FDFF9737FF1F2386072C73
:1038A0008357640783562407232637018607B69774
:1038B0009A07938707053CD3930700F89736FF1FB5
:1038C0002384F62A2326270185471CC38347040443
:1038D000858B89CFA2850545EF10A03383A70A0009
:1038E00013079007B8CBEF106054D9BD930790052C
:1038F0003CCBD5BF1307100DE394E7689737FF1F44
:1039000083C74726858B973AFF1F938AAA25E38FA3
:103910000758834504040325C40E13064401858912
:103920009710FF1FE78060CA9737FF1F238FA722DA
:103930000589E31C0500834734028346F40093E7BE
:103940002700A301F40283C70A00E207E18763D1DD
:10395000070693F70602705C89CF03274408973760
:10396000FF1F83C7370A3357E60211073E97231A12
:10397000E40683A70A0103574407F917B297998F02
:103980001737FF1F1307470603074701634907005F
:103990003707C0A863E5E70037074057BA972320E9
:1039A000F40883576407231804068583231BF40651
:1039B000E206E18663D906082285EFB03FCD41E5F6
:1039C0008327040FA30804008DCF0347740115CB90
:1039D00003C79700058B15E703D7E700C8431367B4
:1039E00007F02397E7009710FF1FE78060F58357E4
:1039F00084038507231CF4028327040F9C43232898
:103A0000F40E8347940081CB83470404898B81C7DC
:103A10002285EFB0BFCC0347D40093074004631462
:103A2000F702832704092301040493E7870023286E
:103A3000F4088347E40093E787002307F400930723
:103A40006004A306F40083470404858BE9C783C799
:103A50006A00898BE9C38347F4018507A30FF4004B
:103A60008347F4001397870161876340070493E756
:103A700007F8A307F400930700F8230CF4000327CA
:103A800044087C5CB3D7E7021737FF1F034797F75B
:103A90009107BA97C207C183231AF4068607231930
:103AA000F4069737FF1F23A5071C9737FF1F238BAB
:103AB000070A8347A402938AC19F85072305F4025E
:103AC00083471401E395073C0347840093070004F0
:103AD000A308F400832744093D9B13673700A30B19
:103AE00004002304E4009396070163D60666E1769A
:103AF000FD16F58F232AF4088327840E2380E70020
:103B00008327840E03479400A380E70083A70A005D
:103B10000327840E61AD2285EFB0DFB931F1A30F29
:103B200004002285EFB0BFA18345E40093F7850030
:103B300095C38347B40099CF83475401094793F74E
:103B4000B70F6389E7008347840093C747002304C6
:103B5000F40039B78346A4008D47639EF65C834723
:103B600054013D476394E7060347B400E147630C03
:103B7000F7002285EFE0EFF583274409B3E76701FB
:103B8000232AF408F9A68347040E898BFDD38347C3
:103B9000D40005476386E70013072009E39BE7FC91
:103BA0002285EFE01FC00347D4002301A40493073C
:103BB00020096318F7008347340293E71700A30135
:103BC000F402930730F9A306F40061A6F9EB03476A
:103BD000B400B147E31FF7F88327C40E03C73700CB
:103BE000A304E40403C7570083C647002207558F88
:103BF0002315E40403C6770003C767002206598E25
:103C00002316C40483C6970003C78700A206D98E73
:103C10002317D40403C7B70003C5A7002207498FA1
:103C20002318E40403C5C70083C7D700A207C98FC0
:103C30000355E4022319F4048147631BC5000356AE
:103C400004036317D60083572403998F93B7170093
:103C5000231BF4048347D40093E515002307B40025
:103C60000547638AE700130720096385E702130706
:103C700070096398E700CD47A306F4009547230D2C
:103C8000F40083470404858BE38C07DC2285EFB0C6
:103C9000FFA9F9B38347340293E71700A301F402A5
:103CA000D9BF05476399E7048346B4002147E392EF
:103CB000E6EC0347D4006317F70093073002A3062E
:103CC000F400C1B793072009E315F7EA9307A002B0
:103CD0002301F4048327040993E747002328F40809
:103CE00093074002A306F4008347340293E71700CA
:103CF000A301F40279B70946639FC7000347B400E4
:103D0000E319F7E68327C40E83C737002304F404BE
:103D1000930730036DB72946639DC7008347B400FE
:103D2000E399E7E40347D400E315F7E4930730078A
:103D300079B72D46639BC7028347B400E39BE7E254
:103D40000347D40093074007E315F7E283473402A3
:103D50002300040493F7070481C7C147A301F402B9
:103D600093075007A306F400E5B96391D710034702
:103D7000B400DD47E31FF7DE832AC40E2146130596
:103D8000741193853A009700FF1FE780201A83C7BC
:103D9000CA0003C7BA00A207D98FA30FF410A183EA
:103DA0002300F412EFF0DEBD2328A412EFF05EBD75
:103DB000232AA41283C7FA0003C7EA0093168501D9
:103DC000A2074207BA9703C70A01BA9703C7DA00E6
:103DD0006207BA972322F40A83C73A0103C72A016C
:103DE000A2074207BA9703C74A01BA9703C71A0145
:103DF0006207BA972320F40A034714138347241356
:103E00004207A207BA9703473413BA97034704132C
:103E10006207BA97232EF4084167935705017D176F
:103E2000A207F98F135785013697BA9722053707EE
:103E3000FF00798DAA97232CF408EFF07EB4232C91
:103E4000A41283C76A0103C77A01A2074207BA977F
:103E500003C75A01BA9703C78A01232EA40A62072F
:103E6000BA97232CF40A93073004B1BB9946639F99
:103E7000D7008347B400E39EE7CE0347D4009307FF
:103E80002005E318F7CE9307500515BD214763932E
:103E9000E7040347B400A547E31DF7CC0347D4006C
:103EA0008547E318F7CC0327C40E9307040D1306C8
:103EB000840D0D078346070083C587008507A38F00
:103EC000D7FEED8EA387D7000507E395C7FE9307BE
:103ED0003006F5B325476393E7040347B400E31ABC
:103EE000F7C80347D40093072006E314F7C8032755
:103EF000C40E9307040D1306840D0D0783460700B7
:103F000083C587008507A38FD7FEED8EA387D700D3
:103F10000507E395C7FE9307500655B3B146639A6C
:103F2000D7040347B4009947E315F7C42285EFE0AF
:103F3000DFB20347D400930720086311F702930709
:103F400050F8A306F4008347B40193F7F7FBA30DE1
:103F5000F4008347B400E39607D219B68307B4018F
:103F6000E3D307FE8327440993E70720232AF408B5
:103F7000D9BFC9466395D7048347B4000547E39A80
:103F8000E7BE0347040E418BE30507BE0347D40099
:103F90006315F700930730FA1DB39306200A631ADE
:103FA000D70003473402A306F40013671700A301E8
:103FB000E40283274409C58F232AF408D9B1CD46EA
:103FC0006390D7020347B4008547E314F7BA034769
:103FD000D4009307200AE31EF7B8930740FAC5B14F
:103FE000D1466397D7028347B400E394E7B82285AC
:103FF000EFE0DF970347D40085476315F700930789
:1040000030FBD1B68327440937070800D98F8DBE0E
:10401000D5466392D7028347B400E39CE7B40347D5
:10402000D4009307200BE316F7B42285EFE01F942A
:10403000930740FB49BE1D47639FE7040347B40055
:104040008947E318F7B2E9472301F4048347D40012
:104050001307200A6395E700930750FA8DB1130701
:1040600020066395E7009307700691B913072009AE
:10407000639CE700930790F9A306F4008347040EBE
:10408000F59B2300F40E8DB11307200BE39BE7BED5
:10409000930750FB2DB13547639AE7020347B400FD
:1040A0008947E318F7AC8327C40E83C73700230181
:1040B000F4048347D400130720096383E70613073A
:1040C00070096396E706930780F9D5BE4547E392EA
:1040D000E7AA0347B4008D47E31DF7A88327C40E62
:1040E000B94603C7370083C747002301F404834759
:1040F000D400631ED700130720066398E7008347A8
:10410000340293E71700A301F40285474DBEBD4674
:10411000E303D7FAD146631CD7001307200BF1BF86
:104120008347340293E71700A301F40269BF0547F0
:10413000E391E7A4B9B68347B400E38307922285ED
:10414000EFB09FC5E31E059029B58347E4018507BD
:10415000230FF40031B20347D400854B631F771F50
:104160006384071E13F7072065C72285EFE0EFA6DB
:104170008327440993F7F7DF232AF4088347740160
:10418000858B638C07508327040F03478400DC432F
:104190002380E7008327040F03479400DC43A380B8
:1041A000E7000327040F83A70A005843D8CB8346B0
:1041B0009400938781A09C43139746001307C72060
:1041C00023A63701B8D3130700F81736FF1F230DB6
:1041D000E69823A627016388064C83470404898B4D
:1041E0006383074CA2850145EF00901C1305A007CF
:1041F000EF001041930720FD2306F4008327840F6E
:10420000B1C30347F400137707040DCFD44303C6AB
:10421000C70083C58700035544008906EF30B011FD
:1042200015E18327840F03D7E700136707F023976F
:10423000E7009C43232CF40E8357640381C7FD17CA
:10424000231BF4029700FF1FE780C0316FF04FD7A8
:1042500013F7070809CB93F7F7F7232AF408228509
:10426000EFE0CFA221BF13F7270009CF0347E400F7
:104270000D8B6310070EF59B232AF4082285EFE0CF
:10428000EFA5EDBD13F7074009CB93F7F7BF232A3E
:10429000F4082285EFE0AFBBD5B513973701635221
:1042A00007022285EFB0EFACE30A05EC832744094F
:1042B0007D777D17F98F232AF4082285EFE0AFBDC3
:1042C00075BD13972701635B070079777D17F98F19
:1042D000232AF4082285EFE02FAB4DB51397170181
:1042E0006354070271777D17F98F232AF4088347F7
:1042F000040E918B638C071EBD452285EFE0CFB283
:104300008547A306F4009DBD33F7970019CB7D7751
:104310001307F77FF98F232AF4082285EFE00FB601
:10432000B1BD1397C700635A07362285EFB06FA45B
:10433000E30605E4832744092285B3F74701232ACE
:10434000F408EFE06FBD1DBD2285EFB08FA2E3073B
:1043500005E22285EFE02FC315B565DF93077006F0
:104360006301F72A63EDE70A930730046304F7203B
:1043700063E5E7049307400263EDE700930730022B
:104380006376F718CD47E316F7FC2285EFE0AFBF61
:1043900085BF930710036300F71C93073003E31AEC
:1043A000F7FA2285EFE02FBE832704090967D98F2A
:1043B0002328F408A3060400D1B39307000563047F
:1043C000F71E63E9E70093077004630CF71E930779
:1043D0009004F1B7930730066307F7209307500660
:1043E000630DF72093075005E315F7F683470404A0
:1043F0002320040C2322040C93E727002300F40459
:104400002285EFD0FFEA8347E40023010404DD9B0B
:104410002307F4008327040993E70701BDA093074E
:10442000900963E7E706930780096375F70C930724
:104430005007630DF71263E7E70293073007E31AAB
:10444000F7F02285EFB0EF92E30A05D28547A3008B
:10445000F4042285EFD05FF683470404F99B230020
:10446000F40429BB93075008630AF71A930730092D
:10447000E311F7EE83472404E39B07E62285EFE090
:104480008FB08327040993E727002328F4088DBD04
:104490009307500A63EEE7009307400A6378F71A20
:1044A0009307300AE317F7EA2285EFE02F9D89BDD5
:1044B0009307400B6308F71A9307500B6302F71C2E
:1044C0009307300BE317F7E82285EFB08F8AE307F5
:1044D00005CA2285EFE04FA48347C41023010404DA
:1044E000E38007E283270409C58F45B72285EFD013
:1044F0009FF739B52285EFE00FA983270409A306AA
:10450000740193E747002328F4088DB98327C40E6C
:1045100003C73700A302E41003C747002303E410D6
:1045200003C75700A303E41003C767002304E41084
:1045300003C77700A304E41003C7870083C797006D
:10454000A207D98F2315F4108347E40093E72700CF
:104550002307F4001DBD2285EFD0FFC1D9472304F6
:10456000F404832704090967D98F71BF2285EFE01E
:104570008FA189B58347040E13F7170009C7228559
:10458000EFD07FCBE5BE69472301E404918B81CB5B
:104590008D452285EFE04F89A3067401C5B62285BB
:1045A000EFD07FECD5BF2285EFD07FCE83470404C8
:1045B0002324040C2326040C93E717002300F4049F
:1045C00075BE8347040E918B99CB8D452285EFE014
:1045D000AF858347E400DD9B2307F40015B32285F4
:1045E000EFD07FE8FDB72285EFD01FD683270409DF
:1045F0002301040493E7070449BD2285EFE0AF9847
:10460000F5B72285EFE02F98E9472301F4048327CB
:10461000040993E707042328F408BDBF2285EFE0CF
:104620008F968347B401858B99CB83270409230197
:104630000404A30D040093E707202328F40883470C
:10464000340293E71700A301F4025DB92285EFE07D
:104650008F93A30674018347340293E71700A301E5
:10466000F40229BE2285EFE00F928347C410A3060F
:10467000740123010404E5D383270409C58F61B5C0
:104680002285EFE04F908547A306F400F5B783D766
:10469000019F85072398F19ED5B48327840E034795
:1046A00084006FF0AFC51305A00599B6938781A06C
:1046B0009C43BC53639607909727FF1F2386074AA6
:1046C000EF00407C83C70A00E207E18763D1070A55
:1046D0002285EFF06F8983D7219F8507C207C183A9
:1046E0002399F19E0357440335C793064006337759
:1046F000D7022DE31387419E1843098B21C79724C6
:10470000FF1F9384642E985815CF83D5019FC2054F
:10471000DD8D254502979C5883D5E19E13059008B1
:1047200082979C5883D5C19E29458297138701A003
:104730009C58831507002D4582979C58830544019A
:10474000314582972397019E2396019E2398019ECF
:104750002399019E22852254B25092540259F24963
:10476000624AD24A424BB24B45616FB0DF8183D778
:10477000E19E85072397F19E2285EFE0BF98D9BF80
:104780001307200D6397E70E9727FF1F83C7973DF9
:10479000858BF9C39727FF1FA386073C8347F40146
:1047A000BDEF8347E40193F7E70FB5EB2285970050
:1047B000FF1FE780E0A985476313F506938A81A070
:1047C00003A70A0093070019232637013CD3930758
:1047D00000F89726FF1F2389F638232627018347F1
:1047E000841583467415A207D58F86079726FF1F69
:1047F00023A0F63883470404858B91CFA285112925
:1048000083A70A0013079007B8CB930710FD230670
:10481000F4006FF04F8D930790053CCBFDB79D25BD
:104820008347F401B1DB37C700400327073893F70C
:10483000070F81CB9305D0032285EFB0BF82230100
:10484000A4049727FF1F9387271A9C5B95D795454C
:104850001305500882970DB7938781A09C43BC53E2
:1048600099C36FE0FFF59727FF1F238F072E192DA0
:1048700021B7092DC5B5411106C6EF60106F972706
:10488000FF1F9387A73917F7FFFF1307A7C1B24090
:10489000B8D317F7FFFF130747D0F8D34101828041
:1048A00001119727FF1F9387673722CCE05726CA4D
:1048B00006CE2AC42EC6854419E40145F24062445E
:1048C000D244056182808347910003471400858BA1
:1048D0006304F7000044CDB719469305A100130502
:1048E0002400EFF0CEACE31795FE0545C1BF0111E2
:1048F00026CA9724FF1F9384643222CCE0544AC80E
:104900004EC652C456C206CE2A898149130A2500D2
:10491000854A21E89305802031459700FF1FE780F5
:1049200080F82A84014525C083471900194693055C
:104930002900A300F4001305240097F0FE1FE78070
:10494000E05EFC54B1EB9727FF1F23AF873283D77C
:1049500084062324040085071727FF1F2314F7323A
:1049600015A003471400834719006305F700A289C7
:10497000004445B71946D28513052400EFF02EA355
:10498000E31755FF0545F2406244D2444249B2491B
:10499000224A924A05618280E38B09FA23A48900A6
:1049A0007DB79727FF1F93876727E85711E9972758
:1049B000FF1F23AB072C9727FF1F2395072C82800F
:1049C000411106C622C400459700FF1FE78040F74B
:1049D000228575F8B24022449727FF1F23A6072A95
:1049E0009727FF1F2390072A410182809727FF1FE7
:1049F0009387C72223A607062394070682809386FF
:104A0000419F9C429843659B98C303471500034808
:104A100025002207420842970348050042970348B1
:104A200035006208429798D7034755000348650050
:104A30002207420842970348450042970348750001
:104A400062084297D8D7034795000348A50022077C
:104A5000420842970348850042970348B500620820
:104A6000429798DB0347D5000348E5002207420838
:104A700042970348C5000345F500429762052A970F
:104A8000D8DB03C7150003C52500220742052A9776
:104A900003C505002A9703C5350062052A9798CFFC
:104AA00003C7550003C56500220742052A9703C5C1
:104AB00045002A9703C5750062052A97D8CF03C71A
:104AC000950003C5A500220742052A9703C5850066
:104AD0002A9703C5B50062052A9798D303C7D50066
:104AE00003C5E500220742052A9703C5C50083C513
:104AF000F5002A97E2052E97D8D3D843759BD8C3E3
:104B0000D84313671700D8C398431367170098C397
:104B100098425C43858BD9E31C4F01452300F60086
:104B20009C429C4FA183A300F6009C429C4FC183F2
:104B30002301F6009C429C4FE183A301F6009C42B6
:104B4000D84F2302E600D84F2183A302E600D84FB6
:104B500041832303E600D84F6183A303E600985303
:104B60002304E60098532183A304E600985341836D
:104B70002305E60098536183A305E600D853230676
:104B8000E600D8532183A306E600D85341832307C8
:104B9000E600DC53E183A307F600828001008DBFAD
:104BA000411106C6EFF0BFE5B240014541018280E8
:104BB0009387419F9C4303A7050C160513650510B9
:104BC00088C398CB03A7450C0145D8CB03A785091B
:104BD00098CF03A7C509D8CF03A7050A98D303A781
:104BE000450AD8D303A7850A98D703A7C50AD8D7FB
:104BF00003A7050B98DB03A7450BD8DB03A7850BA1
:104C000098C703A7C50BD8C798431367070498C371
:104C100082809387419F9C4303A7850C16051365EB
:104C2000051088C398CB03A7C50C0145D8CB03A7B3
:104C3000850998CF03A7C509D8CF03A7050A98D33C
:104C400003A7450AD8D303A7850A98D703A7C50A9F
:104C5000D8D703A7050B98DB03A7450BD8DB03A721
:104C6000850B98C703A7C50BD8C7984313670704DC
:104C700098C3930700F81727FF1F2308F7EE8280D9
:104C80009386819F90429727FF1F83C707D713976B
:104C900087000C4293F7F703A2074D8FB7850001F9
:104CA0004D8F18C21842F1759385F50F6D8FD98F0E
:104CB0001CC237170040930770052300F7049307C1
:104CC00080FA2300F704010001001726FF1F0346A6
:104CD000C6D2D14763FBC7048357270293E7070176
:104CE0002311F7029C424567130787E7D8D7984FEF
:104CF000A166558F98CF984FE1769386F607758F0A
:104D00008D6693860650558F98CF13072015D8DBF4
:104D100097F7FE1F9387077AB20737070014B1830E
:104D2000D98F37E700E07CD7828083572702C207FC
:104D3000C183BD9BC207C18365B71727FF1F130738
:104D400067E29387C19F9C43544B184F096694CBED
:104D5000D4CB98CFD8CF9447D18E94C7D847518F12
:104D6000D8C794470566D18E94C7D847518FD8C706
:104D700098431367270098C398431367070298C3A3
:104D80008280938741A09C4399CB944BD04B98420F
:104D9000518F98C294439C479842D98F9CC2938765
:104DA00081A09C43A8CB17F3FE1F6700037893876D
:104DB00041A09C4399CBD44390479842518F98C2CD
:104DC000D447DC4B9842D98F9CC217F3FE1F670073
:104DD0000373938741A09C4399CB944BD04B98424B
:104DE000518F98C294439C479842D98F9CC2938715
:104DF00081A09C43094798C317F3FE1F67002370E7
:104E0000938741A09C4399CB944BD04B9842518FB0
:104E100098C294439C479842D98F9CC2938781A0A3
:104E20009C43A8CB17F3FE1F67002377938741A00D
:104E30009C4399CBD44390479842518F98C2D44712
:104E4000DC4B9842D98F9CC217F3FE1F6700837119
:104E50009727FF1F83C7B7D18DE71727FF1F03478A
:104E6000D7D09307B7FF93F7F70F894663EBF600A8
:104E70009727FF1F238DE7CE85471727FF1FA3081E
:104E8000F7CE8280138781A01C4394438D8A85C20C
:104E9000B44BE19AB4CB944393E6860094C39C430D
:104EA0008D83858B89C701000100010001001C432F
:104EB00023A80704938741A09C4399CBD4439047F0
:104EC0009842518F98C2944BDC4B9842D98F9CC228
:104ED0009727FF1FA38B07C88280938681A09C42DF
:104EE00098430D8B05C3B84B619BB8CB98431367B0
:104EF000870098C39C438D83858B89C7010001007F
:104F0000010001009387819F9C4337080010D85708
:104F1000719B13672700D8D798433367070198C35D
:104F2000984F370800F97D183377070137080002DA
:104F30003367070198CF984F137737F813678701C6
:104F400098CF138741A1032807000327C802759B48
:104F50002326E8021377F6079043137606F8598E56
:104F600090C388C7CCC39727FF1F238D07BE972701
:104F7000FF1FA38B07BE98429727FF1F238607BEFC
:104F8000FD475CC3938741A09C4399CBD0438C479A
:104F90001442CD8E14C2D047DC4B1442D58F1CC2B4
:104FA00085679387870B9726FF1F23A3F6BC85474A
:104FB0001CC3930790053CCB828041119727FF1FAC
:104FC000A38707BA22C406C626C21724FF1F0344BC
:104FD00004BA95476319F4069727FF1F938707C400
:104FE000985F3E8483467700B1CA03465700B755A1
:104FF000550037C5898E93855555130565EDEFF03E
:10500000DFED9726FF1F83C656B69387A6FF93F75B
:10501000F70F0547636AF7009727FF1F2389D7B467
:105020009727FF1FA385E7B495471727FF1FA30EF8
:10503000F7B21C5C130710FA2383E700B240224446
:105040009244410182809947631EF4029724FF1F16
:105050009384C4BCBC4003C777006DD303C657001C
:10506000B755550037C5898E93855555130565EDA0
:10507000EFF0BFE69727FF1FA38987AEBC40130759
:1050800010FB5DBF9D47E31BF4FA9727FF1F83C703
:1050900027AF858B1726FF1F0346B6B09726FF1F45
:1050A00083C626B095C39727FF1F938767AFC84372
:1050B00001CD834515000905792149D18547172779
:1050C000FF1FA306F7AA9DBF81450145F5B71387CA
:1050D00081A01C4394438D8A85C2B44BE19AB4CB22
:1050E000944393E6860094C39C438D83858B89C744
:1050F000010001000100010014439307A00513877C
:1051000041A1BCCA9307000ABCD29387819F9C43EC
:1051100003280700D1C50327C80213650504759B42
:105120002326E8021377F5078843137505F8598D90
:105130003747767188C31307971298C737575500BA
:1051400013075755D8C31727FF1F230E07A017278C
:10515000FF1FA30A07A01727FF1F230707A023A2EB
:105160000600D857B70500F0FD15719BD8D79843B6
:105170006D8F98C3BC52FDFFA1679387373012062D
:10518000DCC613068611B0D2930700F81727FF1F5D
:10519000230CF79CB16793873730DCC66FF07FC371
:1051A000984FB70500F9FD156D8FB70500024D8FBB
:1051B00098CF984F137737F81367870198CF032755
:1051C000C802759B2326E8021377F50788431375F9
:1051D00005F8598D37C7898E88C3130767EDB1BFAE
:1051E0009727FF1F938707989C4FA9CB411106C6AD
:1051F00022C4EFF09FB4138481A01522F923EFF0AD
:105200003FA81C401307D005B8CBEF00B00FEF103C
:10521000205F2D27EF00407A85471727FF1F2307C0
:10522000F7941C4023A80704EFF09FC2B240224429
:105230009727FF1FA38B0792410182808280411133
:1052400022C41724FF1F1304E4911C4C06C626C277
:1052500085CB938481A09C401307D005B8CBA92FA0
:105260009C4023A807048347840085071727FF1F56
:10527000230EF78EEFF0DFBD9727FF1FA387078E62
:10528000B240224492444101828023A201A0B7C7C8
:10529000004023AEF19E1387073023AAE19E1387B7
:1052A000072023A4E1A09387071037D7004023AA43
:1052B000E1A023ACF19E054741119727FF1FA3866C
:1052C000E78A22C41714FF1F130404721C4006C689
:1052D0009726FF1F23A2F68A938707119726FF1FA1
:1052E00023AEF6889727FF1F2382E788EFF05FEF52
:1052F00037E700E0B70710002320F710B7062000BB
:105300002320D7100307440163570700138781A0A8
:105310001843FD177CD3B240224441018280938719
:1053200081A09C43930600052947D4CBD8CF930591
:10533000C008CCD31306C003D0D7CCDBD0DFF4C376
:10534000F8C71307600FB8CF316713073730D8C7D6
:1053500097F7FE1F9387A745370700F07D8FB7E6C5
:1053600000E0B207F8C2B18337070015D98FBCD669
:1053700082809387819F9C43B70600F9FD16984F62
:10538000758FB7060004558F98CF984F137737F86D
:105390001367C70198CF138741A11443F5CD37B7E1
:1053A00024001307F7E96361A7089843137707F808
:1053B0001367570298C305476394E500130585C139
:1053C000D856370810FE7D1813672700D8D64167D6
:1053D000130707A03356E5023377E5021305A00F44
:1053E0007D8A93154601F042337606014D8EF0C258
:1053F000F042B705FCFF6D8E2A073357A7023A0724
:105400003983518FF8C21717FF1F03476777098B3E
:1054100019CB98431377F7079366070498431377DC
:1054200007F8558F98C38280370725001306F74881
:105430006363A6023767DBFF130707932A971306F8
:10544000007D3357C7027D1790431377F707137614
:1054500006F8518F85B7130707496318E50098438D
:10546000137707F813676702B1B737D7250013071B
:10547000F777636DA7003767DBFF130707932A975A
:105480001306007D3357C70279177DBF9843137702
:1054900007F81367770239BFD856759BD8D61377AC
:1054A000F5078843137505F8498F98C3A9BF9387FB
:1054B00041929C43411122C406C626C28297971787
:1054C000FF1F9387E76D8047630AA406BE84971782
:1054D000FF1F938767518387470163D90704018DB5
:1054E000135455009717FF1F83C7276B6368F40495
:1054F00097F0FE1FE780403098449717FF1F83C73F
:10550000C7699396570036971D8C9716FF1F23ADDA
:10551000E668E37FF4FC2244B24092441715FF1F73
:1055200003451566814541016FF0BFE4E37985FAD3
:10553000B707C0A83384874022955DB7B2402244A4
:10554000924441018280011126CA938481A09C402B
:105550004EC652C4984356C25AC006CE22CC4AC840
:105560000D8B2A8AAE89328BB68A05C3B84B619BF4
:10557000B8CB98431367870098C39C438D83858B72
:1055800089C701000100010001001714FF1F130467
:105590002461834744011719FF1F1309695E918B2A
:1055A00099E78347090093F7070463950716814538
:1055B0001715FF1F0345D55CEFF0BFDB9387819F75
:1055C0009C4303278900B706001098C70327C9002A
:1055D000D8C3D857719B13672700D8D79843558FE6
:1055E00098C3834709009840858B93E7E7015CC324
:1055F0009717FF1FA387675B9717FF1F2383575BCF
:105600005C43858BADC75C4085E31715FF1F0345E1
:10561000F55893059004090597F0FE1FE780A02830
:105620009717FF1F23A0A7585C400545F1CB17171C
:10563000FF1F034707572380E7005C4063000A0E03
:10564000638E090CA380370148404E86D285090538
:1056500097F0FE1FE780808D9387C19F9C43584041
:10566000D8CB930700041717FF1F230DF74EEFF059
:105670002FFE8347640193E747001717FF1F230C92
:10568000F7529717FF1FA38F074C9717FF1FA38D84
:10569000074C9717FF1F2389074C9D471717FF1FBC
:1056A000A305F74C9717FF1F938707349C5791CB9F
:1056B00013060064C1451715FF1F0345E54FEFE0D2
:1056C0000EE8938741A09C4399CBD44390479842DE
:1056D000518F98C2D447DC4B9842D98F9CC2971700
:1056E000FF1F83C7A74B9D0792071717FF1F232193
:1056F000F7489C400547014598C313079005B8CB70
:10570000F2406244D2444249B249224A924A024B90
:105710000561828085450325490079BDA380070086
:1057200025BF938741A194430566D846518FD8C6BB
:10573000514701007D1775FF9043FD76FD165846D1
:10574000758F58C6514701007D1775FF9443056654
:10575000D846518FD8C6514701007D1775FF944335
:10576000D84613671700D8C6514701007D1775FF4B
:105770009443D846799BD8C6514701007D1775FFE1
:105780009443D84613671700D8C6514701007D17C8
:1057900075FF9443D84613670710D8C651470100D8
:1057A0007D1775FF9443D8461377F7EFD8C6514756
:1057B00001007D1775FF98435C4793E707105CC7AE
:1057C000D1470100FD17F5FF8280411106C6EFF0B9
:1057D0005FF5938741A19C4313070048370300906E
:1057E00098D7B8477D13370E0020337767003367AB
:1057F000C701B8C7B847B70600F9FD16758F370659
:105800000004518FB8C7B8473706F9FF7D16419B92
:1058100013679700B8C7B847B7080080B70E0002F3
:10582000718FB8C7B847370600FF7D163367170179
:10583000B8C7F84745757D1E619B13673700F8C7E9
:10584000F8471377F7F813670703F8C7EC4793F5A2
:10585000F58F93E50530ECC7F847718FF8C7F84727
:1058600011663367D701F8C703A807051307F5FFCB
:105870007D753378E8003368C80023A8070503A8BE
:1058800047057D15137808FF1368C80023AA07058C
:10589000F04B13660608F0CBF04B698EF0CBC85F77
:1058A000798D2167598DC8DFCC5F37070040F58DB2
:1058B000B3E5D501CCDFD05FB70570003376C60104
:1058C000598ED0DFD05709674D8ED0D7D057F18E83
:1058D000D4D7D45775767D16F18ED98ED4D7D457B8
:1058E0003706FDFF7D1637070200F18ED98ED4D71B
:1058F000945BC19A94DB945B93F6F6F094DB945B33
:1059000093F6F68F94DB985BB70600504D8F98DBCB
:10591000985B33776700558F98DB985FB70608FF71
:10592000FD16758FB7061800558F98DF985FB3681E
:10593000170123AC1703B24041018280138741A1B4
:105940001C4341767D16B44BF18EB4CB9447370699
:105950002000D18E94C7D44793E60601D4C7D4471C
:10596000BD9AD4C70100010001000100144305667F
:10597000DC4693E70701DCC6DC42D18FDCC283A79B
:10598000C609A183858BE5DF01000100010001004C
:105990001C43416603A7C709B44BD18EB4CB9376A1
:1059A000F701B84B019B558FB8CB9847B706E0FF7E
:1059B000FD16758F98C78280138841A1417703C671
:1059C00001A1832708007D1763180610B44FC16535
:1059D0004111F98EB4CF9447C16E3D4FCD8E94C71F
:1059E0008D4F8147414E83260800CC4693F5F5EF55
:1059F000CCC6CC42B3E5D501CCC2CC4693E505106C
:105A0000CCC683A5C608A1818589E5DD010001001A
:105A1000010001008326080003A5C608CC423D8989
:105A2000F98DCCC26305E50105061376F60F8145B5
:105A300013F3F50F636AF3006311F3049308010194
:105A4000C6952388A5FE15A8AE888505B302B100CA
:105A500083C2F2FFE37E55FCBE8593020101AE9244
:105A600083C3F2FEFD1593F5F50F238872FEE3164E
:105A7000B3FE0C08AE982388A8FE6308F6018507DC
:105A800093F7F70FE391C7F731C28347010021472E
:105A90006371F702F5172300F10083470100BD8B06
:105AA00013977700BC4E93F7F787D98FBCCE41018F
:105AB000828011476374F700F917F1BF05476374DB
:105AC000F700FD17C9BFF1FB8D47F1B7BC4E93F747
:105AD000F78793E70728D9BFB44F4166F98EB4CF53
:105AE0009447D18E94C7D44793F6F6EFD4C7D443E6
:105AF000758FD8C3D44793E60610D4C7D843518FC7
:105B0000D8C38280397122DC138441A11C4006DE97
:105B100026DA4AD84ED652D456D25AD05ECE62CC6D
:105B200066CA6AC86EC6D843FD76FD161377F7EFCE
:105B3000D8C39857758F98D7D857B70602003D9BA2
:105B4000D8D79847558F98C7D84313670701D8C34C
:105B50001387C1A014433757341213078767E38DA7
:105B6000E648D84381749384F40F799BD8C3985F37
:105B7000B166658F558F98DFD84313671700D8C378
:105B800097F0FE1FE78060CF1C4003A7070913773B
:105B9000F703238CE1A003A7470929831377F707AD
:105BA000A38DE1A0D843B96693860670799BD8C3CC
:105BB000985F658F558F98DFD84313671700D8C358
:105BC00097F0FE1FE78060CB1C4003A707091377FF
:105BD000F703238DE1A003A7470929831377F7076C
:105BE000A38EE1A0D843B56693860630799BD8C3CF
:105BF000985F658F558F98DFD84313671700D8C318
:105C000097F0FE1FE78060C718408327070993F7C6
:105C1000F703A38CF1A083274709A98393F7F7071C
:105C2000238EF1A01C4003CC91A183C681A103A7C0
:105C3000070AB386864113F6F600419B518F23A0D5
:105C4000E70A130760023387E6021306700283A592
:105C5000070A7D7E130EFE0F93F5F5F01305400243
:105C600045737D13130430023347C702B708F1FFB1
:105C7000FD1813082002930E10027D4FF94FF542D4
:105C8000F1436D4DD14B454BBD443949314AAD4A85
:105C9000B5493D8B12074D8F9305500223A0E70AAB
:105CA0003387B60283A5070AB3F5C5013347C70298
:105CB0003D8B22074D8F23A0E70A3387A60283A5D9
:105CC000070A370500F17D15B3F565003347C702B4
:105CD0003D8B32074D8F23A0E70A3387860283A5C9
:105CE000070A6144B3F515013347C7023D8B4207EC
:105CF0004D8F23A0E70A3387060383A5070A3708D9
:105D000010FF7D18B3F505013347C7023D8B5207DD
:105D10004D8F23A0E70A3387D60383A5070AB70E62
:105D20000010FD1EE98D3347C7023D8B62074D8F82
:105D300023A0E70A139756003347C7029315C701FC
:105D400003A7070A3377D7014D8F23A0E70A3387CC
:105D5000E6035D4F3347C7029375F70003A7470A71
:105D6000419B4D8F23A2E70A3387F60383A5470A99
:105D7000D94F93F5F5F03347C7023D8B12074D8F8E
:105D800023A2E70A3387560283A5470AD542B3F513
:105D9000C5013347C7023D8B22074D8F23A2E70A77
:105DA0003387760283A5470ACD43B3F565003347B1
:105DB000C7023D8B32074D8F23A2E70A3387A60324
:105DC00083A5470A494DB3F515013347C7023D8BFB
:105DD00042074D8F23A2E70A69473387E60283A56E
:105DE000470AB3F505013347C7023D8B52074D8F74
:105DF000E54523A2E70A3387B60283A5470AE98D62
:105E00003347C7023D8B62074D8F23A2E70A3387D2
:105E100086020D443347C7029315C70103A7470AFB
:105E20003377D7014D8F23A2E70A3387E603254F47
:105E30003347C7029375F70003A7870A419B4D8F2D
:105E400023A4E70A3387F60383A5870A9D4F93F5BA
:105E5000F5F03347C7023D8B12074D8F23A4E70AA5
:105E60003387560283A5870A9942B3F5C5013347A4
:105E7000C7023D8B22074D8F23A4E70A33877603A1
:105E800083A5870AB3F565003347C7023D8B320708
:105E90004D8F23A4E70A3387760283A5870A9543AB
:105EA000B3F515013347C7023D8B42074D8F23A43D
:105EB000E70A3387A60383A5870A294DB3F50501B1
:105EC0003347C7023D8B52074D8F23A4E70A338720
:105ED000660383A5870AE98D3347C7023D8B6207B6
:105EE0004D8F93954600B3C5C50223A4E70A03A7C7
:105EF000870A3377D701F2054D8FB385960223A425
:105F0000E70A03A7C70A419BB3C5C502BD894D8FE8
:105F100023A6E70A3387260383A5C70A93F5F5F07E
:105F20003347C7023D8B12074D8FB3C5860223A6A8
:105F3000E70A03A7C70A3377C701BD89A2054D8FBA
:105F400023A6E70A3387460383A5C70AB3F565008E
:105F50003347C7023D8B32074D8F23A6E70A3387AD
:105F6000560383A5C70AB3F515013347C7023D8B16
:105F700042074D8F23A6E70A3387A60383A5C70AE6
:105F8000B3F505013347C7023D8B52074D8F23A65A
:105F9000E70A3387E60383A5C70AE98D3347C702BB
:105FA0003D8B62074D8F93953600B3C5C50223A67E
:105FB000E70A03A7C70A3377D701F2054D8FB385E8
:105FC000F60323A6E70A03A7070B419BB3C5C50247
:105FD000BD894D8F23A8E70A3387560283A5070B97
:105FE00093F5F5F03347C7023D8B12074D8F23A879
:105FF000E70A3387760283A5070BB3F5C50133475C
:10600000C7023D8B22074D8F23A8E70A139726006E
:106010003347C70283A5070BB3F565003D8B3207F5
:106020004D8FB3C5360323A8E70A03A7070B3377C1
:106030001701BD89C2054D8F23A8E70A13971600E3
:106040003347C70283A5070BB3F505013D8B520704
:106050004D8FB3C5C60223A8E70A03A7070B698FB4
:10606000BD89E2054D8F23A8E70A03A7070B930517
:1060700080023377D70123A8E70A03C7A1A133071A
:10608000EC40B34DB70283AC470B93FC0CFFB34B12
:10609000770393FDFD00B3ECBC0123AA970B83ACFF
:1060A000470BCD4D93FCFCF093FBFB00920BB3EB45
:1060B0007C0123AA770BB30B870283AC470BB3FC9D
:1060C000CC01B3CBBB0293FBFB00A20BB3EB7C0177
:1060D000B34CA70323AA770B83AB470BB3FB6B002F
:1060E00093FCFC00B20CB3EB9B0123AA770BA14BF2
:1060F000B34B770383AC470BB3FC1C0193FBFB0052
:10610000C20BB3EB7C0123AA770BB30B570283AC12
:10611000470BB3FC0C01B3CBBB0293FBFB00D20BD0
:10612000B3EB7C0123AA770BB30BF70383AC470BCC
:10613000B3FCAC00B3CBBB0293FBFB00E20BB3EBB5
:106140007C01B34C770223AA770B83AB470BB3FBDD
:10615000DB01F20CB3EB9B01B30CE70323AA770B33
:1061600083AB870B93FB0BFFB3CCBC02B30A570383
:1061700093FCFC00B3EB9B0123AC770B914B83ACFE
:10618000870B93FCFCF0B34B7703330A470393FB75
:10619000FB00920BB3EB7C0123AC770B83AB870B3B
:1061A000D54CB3FBCB01B3CABA02B309370393FA98
:1061B000FA00A20AB3EA5B0123AC570B83AA870B50
:1061C000D94BB3FA6A00334ABA0233092703137A68
:1061D000FA00320A33EA4A0123AC470B03AA870BC1
:1061E000E14A337A1A01B3C9B902B304970293F9A9
:1061F000F900C209B3693A0123AC370B83A9870BB5
:10620000654AB3F909013349B902B3C4B402137939
:10621000F900520933E9290123AC270B03A9870BA5
:10622000E9493379A900330B6703BD88E204B364FD
:1062300099001319470023AC970A83A4870BB3F482
:10624000D4013349B902334BBB027209B3E42401D0
:1062500023AC970A83A4C70BC198137BFB0033EBD5
:106260006401C944B304970223AE670B03A9C70BAB
:106270005D4B1379F9F0B3C4B402BD889204B364E2
:10628000990023AE970AB304B70303A9C70BF54DD2
:106290003379C901B3C4B402BD88A204B3649900C0
:1062A00023AE970A8944B344970203A9C70B3379F5
:1062B0006900BD88B204B364990023AE970AB304A1
:1062C000970303A9C70BF94C33791901B3C4B4027E
:1062D000BD88C204B364990023AE970AB304770360
:1062E00003A9C70BFD4B33790901B3C4B402BD88C0
:1062F000D204B364990023AE970AB304670303A9D9
:10630000C70B130B10023379A900B3C4B402BD88C4
:10631000E204B364990023AE970AB304570303A9B8
:10632000C70B930A20023379D901B3C4B402F20433
:10633000B364990023AE970AB304470303A9070C7B
:10634000130A3002137909FFB3C4B402BD88B364E1
:10635000990023A0970CB304370303A9070C9309F2
:1063600040021379F9F0B3C4B402BD889204B36457
:1063700099006D4923A0970CB304270303A9070CC8
:106380003379C901B3C4B402BD88A204B3649900CF
:1063900023A0970CF144B304970203A9070C3379A7
:1063A0006900B3C4B402BD88B204B364990023A0E9
:1063B000970CB304B70303A9070C33791901B3C4CD
:1063C000B402BD88C204B364990023A0970CB3043F
:1063D000970303A9070C33790901B3C4B402BD883C
:1063E000D204B364990023A0970CB304770303A9E4
:1063F000070C3379A900B3C4B402BD88E204B364C6
:10640000990023A0970C93145700B3C4B4021399B6
:10641000C40183A4070C3306C702B3F4D401B3E468
:10642000240123A0970C03A9470C137909FFB30497
:106430006703B3C4B402BD88B364990023A2970C68
:10644000B304570303A9470C1379F9F0B3C4B4029A
:10645000BD889204B364990023A2970CB304470348
:1064600003A9470C3379C901B3C4B402BD88A2049F
:10647000B364990023A2970CB304370303A9470C14
:1064800033796900B3C4B402BD88B204B36499001F
:106490001309500223A2970CB304270303A9470C46
:1064A00033791901B3C4B402BD88C204B36499003E
:1064B00023A2970C93046002B304970203A9470C2C
:1064C00033790901B3C4B4023346B602BD88D2049D
:1064D000B364990023A2970C83A4470CE98C3D8AEE
:1064E0006206458E23A2C70C03A6470C9314C7016E
:1064F0003376D601458E23A2C70C130690023306CD
:10650000C70283A4870CC1983346B6023D8A458EE4
:1065100023A4C70C1306A0023306C702B345B60274
:1065200003A6870C1376F6F0BD899205D18D23A4BE
:10653000B70C83C5C1A103C6D1A13386C540B3043E
:10654000A60303A9870C3379C901B3C4E40293E419
:106550008400BD88A204B364990023A4970CB304FB
:10656000E60303A9870C33796900B3C4E40293E41A
:106570008400BD88B204B364990023A4970C9314DB
:106580003600B3C4E40203A9870C3379190193E4FC
:106590008400BD88C204B364990023A4970CB3049B
:1065A000F60303A9870C33790901B3C4E40293E429
:1065B0008400BD88D204B364990023A4970CB3046B
:1065C000560203A9870C3379A900B3C4E40293E40B
:1065D0008400BD88E204B364990023A4970CB3043B
:1065E000760203A9870C3379D901B3C4E40293E49A
:1065F0008400F204B364990023A4970C931426003A
:10660000B3C4E40203A9C70C137909FF93E484001F
:10661000BD88B364990023A6970CB304860203A92E
:10662000C70C1379F9F0B3C4E40293E48400BD8885
:106630009204B364990023A6970C93141600B3C474
:10664000E40203A9C70C3379C9013347E60293E496
:106650008400BD88A204B364990023A6970C03A606
:10666000C70C33766600136787003D8B3207518F66
:1066700023A6E70C03A7C70C3377170123A6E70C63
:1066800003C7B1A10D8F3346D70293F5F507E20595
:106690003D8A9314460103A6C70C33048702337660
:1066A0000601458E23A6C70C1316170083A4C70C3A
:1066B000E98C3346D6023D8A6206458E23A6C70C76
:1066C00003A6C70C3344D402B37ED60113162700A9
:1066D000B3037702720433E48E0023A6870C33469B
:1066E000D602B3025702937EF60003A6070D419A25
:1066F0003366D60123A8C70C03A6070DB3C3D30284
:106700001376F6F0B3C2D20293F3F3009203B363AD
:10671000760023A8770C03A6070D337EC601B30FBE
:10672000F70393F2F200A202B3625E0023A8570CB3
:1067300003A6070D3373660013163700B3CFDF02CD
:10674000330FE70393FFFF00B20FB36FF30123A8EA
:10675000F70D03A3070DB37813013346D602330DAB
:10676000A7033D8A420633E6C80023A8C70C03A648
:10677000070D33780601334FDF02B346DD02137F86
:10678000FF00520F336FE80123A8E70D03A7070DA1
:10679000798DBD8AE206C98E23A8D70CD8438566B9
:1067A0003D9BD8C3D843799BD8C39857558F98D76A
:1067B000D857B7060081FD1613670701D8D713779E
:1067C000FC0303AC8703137C0CFC336CEC0023ACA0
:1067D0008703985F758FD98D8CDF6254F250D25445
:1067E0004259B259225A925A025BF24B624CD24C35
:1067F000424DB24D2161828023A601A06FF08FC26D
:10680000938741A198435C4393E707105CC3828060
:10681000411106C6712B93056040EF10A030B240C5
:10682000014541018280E1A319C591C509C683577D
:10683000060001459DE301110565C9471306F100F6
:10684000130555C3854506CEA307F100EF10402D73
:10685000F2400345F1000561828082800111130539
:10686000910006CE4D2B2304A100056530002505BF
:106870009D45EF10E02AF2400345810005618280CA
:1068800001119305F10006CE22CC2A847D23230634
:10689000A1000565A3068100700021801305554005
:1068A000914523078100EF10A027F2406244034581
:1068B000C1000561828001111305D10006CE792B3C
:1068C0002306A1000965700009059145EF104025D8
:1068D000F2400345C10005618280011106CE792B8B
:1068E000A307A10009651306F10015058545EF1002
:1068F0002023F2400345F10005618280011106CE9C
:106900002D25A307A10009651306F100190585458A
:10691000EF100021F2400345F10005618280011172
:1069200006CEE12DA307A10009651306F10021059C
:106930008545EF10E01EF2400345F10005618280BD
:10694000011106CEFD2DA307A10009651306F10074
:1069500025058545EF10C01CF2400345F100056197
:106960008280011106CE1527A307A1000965130631
:10697000F10029058545EF10A01AF2400345F1000A
:1069800005618280011106CEEF00F000A307A1008F
:1069900009651306F10031058545EF106018F240D6
:1069A0000345F10005618280011106CEEF00F0077A
:1069B000A307A10009651306F10039058545EF100D
:1069C0002016F240014505618280011106CEEF00DC
:1069D000503DA307A10009651306F1004105854557
:1069E000EF100014F2400345F100056182800111AF
:1069F00006CEEF00901EA307A10009651306F10063
:106A000045058545EF10C011F2400345F1000561D1
:106A10008280411106C622C4EF00D0248965CD05CD
:106A20002A84EF1020102285B24022444101828046
:106A300001111305510006CEEF00D03B2302A10047
:106A4000096550006105A545EF10800DF240014534
:106A500005618280411106C6EF00303D8965E5057C
:106A6000EF10400CB240014541018280011106CE79
:106A700022CC2A84EF0010562306A1000965A30644
:106A800081007000218069058D4523078100EF108A
:106A90002009F2406244014505618280011106CE61
:106AA00022CC2A84EF00B05E2306A1000965A3066C
:106AB0008100700021806D058D4523078100EF1056
:106AC0002006F2406244014505618280011106CE34
:106AD00022CC2A84B52F2306A1000965A3068100D4
:106AE00070002180130505028D4523078100EF10FA
:106AF0002003F2406244014505618280011106CE07
:106B000022CC2A84EF00D0092306A1000965A30640
:106B1000810070002180130515028D452307810037
:106B2000EF100000F24062440145056182800111CE
:106B300006CEEF00705AA307A10009651306F10005
:106B4000130575028545EF00B07DF2400345F10065
:106B500005618280011106CEEF00D062A307A1007B
:106B600009651306F100130595028545EF00507B7A
:106B7000F2400345F10005618280011106CEEF006D
:106B80007061A307A10009651306F1001305D50282
:106B90008545EF00F078F2400345F1000561828001
:106BA000011106CEEF005064A307A100096513068A
:106BB000F1001305E5028545EF009076F2400345AC
:106BC000F100056182806F00F0669707FF1F83D791
:106BD000870599E79307F01F1707FF1F2315F70491
:106BE0009707FF1F83D72704A146014513F7071016
:106BF0008607C2073357D740C183598D13D65740F4
:106C000013D79740318F058BFD161375F50FD98F6C
:106C1000F1FE1707FF1F2318F70082809707FF1F59
:106C200083D7870081EBE17793C7F7FF1707FF1F33
:106C3000231CF7FE9707FF1F83D707FFB9460145BF
:106C40001168194633F707018607C2073357D74043
:106C5000C183598D13D7E74093D5F700058B2D8F4E
:106C6000FD161375F50FD98FE39EC6FC1707FF1F9E
:106C7000231CF7FA8280011126CA4AC84EC656C2A2
:106C80009707FF1F938707EE06CE22CC52C4AE842F
:106C90003289B68A83A9470131CDAD472A8463E39F
:106CA000A7021304F5FF1374F40F6300090A854764
:106CB000631FF90826869305000F13852900EFC08E
:106CC000FEE881A8B147630AF5029307600263E515
:106CD000A7001304E5FFC1BF930770024945E3060F
:106CE000F4FCF2406244D2444249B249224A924AF8
:106CF00005618280130450024DBF1304600275B712
:106D0000EFF0BFECB38749012381A700050AE349EF
:106D10009AFE1379F900E20A23802901A3809900E1
:106D200093DA8A412686854563C30A008145228518
:106D3000EFE0EFB99707FF1F83D7C7EE8507170767
:106D4000FF1F2311F7EE014569BF014AC9B7894703
:106D50006316F90026869305A00A85B78D47631E42
:106D6000F900014A01A8EFF07FEBB38749012381C5
:106D7000A700050AE3499AFE69BF91476316F90027
:106D800026869305F00F15BF95476315F9002686F3
:106D9000814525B799476315F9002686BD4531BF62
:106DA0009D474945E31FF9F226869305500531B703
:106DB000011106CE2EC6EF901FC405C9034765001A
:106DC000AA874945418B01CFB24503C77700238489
:106DD000B70409EB13070003A386E7000145F2405F
:106DE0000561828013071003C5BF4945CDBF01115E
:106DF00006CE22CC2EC6EF901FC001CDB2452A840C
:106E0000EF904FA62301A4040145F24062440561BE
:106E100082804945DDBF1707FF1F130727E0814721
:106E20009946834587083306F50085072300B60099
:106E30000507E398D7FE01458280011106CE2EC6D4
:106E4000EF907FBB11C983074501B24501452380FF
:106E5000F500F240056182800945E5BF9707FF1FF5
:106E6000938787B803C7F700A30005002300E50058
:106E700083C707012301F5000145828019E14945D7
:106E800082809707FF1F938767D9985B411122C4BF
:106E900006C62A8409C703477700314539EF985F52
:106EA00009C703477700314529EBBC4389C783C72E
:106EB00077003145B9E385471946A2851705FF1FBD
:106EC0001305A5DE1707FF1F230BF7D497D0FE1F6E
:106ED000E780C005834754001307000C93F7070CA5
:106EE0006391E7021946A2851705FF1F130545DCCC
:106EF00097D0FE1FE78080030145B2402244410144
:106F0000828081EB1946A2851705FF1F1305A5DABC
:106F1000C5B7130700044945E391E7FE1946A2856A
:106F20001705FF1F130585D9E1B7170EFF1F130EB5
:106F3000EECE03234E036300030C797122D40324A5
:106F40000E0326D24AD04ECE52CC56CA5AC85EC67E
:106F500062C406D6C689428A3E89BA8A368BB28412
:106F6000AE8B2A8C09E402932A840D4521C4231B8D
:106F70008401231C74018547639AF404A3089400D8
:106F8000A3026407194681454A85EFC05EC62DE11C
:106F900085472306F406A30654071946CA85130538
:106FA000E40697D0FE1FE78060F823094401A3069A
:106FB00034010145B250225492540259F249624AB6
:106FC000D24A424BB24B224C45618280894763963C
:106FD000F4009947A308F40065B70D47E38CE4FE7D
:106FE00091476394F400C547F5B7A308040049BF6F
:106FF000230604065DBF494582801707FF1F13075C
:10700000E7C15C5B011126CA06CE22CCC94485C704
:107010002A84085B11E52EC682978D44B24501CDC6
:107020001376F401A309C500814411C4790597D0F2
:10703000FE1FE780A0EFF24062442685D24405613E
:1070400082801707FF1F130767BD5C5B85CF0111A7
:1070500022CC2A84085B06CE11E52EC682978D4786
:10706000B24501CD1376F401230AC5001305E503EB
:1070700097D0FE1FE78080EB8147F24062443E8557
:1070800005618280C9473E8582809707FF1F9387ED
:10709000E7B8D85B19E349458280411106C622C48E
:1070A00011E99C5BDDC783C77700C5C7EF40201F90
:1070B00001454DA08546631ED508805B0DEC029707
:1070C0002A8461C9856793870780231BF500231CE9
:1070D000F5009D47A30805002309F500A302050656
:1070E00019469705FF1F9385E5BB1305650697D0E5
:1070F000FE1FE780A0E3034774008547630BF70496
:1071000083471401B98B8DCF8347140113F7F70020
:107110002304E40005476393E70499470566231DAC
:10712000F4001306068091451705FF1F0345B58F30
:10713000EFC0FEC00323C4072244B24041010283D2
:10714000EF80AFE29707FF1F83C7C78B8D8BE31DCF
:10715000F5FA4945B2402244410182800357840137
:10716000835764019166BA97858713970701418316
:10717000231DE40063D5F600231DD40065BF9306EC
:107180000002BA876374D70093070002231DF4003E
:1071900055B70D45C1B79707FF1F938727A8D85F3D
:1071A00059C3411122C406C62E8401ED9C5F91E7AC
:1071B0004945B240224441018280EFB0FFEA0145D7
:1071C000CDBF8546E316D5FE9C5F91EF0297AA8757
:1071D0000D45E5D34147A38507002399E700239A8E
:1071E000E700A382070203C7770079F383D627015C
:1071F00011676374D7002399E70003D7270183D66B
:1072000047016374D700239AE70003D74701930629
:107210005005238787003307D7022187239BE70088
:10722000BC43829769BF314582809707FF1F9387D0
:10723000E79EBC43314581CF83C7770089CB41119D
:1072400006C6EF40E056B24001454101828082808F
:10725000011126CA4AC84EC652C456C25AC02E8907
:10726000368BBA89BE8A06CE22CCB284428AEF908F
:107270008FF81307A9FF4207856741839386A7C745
:1072800063EEE610938707C82A84494563E8970AA6
:1072900063E6240B1307301F6362670B63E0370B51
:1072A00093071B00B387970213973900860763D7AC
:1072B000E70849C48347E40013F747003DC7ED9B47
:1072C0002307F4008347740023142407231594062E
:1072D000D5EF0357C405C167FD17630BF7066319A4
:1072E00099068357E4022315E4042316F404970750
:1072F000FF1F83D767988D46114763E5F600850722
:1073000013F7F70FA304E4042285EF800FC8835717
:107310004403A9072319F4048327440993E747008A
:10732000232AF408C547230DF40023165407231716
:10733000440723176405231834050145F2406244CD
:10734000D2444249B249224A924A024B05618280A4
:107350008357840591CFB3D4F4024A87B387970249
:10736000C207C1836373F9003E872316E40441B763
:10737000B305990085814A85EFC03EF72316A40422
:107380009305C4042685EF30405F95B783274409F1
:107390000967D98F232AF408C14771B7494579BFD6
:1073A00001112EC606CEEF900FE5B24509E549451D
:1073B000F240056182808347E5002301B50413F79D
:1073C000470075D7ED9B2307F50083274509116713
:1073D000D98F232AF5080145E1BF1707FF1F1307BF
:1073E000E7831C5B81CB83C6770089C683C6D70041
:1073F000C9479DEE1C5F89CB83C6770091C683C6C3
:10740000C700C947858A8DE63C4381CB03C7770017
:1074100009C703C7D700C94701EF1707FF1F035765
:10742000678697F7FE1F83C7075D636AF7009D476E
:107430003E8582809D47F2403E8505618280011134
:10744000A304A10019461305A10006CE97D0FE1F84
:10745000E780C0AD2800EFD08FC98547E31CF5FC5D
:107460008147D1BF011126CA4AC806CE22CCAE84BC
:10747000328936C63AC43EC242C0EF90CFD7630EBF
:1074800005109385A4FFC2050566C1819308A6C7B0
:107490002A84494563E2B808130606C8636E2607C6
:1074A000636C9906B2469305301F63E7D506224701
:1074B0006364E606138616003306960293153700BA
:1074C000635CB6040346E400058A39E68325440973
:1074D00013F6650031E2924702482318E40403479B
:1074E00074002316F4062314940623152407231787
:1074F00004072317D4048347A401014551E389EF0E
:107500008347840D898B99CF93E52500232AB408FE
:10751000C947230DF4000145F2406244D244424978
:1075200005618280638B2405B305990085812685DA
:10753000EFC0BEDB2316A4049305C4044A85EF30D4
:10754000C04397F7FE1F83D727738D46114763E526
:10755000F600850713F7F70FA304E4042285EF80F4
:10756000CFA283574403A9072319F40483274409AE
:1075700093E74700232AF40861BF23169404D1B788
:10758000C1FF8347040E898B99CB93E52500CD4736
:10759000232AB408230DF40041B74945B5BF694516
:1075A000A5BF97F7FE1F93876767985B01CB83465C
:1075B000770089C60347D700494505EF985F09CB97
:1075C0008346770091C60347C7004945058B15E3FD
:1075D000BC4381CB03C7770009C783C7D7004945A0
:1075E00089EB411106C6EFD0CFBBB2400145410146
:1075F00082808280411122C426C24AC006C62A89DE
:107600000144A1449305F00F0545EFC0DECBB3075D
:1076100089002380A7000504E31694FEB2402244AB
:1076200092440249014541018280011126CA4AC89B
:1076300006CE22CC2EC63289B684EF90CFBB63092A
:107640000518834775002A84B2450945DDEB2146BC
:107650001305741197D0FE1FE780408DA30F2411EE
:10766000135989002300241383C7E40003C7D400FF
:10767000A2074207BA9703C7F400BA9703C7C4002A
:107680006207BA972324F40A83C7A40003C79400AF
:10769000A2074207BA9703C7B400BA9703C784008A
:1076A0006207BA972326F40A83C7640003C754000D
:1076B000A2074207BA9703C77400BA9703C74400EA
:1076C0006207BA972328F40A83C7240003C714006B
:1076D000A2074207BA9703C73400BA9703C704004A
:1076E0006207BA97232AF40A834704048DC38547A7
:1076F000A300F4048327440993E70702232AF4082C
:107700000145F2406244D244424905618280EFC0A3
:107710002EA793578500A300A4122301F4129357B8
:1077200005016181A301F4122302A412EFC04EA54A
:1077300003473412034624129357050122074206D9
:10774000329703464412935585019356850032972C
:1077500003461412A302A412A303F4126206329782
:107760002322E40A41679304F7FFA207620523037B
:10777000D4122E953709FF00E58FC206B3F6260115
:10778000AA97B6972320F40A2304B412EFC04E9FA1
:10779000135785009356850193570501A304A4123E
:1077A0002305E4122306D4121375F50FE20622070F
:1077B000A305F4123695658FC207B3F727013A95F2
:1077C0003E9583274409232CA40A93E707043DB779
:1077D000094505BF011106CE2EC6EF90CFA155C5B4
:1077E000834775002A870545B245639DA7088346F0
:1077F000D7009307600401456396F60883C7E50048
:1078000083C6D500A207C206B69783C6F500B69711
:1078100083C6C500E206B6972324F70A83C7A500EE
:1078200083C69500A207C206B69783C6B500B69771
:1078300083C68500E206B6972326F70A83C765004C
:1078400083C65500A207C206B69783C67500B697D1
:1078500083C64500E206B6972328F70A83C72500AA
:1078600083C61500A207C206B69783C63500B69731
:1078700083C60500E206B697232AF70A9307000598
:10788000A306F700F240056182800545E5BF41117E
:1078900006C6EF904F961DCD834675000547AA8713
:1078A00009456396E60283C6D70013076004639018
:1078B000E60219472381E70413077004A386E70053
:1078C00003C73702014513671700A381E702B240DF
:1078D000410182800945E5BF97F7FE1F9387073472
:1078E000985B1D7186CEA2CCA6CACAC8CEC609C7EF
:1078F0000347770031443DEF985F09C7034777009E
:1079000031442DEBB84309C70347770031443DE3C9
:1079100097F9FE1F83C9893717F7FE1F0347A70D85
:107920001D4463F9E90483C78707314493F70704CB
:10793000B1C33289A303A10019462800B68497C0B9
:10794000FE1FE780A05E4146CA851305E10297C08D
:10795000FE1FE780A05D4146A6851305E10197C0A3
:10796000FE1FE780A05C4800EF30D07F7D156313D9
:10797000350101442285F6406644D6444649B6495D
:1079800025618280411106C6EF402012B2400145B8
:107990004101828017F7FE1F130747281C5B89C728
:1079A00083C67700C9478DEE1C5F89C783C6770001
:1079B000C9479DE63C4389C703C77700C9470DE324
:1079C00097F7FE1FA38CA72497F7FE1F83C7172DD9
:1079D00011C993E7670017F7FE1FA301F72C814732
:1079E0003E858280E59BC5BF130700643305E50231
:1079F000411197F7FE1F9387672222C4E05B26C2DE
:107A00004AC006C6BE841309F00F17F7FE1F232BCA
:107A1000A72201E8B24022449244024901454101B3
:107A2000828003450400630525018C54EFC02ED3EA
:107A3000405CC5B7011126CA4AC84EC606CE22CC44
:107A40002E89B289B684EF801FFB59C5639D09005A
:107A50008547238FF1A00145F2406244D244424958
:107A6000B2490561828003C7E1A185472A84631575
:107A7000F700238F01A009494165130545F5EF8003
:107A80005FF90DCD8347E5002317F5008327040F29
:107A900095E32328A40E232AA40E930710F8F914C3
:107AA0002320050023163501A304F5002304250136
:107AB00044C155B78327440F88C3F1BF97F7FE1F12
:107AC000938787F29C5B1D45C1DB956505459385D2
:107AD000555582971D4549B70945BDBF0343010070
:107AE0001AC06F609FF66F706F826F70EF876F7054
:107AF000CF8D6F708F936F700F996F70EF9C0353E2
:107B00000100035E4100834E81001AC072C276C438
:107B10006F704FA16F708FB26F708FB66F700FBBA9
:107B20006F702FC06F70CFC56F70CFD16F708FC95E
:107B30006F70EFCC82806F70EFD41307050483570A
:107B40000500110593C7F7FF231EF5FE8347E5FFE8
:107B500093C7F7FF230FF5FEE313E5FE82809947F5
:107B60003305F50201110A86C14506CE130505024B
:107B70001375E50FEFC03EA411E50345C100F240C7
:107B8000056182800145E5BF411122C426C24AC079
:107B900006C681440144138941A283C791A2636947
:107BA000F400B24022442685024992444101828079
:107BB000832709001315440019469305F00F3E95DD
:107BC000EFC0EE8201E5850493F4F40F050413740D
:107BD000F40FE1B7938741A5884305C1411106C65B
:107BE000EFB07EBD23AA01A4938791A283C70700AB
:107BF000B240A380F1A241018280938791A283C702
:107C00000700A380F1A282801971A6DA86DEA2DCC9
:107C1000CAD883C711A2AA84639EA700854503C55D
:107C2000A1A2EFC0EE8E894503C5A1A2EFC04E8E82
:107C3000EFF05FFA1949338924035000C1451379E5
:107C4000F90F130409021374F40F2285EFC0BE96D6
:107C500009C901442285F6506654D6544659096133
:107C6000828019469305F00F4800EFB05EF875F179
:107C7000480041469305F00FEFB05EED48087146AD
:107C80009305F00FEFB09EEC08181306000493055F
:107C9000F00FEFB0BEEB5000C1452285EFC07EC0B3
:107CA0002A84130519025008F1451375F50FEFC02A
:107CB0005EBF498C130529025008F1451375E50F85
:107CC000EFC03EBE1374F40F498C130539025008FF
:107CD000C1451375F50FEFC0DEBC1374F40F498C6A
:107CE000130549025008C1451375E50FEFC07EBB6F
:107CF0001374F40F498C13055902500891451375FC
:107D0000F50FEFC01EBA1374F40F498C13850407E6
:107D10001018930500041375F50FEFC09EB8137487
:107D2000F40F498C03C541881374F40FEFC0DEB122
:107D300015B7411122C406C60145014483C791A26B
:107D40006373F40009C5B240224441018280228558
:107D50000504EFF07FEB1374F40FCDB7411122C48B
:107D600026C206C64AC00144EF70CFDA938441A20E
:107D700083C791A26368F400B2402244924402494E
:107D80004101828088401319440019469305F00F81
:107D90004A95EFB0DEE509E58C40CA95EF70CFD784
:107DA00005041374F40FE9B7397122DC4AD852D4B0
:107DB00006DE26DA4ED60144EF700FD9138941A2B0
:107DC000194A83C791A2636AF400F2506254D254F4
:107DD0004259B259225A2161828003250900931920
:107DE000440019469305F00F4E95EFB05EE039E17F
:107DF00033054403832709000A86C145CE9783C40F
:107E0000570093F4040C938404F81305350213759A
:107E1000F50FEFC04EFA1008C1450945EFC0AEF9A5
:107E200083250900B334900014080A86CE95268570
:107E3000EF704FD105041374F40F61B7011106CE32
:107E4000EFF09FD40547A9476373A700894713063E
:107E5000F10085451545A307F100EFF09EA3F24020
:107E600005618280011122CC26CA4EC606CE4AC8C0
:107E70000144938441A2994983C791A26362F404A7
:107E8000EFF09FD0938701A403C791A283C7070097
:107E9000631DA70693E717002380F1A483C701A2FF
:107EA00099C3EFF0BFEB83C7F1A199C3EFF0DFEF08
:107EB0006244F240D2444249B24905616FF01FF872
:107EC00033053403904013194400C1454A96130505
:107ED00005021375E50FEFC00EEE05C58840194683
:107EE0009305F00F4A95EFB07EC68840194693057A
:107EF000F00F4A951905EFB07EC59C403E992316B8
:107F0000090005041374F40F85BF93F7E70F69B7F1
:107F10000355250083C5A1A26F004FB6397122DC3D
:107F200019443384850226DA4AD806DEA147AA849A
:107F300032891374F40F6398F60413042402714613
:107F4000814548081374F40F3AC6EFB03EC050089C
:107F5000F1452285EFC02EE60DE18347E102A546FB
:107F60003247E51793F7F70F63E9F600BA86500832
:107F7000937519002685EFD0AEF5F2506254D254B5
:107F80004259216182801304140255BF797122D4B1
:107F900026D24AD0AE842A89328481451306000253
:107FA0000A8506D6EFB09EBA9387918883C70700EB
:107FB00023102101230EF100835781015DC4138733
:107FC00021A403470700F99B41462302E1001387E0
:107FD00041A40347070097F5FE1F938525BF1305AE
:107FE0006100A302E10003C731A493761700D58F87
:107FF000F59B93762700D58FED9B93764700D58F21
:108000009316470093F6061093F7F7EFD58F931664
:10801000470093F6062093F7F7DFD58F1207137703
:10802000074093F7F7BFD98F231CF10097C0FE1FBD
:10803000E780C0EF83C711A413F7170001CB99C4E1
:108040000357810113672700231CE10003476101E7
:10805000A2850A85D98F230BF100EFD04EDAB250FA
:1080600022549254025945618280138761A30347C9
:108070000700F99B03C681A32302E10003C771A394
:1080800093761700D58FF59B93762700D58FED9BC0
:1080900093764700D58F9316470093F6061093F713
:1080A000F7EFD58F9316470093F6062093F7F7DF87
:1080B000D58F12071377074093F7F7BFD98FA30225
:1080C000C100231CF10001CE414697F5FE1F9385A8
:1080D000E5AE1305610097C0FE1FE78020E583C76A
:1080E00051A399BF411122C426C24AC006C6AA8420
:1080F0000144138941A283C791A2636AF4003E84BC
:108100002285B24022449244024941018280832761
:108110000900131544001946A6853E95EFB03EA907
:1081200065F105041374F40FF9B71D71A2CC138423
:1081300041A51C40CAC8CEC686CEA6CAD2C42A89CA
:10814000AE89B1E719E1054575A8F5DDEFF09FF9B6
:10815000A380A1A283C791A2636BF5028144138A15
:1081600041A239A883270A001395440019469305B4
:10817000F00F3E95EFB0BEA709E9850493F4F40F24
:1081800083C791A2E3E0F4FEBE84A38091A203C55D
:1081900011A283C791A2138A11A2E376F5FA1C40BB
:1081A000B5EB99473305F5024A86C145130505022B
:1081B0001375E50FEFC0EEEE130600049305F00F04
:1081C0000A85EFB0BE9803450A000A8693050004AD
:1081D000130505071375F50FEFC0AEEC138741A229
:1081E000084383C711A292073E954146CA8597C0AE
:1081F000FE1FE780A0D323AA31A503C54188EFC0A5
:10820000AEE40145F6406644D6444649B649264A9E
:1082100025618280904719CE99473305F502F145D3
:10822000130515021375F50FEFC0AEE71C4023A42C
:108230000700E1B7904B19CE99473305F502F14598
:10824000130525021375E50FEFC0AEE51C4023A80A
:10825000070065B7D04B19CE99473305F502C145E4
:10826000130535021375F50FEFC0AEE31C4023AACA
:10827000070061B7D0470DCE994433059502C1453B
:10828000130545021375E50FEFC0AEE103450A0083
:108290001C40914533059502D04741061305550210
:1082A0001375F50FEFC0EEDF1C4023A60700B1B732
:1082B00083C701A299C3EFF07FAA83C7F1A199C335
:1082C000EFF09FAEEFF09FB7BDBD011122CC06CEFF
:1082D0002A842EC632C4EF305FC005C90347C500EB
:1082E000A1472246B245631FF7009387C1A59C436F
:1082F00089CF03A34700630A030022856244F2404A
:1083000005610283938701A6DDB7F24062440561EF
:108310008280011126CAAA842E8522CC06CE2E8404
:1083200032C636C4EF307FBB2DC10347C500A1471D
:10833000A2463246631FF7029387C1A59C43A285DC
:1083400099CB03A30700630803006244F24026852B
:10835000D244056102839387C1A38843EFD04EC303
:108360000DC522856244F240D244854505616FD037
:10837000EEFD938701A69C43A28589C703A307004E
:10838000E31503FC938781A4C9BFF2406244D24441
:1083900005618280011122CC06CE26CA83C791A234
:1083A00009446378F50295C599473305F502AE8413
:1083B0000A86C145130505021375E50FEFC0AE9F90
:1083C0002A8401E919468A85268597C0FE1FE78021
:1083D000E0B52285F2406244D244056182800111F9
:1083E00022CC19443304850226CA0A86AE84C145CC
:1083F00006CE130404021374F40F2285EFC0AE9B63
:1084000001C98144F24062442685D24405618280DC
:1084100019469305F00F0A85EFB06EFD7DF1035705
:10842000C1009377D70F89C49377F70F93E727009D
:10843000C207C1838544E307F7FC0A86C14522854C
:108440002316F100EFC0EEC503C54188EFC0CEBFD3
:1084500055BF1D71A2CC2A8419453305A402A6CAB2
:10846000CAC8B2842E890A86C14586CE1305050284
:108470001375E50FEFC02E9401C90145F64066441F
:10848000D64446492561828019469305F00F0A8536
:10849000EFB0EEF57DF1130404071374F40F100828
:1084A000930500042285EFC00E9119C10545F9B767
:1084B0000808EFF08FE863100904130600048145F3
:1084C0000808EFB0CEF27DF11306000481450808DC
:1084D000EFB0CEE7854708082386F1A4EFF0EFE57B
:1084E0001008930500042285EFC0AEBB03C5418888
:1084F000EFC08EB565BF1C089008BE8683D5060008
:108500003687638125039106E39AC6FE0145BDD4F3
:1085100083D607003E8789C69107E31BF6FEB1BFED
:108520002390270183472700E38297F823019700D0
:10853000D5F02310070079BF17E5FE1F0345A54BB3
:108540000111FD579305200412052385F1A206CEE3
:1085500022CC26CA4AC84EC6A38401A223A201A2E5
:1085600097C0FE1FE780203423A2A1A215C597E97A
:10857000FE1F9389694783C7E9000144938441A2A0
:10858000A384F1A283C791A2636BF40C83A7890033
:1085900063820710238001A4938791A283C70700F9
:1085A00005444146814517E5FE1F13052562A3805A
:1085B000F1A22385818823AA01A4238101A4238217
:1085C00001A4EFB0AED8930470074146814517E58A
:1085D000FE1F1305A55EA38191A4A3838188A380B8
:1085E00001A423A401A4A38A01A2238B01A2238CAA
:1085F00001A2EFB0AED5A38B91A223AE01A2238A34
:1086000001A29547A382F188C147A384F1882386FC
:1086100001A489472383F18823828188A3858188E7
:108620002384818823AC01A423A001A623AE01A446
:10863000238001A2238401A2970700009387A7CD7E
:10864000F240624423AEF18697070000938727C863
:1086500023A0F188D2444249B24905618280884012
:108660001319440019469305F00F4A95EFB00ECE4A
:10867000884019469305F00F4A951905EFB00ECDC5
:108680009C4005041374F40FCA97239607002387B0
:108690000700CDBD930700F82380F1A4F5BD41117B
:1086A00022C426C206C64AC00144938441A283C79D
:1086B00091A26360F402EFB03EE5938791A283C775
:1086C0000700B2402244A380F1A292440249410132
:1086D000828088401319440019469305F00F4A958B
:1086E000EFB0CEC6884019469305F00F4A9519059C
:1086F000EFB0CEC59C4005041374F40FCA972396BF
:1087000007002387070065B7930705C04111C2071B
:1087100022C406C6C1837D472E84636AF70C17778F
:108720000000130727CA8A07BA979C43BA97828723
:108730009387A18883C707002300F4002DA083C777
:1087400011A489870DA8938721A4EDB7938741A42D
:10875000D5B7414697E5FE1F93854547228597B0DB
:10876000FE1FE780A07C8147B24022443E85410144
:10877000828083C711A4858BC1B7938731A45DBF65
:10878000938781A49C431CC0F9BF938771885DB710
:1087900083C751A37DB7938761A369BF938781A3E3
:1087A00051BF414697E5FE1F9385454145BF83C7AD
:1087B00051A3D1B7938771A3B5BF9387C1A3D9B78D
:1087C000938741A385BF93875188ADB793879188DD
:1087D00095B7938701A2B9BF9387F1A1A1BFEFF02D
:1087E000AFBA2300A40041B783C78188B1B76547FA
:1087F0008947E36BA7F6EFC0DEF72310A400A5B707
:10880000011106CE22CC26CA4AC84EC6EFD0AEB65B
:1088100035ED03C781A285472A84630CF702938450
:1088200041A2854983C791A26371F404984013194A
:1088300044004A978347E700639937012285EFF0A8
:10884000AFBC9C40CA972387070005041374F40F3C
:10885000D1BFEFF00FCE238401A2938741A29C43A6
:1088600003C791A2B907631CE400EFC06EB0624475
:10887000F240D2444249B24905616FF0AFDE0504CF
:10888000238007001374F40FC107F1BFF240624464
:10889000D2444249B24905618280797126D24AD0D8
:1088A00006D622D44ECE89472E89B2846306F506B9
:1088B000636FF5008D47630DF50A03C491A222850D
:1088C000B250225492540259F249456182802E8559
:1088D000EFF05F8183C791A22A84E372F5FEE5D0B1
:1088E0001946CA85268597B0FE1FE7802064C1BF60
:1088F00083A709001315440019463E95CA8519053A
:10890000EFB0EEAA21ED05041374F40F83C791A212
:10891000E360F4FE3E8465B70144938941A2FDB74C
:1089200005041374F40F83C791A2E375F4FE3305B5
:1089300034030A86C145130535021375F50FEFB0F0
:108940009EC779FD41469305F00F0A85EFB02EAA28
:1089500061F9CA850A85EFC01EE979F183C791A242
:10896000E37FF4F4A9DCA6852285EFF0BFA281BFE6
:10897000014499494DBF797126D206D622D4AA84E2
:1089800002CC231E0100EF304FD505CD03C77188FF
:1089900089476308F702930565002A84034555005B
:1089A0003008EFF09FEF83C791A26371F5022AC6EA
:1089B000EFF0EF9AB2452A860547A1462685EFF0EB
:1089C000EFD5B250225492544561828083C771889A
:1089D00091E795452685EFD06E97E5B70547E39279
:1089E000E7FE8345540001462685EFF02FDAD1BF1C
:1089F0004111C1674AC006C622C426C2FD172E898E
:108A00006309F506EF306FCD2A84D14421CD93055B
:108A10006500034555000146D544EFF01FE883C7C4
:108A200091A26376F500CA85EFF07F9B8144630BCA
:108A300009022285EFF0CFCD35A0CA852285EFF05F
:108A40001F9A11C1814405041374F40F83C791A2C6
:108A5000E365F4FE6308090017F5FFFF1305854B76
:108A6000EF30CFEDB24022442685024992444101C5
:108A700082800144D544D9BF0111C1674AC84EC69E
:108A800006CE22CC26CAFD172E89B289630EF504C4
:108A9000EF30AFC4D14429C19305650003455500AB
:108AA0000146D544EFF07FDF83C791A26376F502DC
:108AB0004E86CA85EFF0FF99814439A84E86CA8553
:108AC0002285EFF01F9911C1814405041374F40F3E
:108AD00083C791A2E364F4FEF240624426854249D2
:108AE000D244B249056182800144D544D5B74111D1
:108AF00022C41384A1A2834504009387C18723ACB9
:108B0000F1A423A0A1A6614506C6EFD0EE8F0345D0
:108B100004002244B24041016F108FAE411106C6DD
:108B200022C426C29DE5AA85AA8437450F001305F5
:108B300005243375A602EFC0BEC52A8409C5854544
:108B40002685EFD0AE802285B24022449244410176
:108B50008280EFC0BEFF0144FDB71387A188834721
:108B6000070083C511A493E707F82300F7006FC03F
:108B7000DEF21971A6DAB2845000A2DCD2D486DE0D
:108B8000CAD8CED62A84368A02C223140100EFF056
:108B9000DFD083C791A26373F50E2A89EFE03FFC13
:108BA0009147AA896315FA0C03C7A188791713376F
:108BB000170091461944330489024E86CA852685DA
:108BC000EFF0CFB5514681456800EFA03EF8700048
:108BD0001374F40F13054402C1451375E50FEFB08C
:108BE0009E9D15E541469305F00F6800EFB02E807D
:108BF00019ED13055402700891451375F50FEFB088
:108C00009E9B700093F519002685EFC0DEED1305DD
:108C100009071010930500041375F50FEFB0BE9906
:108C200015E10810EFE07FF10010130901068355EC
:108C3000040091C5034624002685EFF05ED311049D
:108C4000E31789FE93F929006387090083C5A1A270
:108C50002685EFF0AEE291476319FA0403C7A188B5
:108C600089476314F7042685EFF03FEF3DA803C75B
:108C70007188791713371700D2862DBFA147E31CDF
:108C8000FAFC03C7718889476311F7020146A28580
:108C90002685EFF0AFAF938781A59C4399C7DC434E
:108CA00089C70146814526858297F6506654D65479
:108CB0004659B659265A014509618280011106CEEE
:108CC0002AC6EFF07F873245F2402385A1A20561D5
:108CD0006FF04F991D7186CEA2CCA6CACAC8CEC667
:108CE000D2C4D6C2EF604FE683C7B18889CB0144B6
:108CF000938941A2994A83C791A2636BF400F6401D
:108D00006644D6444649B649264A964A2561828039
:108D100003A50900131A440019469305F00F529554
:108D2000EFA0FEEC25E5330954035010F14513790B
:108D3000F90F130519021375F50FEFB0DE8739E54A
:108D40000347F1039307F00F6312F70483A70900A9
:108D5000130539025000D297C1451375F50F83C42E
:108D60005700EFB05E855008C1450945EFB0BE849D
:108D700093F4040C83A50900938404F8B3349000A1
:108D800054085000D2952685EF60CFDB050413749C
:108D9000F40F95B7930705C05D71C207A6C2CAC09C
:108DA00086C6A2C44EDE52DCC183130700022A89A4
:108DB000B2846361F748176700001307A7688A0742
:108DC000BA979C43BA97828785476384F5006144CC
:108DD00009A8834706000947E36BF7FE2385F1885E
:108DE00001442285B640264496440649F259625A07
:108DF000616182808547E39CF5FC03470600E3E858
:108E0000E5FC83C711A411C793E74700A380F1A431
:108E1000C1BFED9BE5BF8547E39BF5FA834706009D
:108E20001147E366F7FA2381F1A45DBF8547E3901C
:108E3000F5FA83470600E3ECF5F82382F1A44DB779
:108E4000C147E396F5F84146A68517E5FE1F1305D1
:108E5000E5D797B0FE1FE780600D59B78547E398C7
:108E6000F5F603470600E3E4E5F683C711A401C75E
:108E700093E7170061BFF99B51BF8547E399F5F46C
:108E800083470600A381F1A4A1BF9147E391F5F4C4
:108E90001842B7470F009387F723E3EAE7F223A4CA
:108EA000E1A43DBF8547E394F5F2834706000947F7
:108EB000E36FF7F0A383F18825B78547E399F5F0D1
:108EC00003470600E3E5E5F083C751A311C793E725
:108ED0004700A38AF1A229B7ED9BE5BF8547E39838
:108EE000F5EE834706001147E363F7EE238BF1A20B
:108EF000C5BD8547E39DF5EC83470600E3E9F5EC46
:108F0000238CF1A2F1BDC147E393F5EC4146A68560
:108F100017E5FE1F130585CA2DBF8547E399F5EABE
:108F200003470600E3E5E5EA83C751A301C793E7DA
:108F3000170045B7F99B71BF8547E39AF5E883476A
:108F40000600A38BF1A269BD9147E392F5E81842B0
:108F5000B7470F009387F723E3EBE7E623AEE1A2E1
:108F600041B5E39605E6EFC01EC101E9EFE07FDC05
:108F7000EFB01EC0EFE01FEFA5B585472384F1A237
:108F800085B59D47E395F5E493851400194668007F
:108F900097B0FE1FE78080F903C5040050086C00FD
:108FA000EFF0BF8F83C791A2AA840944E37BF5E267
:108FB0004808EF201FFB09E52685EFE0FFC44DBF01
:108FC000938741A29C4392045944BE9485472387CA
:108FD000F40001BD9D476391F50A1946938514007D
:108FE000680097B0FE1FE78060F403C504000146E7
:108FF0006C00EFF09F8A83C791A26377F5049944D0
:10900000B30495025008F1459384140293F4F40FCD
:109010002685EFB04EDA2A8415E51307A04185476F
:109020006304E9009307F00F5008F1452685A30774
:10903000F102EFB01E8703C54188EFB0FE80EFF06C
:109040007FC945B30944E5BF83C701A40944E38A46
:1090500007D81307A04183C731A3631BE90093E737
:109060001700A389F1A21D46A6851385C1A2D5B319
:10907000F99BA389F1A2ADB38547E39AF5D4130711
:10908000A04183C731A36315E50093E72700D5B757
:10909000F59BC5B7A3850188EFF0DFC391B3854782
:1090A000A385F188014419499309F00F7D5A83C7BC
:1090B00091A2E373F4FEB30424035008F1459384B2
:1090C000140293F4F40F2685EFB0EECE05E183474A
:1090D000F102638D37015008F1452685A30741034E
:1090E000EFB02EFC03C54188EFB00EF605041374F3
:1090F000F40F75BF8547E39CF5CC83470600E3E892
:10910000F5CC238AF1A2E9B98547E392F5CC8347F0
:1091100006002547E36DF7CAA382F188D1B18547E0
:10912000E397F5CA03470600A546930797FF93F711
:10913000F70FE3EEF6C8A384E1885DB18547E398B5
:10914000F5C88347060003C701A201442380F1A2AA
:10915000E31907C8E397B7C8EFE0DFD059B18547F7
:10916000E397F5C68347060003C7F1A1A38FF1A0DB
:1091700009E76394B700EFE0FFCE03C5F1A1EF600C
:10918000EF9CB9B98547E394F5C4834706000D47C2
:10919000E36FF7C22383F188A1B18547E399F5C254
:1091A000834706002382F18825B90545EFB0CEE953
:1091B00005B98547E39DF5C0834706002384F18800
:1091C00005B193074002E394F5C003C514000146BE
:1091D00093852400EFF06FEC83C791A2E379F5BE8D
:1091E00019443304850203C70400A1471374F40F24
:1091F000631FF702130424021374F40F5008F1459F
:109200002285EFB04EBBE31405BC9385840048086B
:109210006D4697B0FE1FE78060D15008F14522856A
:10922000EFB02EE803C54188EFB00EE24DB613044F
:109230001402D9B7E5470944E3E527BBE39385BAB0
:1092400083D504004A85EFC03E9C2A8459BE011193
:1092500006CE22CC26CA4AC8834725002547E917EF
:1092600093F7F70F6360F702176700001307C7252E
:109270008A07BA979C432A84BA978287938781A5E5
:109280009C4399E3854475A89C43EDDF8346D50054
:109290000346C5008355A5000D058297E5B78347B2
:1092A00015006394070C83476500858BDDCF93879A
:1092B00041A59C430149DDEB814541460A85EFA06C
:1092C000FE884C48D1C51946C1050A8597B0FE1FD6
:1092D000E780C0C5834764000357C1008987858B39
:1092E000D98F2316F100EFE03F8A83C791A26390E4
:1092F000A70283C7818899C3EFF06FBA97D7FE1F83
:109300009387876E9C5B81C7854521458297EFE0F7
:10931000BF87938701A403C791A283C70700631384
:10932000A70493E71700A2850A852380F1A4EFE044
:10933000DFDFAA8455491DE9894503C5A1A2EFA035
:10934000BE8DF240624426854249D2440561828046
:10935000035544008544EF205FB865D51946930551
:109360006500A5B793F7E70F7DBF0149938481A5F9
:109370009C40E38907F0DC43E38607F003461400D2
:109380000355440085458297E30E09EE9C404A86CA
:109390008D45DC43035544008297EDB50347150026
:1093A0009947631AF70203554500EF201FB3AA84BB
:1093B0001DC183C7618809476381E7040D4763883E
:1093C000E70205476399E7008345550003554400CC
:1093D0000146EFE0BFBB938781A59C43E38407EA86
:1093E000DC43E38107EA03461400894565B701467B
:1093F000814513050041EFF0FF998355440003C5F3
:1094000004001546EFC06EF7F9B793054500034514
:1094100035000146EFF06FC883C791A2E374F5E60B
:1094200099473305F5021306C4009145130555020B
:109430001375F50FEFB0EEC603C54188EFB0CEC08F
:1094400091B583C741A30355450091C783C5518892
:10945000EFC0CEEF05BD83C7A18899E39545CDBF89
:10946000EF20BFA7AA84E30F05E08347A400858B04
:109470009DC30345550005C18357C40093F70720DA
:1094800099EB0A8693856400EFF02FC109E58D45BD
:109490000355440075BF83C55400035544001306AB
:1094A0008400EFE0BFAE938781A59C43E38C07DC8B
:1094B000DC43E38907DC01468145E9BD03554500EE
:1094C000EFF06FCBC1B303554500EFF06FB383C727
:1094D000A18893F7F7072385F1886DB37971939786
:1094E00005014AD006D622D426D24ECE52CCC18710
:1094F0002E8963D0070A03C5A1A2EFA06EB2AA8489
:1095000031C5834705001307100B638DE70413076C
:10951000000D6387E7021307000B6396E70203471A
:109520004500F9476317F700035525008145EFF023
:109530002FCC83C5440013858400EFE0FE9121A069
:10954000EFF0FFD001C52685EFA0EEA621643344DD
:1095500089002285B250225492540259F249624A3B
:109560004561828083474500F9FF03568500835596
:10957000650003552500238601A4EFF0EFCF83C7D4
:10958000C1A4F1D303C54188238601A4EFB0CEABBB
:109590005DBF93F7250085C381450145EFE0FFB826
:1095A0001344290083C7A1A2854511E189453E8561
:1095B000EFA08EE679BF93F715006389070C9389B6
:1095C00041A583A70900938401A503DA47009C40C5
:1095D00099EFC165138741A68946176600001306F7
:1095E000662DFD150545EFF08EE023A8A1A48C4063
:1095F0001344190091ED938481A59C40ADE703C508
:1096000041884204EFB04EA44180EFE0AFDC91B757
:109610009308F00F094881471307E100740003D64F
:1096200041A65285EFF0FEB211ED0346D10083470B
:10963000C10022065D8E19C69C40528583D5A700C5
:10964000EFF08FC38840C165814603D641A6FD1562
:10965000EFF01EA423A8A1A459DD42044180854552
:1096600003C5A1A2B1B7DC43D9DB03A709000146BA
:10967000854503554700829703A709009C40014692
:1096800003554700DC438D45829795BF93F745000E
:109690000144E38007EC13C4450065BD8347050022
:1096A000130710096387E7001307000D6386E704BB
:1096B000828003471500B9476319F7240357450013
:1096C0008567938757406312F72418459307F0077F
:1096D00083053700638BF522938781A69C436386BD
:1096E000072203A3470063020322834727000345A1
:1096F0001700A2075D8D0283834725001D4763661F
:10970000F720176600001306A6DE93962700B29690
:109710009842411122C406C626C232972A84028783
:1097200083471500ADEB414697D5FE1F9385054C49
:1097300017D5FE1F1305854AEFA06EC72DE117D67A
:10974000FE1F1306A649C1450945EFB08E9517D6F1
:10975000FE1F1306A64BC1450D45EFB08E9403C501
:109760004188EFB06E8E1946930534001385C1A869
:1097700097A0FE1FE780807B854723ACF1A89387E5
:10978000C1A7944303C6E188854503C591A8EFD0DE
:109790001E91630F050E994723ACF1A8D5A8414649
:1097A00097D5FE1F9385854517D5FE1F13050546E2
:1097B000EFA0EEBF49D545BF83471500E9FF8347BA
:1097C00035008DC7938741A8944303C681A881457E
:1097D00003C591A8EFD0BE8CA300A400834714005A
:1097E000DDFBB2402244924441018280938481A9EE
:1097F00098408947E307F7FE854503C591A8EFA088
:10980000AEF469FD98409547E30AF7FC854503C52A
:1098100091A8EFA06EC0D9B7034715002DFF13879D
:1098200081A98D4618436397D70091476315F70ABE
:1098300095479DB7A386018895476314F70891471C
:10984000A1BF83471500A5EB914723ACF1A8930472
:1098500045000356A500034535009146A685EFF067
:109860004FB183C731A39DC30347340083C7C1A24F
:109870006311F70419469385D1A22685EFA02EB374
:1098800085476318F5028947A389F1A2A386018859
:10989000938781A69C43B1D703A30700E30303F496
:1098A000A285938781A92244B24092448843410112
:1098B00002838547D1BF13071003E39EE7ECA3861D
:1098C00001888D47D1BDEFF09F98938781A9984378
:1098D0009547E318F7FE8947C1B583471500E39222
:1098E00007F0938781A69C4303A38700E30B03EE55
:1098F00022448356A5000356850083556500B24077
:1099000092440355450041010283828001119397DF
:10991000050126CA06CE22CCC187AE8463D5070CCA
:1099200003C591A8EF90DEEF2A8409C983C701A877
:1099300089EFEFF0BFD62285EF90FEE72165258DF8
:10994000F2406244D24405618280834705001307D8
:10995000000D639EE7048347250081E7EFF01FD4E5
:1099600009A81547639DE7000347C500A147E39297
:10997000E7FCA28503C5C188EF901EF1C1B721475E
:10998000E38EE7FC99466395D70083477500C5B71A
:109990001D47E390E7FA03554500EF200FD441DD62
:1099A0000347C500A1472285E315F7F8D9B7130788
:1099B000200AE380E7F813071009E391E7FA034769
:1099C0001500B947E31CF7F80357450085679387EF
:1099D0005740E315F7F8184583472700034517005C
:1099E000A2075D8D5DBF9397150163DE07001386A7
:1099F00041A991451145EFA0DEEA03C54188EFA0DA
:109A0000BEE411652DBF93F71500014595DB83C7B3
:109A1000D188B9CBEF20AFF797D7FE1F83C787FE5A
:109A20008D8B6366F5048D472302F1009387D1A6E1
:109A300083C707004C0003C591A82306F100938754
:109A400081A783C70700A306F100EFD08EC709CD19
:109A5000994723ACF1A8938781A69C4391C79C4367
:109A600081C781451945829713C51400D1BD9387DD
:109A700071A783C707001946938501A72302F10048
:109A8000938761A783C7070013056100A302F10054
:109A900097A0FE1FE780804951BF797122D426D25A
:109AA00006D6AA842EC6328436C43AC23EC0EF20FF
:109AB000CFC239C50358E500B24582471247A246D6
:109AC000636DB800636B0401035605016317D6008C
:109AD0000356250161456300E602231CB1003E8662
:109AE0002C082685231D8100231ED100231FE100A1
:109AF000EF20CFAF0145B25022549254456182808D
:109B00005145D5BF011122CC2EC606CE3284EFE0DE
:109B10006EB6B24581C52E85EFE07FFD938781A9A2
:109B20009C4345459DE719C023A481A6938741A97D
:109B300017D7FE1F1307870D97D6FE1F9386060AB9
:109B400003C6C1A683C521A903C591A8EFD01EE510
:109B50000145F24062440561828097D7FE1F83C7AA
:109B600067EA8D8B81EB614582806145B24022447A
:109B700041018280411122C406C603C491A8930703
:109B8000F00FE314F4FE17050000130565D8EFA0ED
:109B90006ED5A384A1A8E30A85FC23A401A623AC67
:109BA00001A891472389F1A8EFB09EC341468145A2
:109BB00017D5FE1F13058502EF905EF941468145DA
:109BC00017D5FE1F13058504EF905EF823AA01A8A0
:109BD000A38B01A6238B01A69D4717D6FE1F130654
:109BE000E6FFC1450945A386F1A6238C01A6EFA097
:109BF0009E9C17D6FE1F13066601C1450D45EFA0BA
:109C00009E9B414697D5FE1F938545FD17D5FE1FA8
:109C10001305C5FD97A0FE1FE7804031414697D54B
:109C2000FE1F9385A5FE17D5FE1F130525FD97A0E2
:109C3000FE1FE780A02F138641A991451145EFA093
:109C40009E97014525B70111238901A84AC84EC630
:109C50008D47854919492387F188A386318923993E
:109C6000218923AA01A885679D65938707C89385E5
:109C700015201305E00306CE22CC26CA2398F188CE
:109C800097B0FE1FE78020C21384C1A79307F50198
:109C9000938441A87D46814508C09CC0EF901EEB8F
:109CA0001C4009477D462380E7001C408145A38076
:109CB00037011C40238127018840238401A8EF90AD
:109CC000FEE819468145138501A7EF903EE8F24072
:109CD000238601A6238001A86244FD572386F188CC
:109CE000D2444249B24905618280930705D04111AF
:109CF000C20722C406C6C18349472E84636CF70A93
:109D0000176700001307C7808A07BA979C43BA9762
:109D1000828783C721A92300F40035A0414697D547
:109D2000FE1F9385A5EB228597A0FE1FE7800020EC
:109D300019A8414697D5FE1F938545EDEDB793874A
:109D400041A99C439CC18147B24022443E854101C8
:109D5000828019469385C1A8F9B783C7D18865BFAA
:109D600003C6E1889387C1A78C4375BF03C681A84A
:109D7000938741A8D5BF83C771A771BF83C761A768
:109D800059BF1946938501A779BF83C7D1A661B78B
:109D900083C781A749B783D721892310F40065B70A
:109DA00083D70189DDBF938781A99C43ADB783C762
:109DB000C1A695B765478947E368A7F8EFB07E9BD2
:109DC0002310A40049B79307F5CFC207C1834547C5
:109DD0006362F72417570000130747788A07BA977A
:109DE0009C43411122C426C206C64AC0BA97B28417
:109DF0002E8482874147E1476390E5044146A6856A
:109E000017D5FE1F130585DD97A0FE1FE780001202
:109E10001DA04147E1476391E5024146A68517D55C
:109E2000FE1F1305A5DECDB71147E1476396E50098
:109E30001C4223AAF1A88147B2402244924402491D
:109E40003E85410182800547E147E397E5FE0347F0
:109E5000060083C7D188A386E1888DC3814769FF47
:109E6000138781A9184389466305D7009546E315F2
:109E7000D7FC03C591A8EFD0CE9375BF81474DDFC6
:109E8000138781A918436305B7007517E3E6E5FA60
:109E9000854503C591A8EF903ED871BF1387F5FFA4
:109EA0001377F70FF946E147E3E8E6F851D613894F
:109EB000C1A7032509007D468145EF903EC90325D2
:109EC00009002286A68597A0FE1FE780200683262C
:109ED0000900238781882286854503C591A8EFD094
:109EE0000E9C91BF1387F5FF1377F70FF946E147F3
:109EF000E3E4E6F431D2138941A8032509007D4645
:109F00008145EF90BEC4032509002286A68597A04F
:109F1000FE1FE780A00183260900238481A82286F2
:109F2000814565BF0547E147E398E5F00347060033
:109F30009146E3E3E6F0A38BE1A6F5BD0547E147D3
:109F4000E39CE5EE034706008D46E3E7E6EE238B50
:109F5000E1A6D5B51947E147E390E5EE1946A68598
:109F6000138501A755B50547E147E397E5EC03479E
:109F700006009D46E3E2E6ECA386E1A66DBD05473B
:109F8000E147E39BE5EA034706008D46E3E6E6EAA0
:109F9000238CE1A64DB50947E147E39FE5E8035669
:109FA000060005671307A7C79306A6FFC206C1826E
:109FB000E364D7E82399C188BDBD0947E147E39D24
:109FC000E5E60356060005671307A7C79306A6FF35
:109FD000C206C182E362D7E62398C188A9BD0547BE
:109FE000E147E39BE5E4834706002386F1A6A1B59C
:109FF000E54763EFA70009478947E39FE5E222446D
:10A00000B240924402498355060041016FB0DEBF61
:10A0100089471DB5E54763E9A70009478947639666
:10A02000E50083550600DDB789473E8582806F5085
:10A030002FAC411106C6EFA01F841715FFFF1305B3
:10A0400085A0EFA02E8AEF00FF8C17C5FEFF130539
:10A05000C5C4EFA02E89EFB0DEBF17E5FEFF1305E4
:10A0600005E5EFA02E88EFD05EE11745FFFF130551
:10A07000A56CEFA02E87EF406FDB17F5FFFF1305F0
:10A080002546EFA02E86EFE07FC31705FFFF1305DF
:10A0900025F4EFA02E85EFF03EF0B24041016FF0C5
:10A0A000DFAB97D7FE1F938727948C4317D7FE1FEC
:10A0B0000357C79305651386052223A2C1AA938778
:10A0C00085FFBA9723AEF1A81D05930600206364AF
:10A0D000E500935637003307D60023A0E1AA23A05A
:10A0E000E522E1162312D600231306001CC3998F24
:10A0F000E1172312F700231307008280938741AAF8
:10A100009386C1A99C4390422A87B305B540631446
:10A11000F6003A8529A8938687009C43E369D7FE19
:10A12000E377F7FE2E85E3E4D5FEE3F2F5FE8280C9
:10A1300083C705002300F50083D72500A300F500A1
:10A1400083D72500A1832301F50083C74500A30120
:10A15000F5001145828023A601AA23A401AA8280CA
:10A1600029C1411126C206C622C4AA8401458DC553
:10A170002E8422854146975500009385A54297A0DD
:10A18000FE1FE780A0DA83C7040005452306F4001C
:10A1900083C71400A306F400B24022449244410154
:10A1A000828001458280011122CC26CA06CE094751
:10A1B000AA8432846383E50441468147639BC500DA
:10A1C000638FE6006397B6001DA841478147638F00
:10A1D000E600F2406244D2443E85056182808A8571
:10A1E0002285EFF0FFF741468A8521A88A85EFF0A6
:10A1F0003FF741468A85228531A0E398B6FC2E863A
:10A20000A2852685EF90BE9AAA87E1B723A6A1AAC8
:10A210008280011122CC0354650006CE26CA4AC8AA
:10A220004EC641C083298500AE842A8803C909002F
:10A23000814713178901618763550702B1470545B7
:10A2400063FA870451144204035528004180338780
:10A250008900A2864E868545EF40AFEBB337A0005C
:10A2600085077D1413556900420405891379F903A4
:10A2700041802380F400A380A40023812401239241
:10A280008400014719C01387190098C409476383E4
:10A29000E7000145F2406244D2444249B2490561B7
:10A2A00082800545C5BFC167F917630AF502D94722
:10A2B00063F7B702011122CC2EC606CE2A84EF0026
:10A2C000EFD1B2456368B50022856244F240056172
:10A2D0006F105FE4F24062440545056182800545E8
:10A2E0008280C167F9176314F5006F002FCF411109
:10A2F00006C6EF10FFD111E15D45B24041018280F9
:10A3000039714ED656D25AD006DE22DC26DA4AD829
:10A3100052D4AA8A2E8BB28949EF36C6EFF07FFC61
:10A32000CD45EF002FDCAA844D492DC9B246054A20
:10A33000238034010544630A0B00B685138514009D
:10A34000029B0505131405014180E20993D9894157
:10A3500063D30902C1455685EF10DFD8654905E989
:10A3600033868400A2852685EF40AF9E2A8905E1C9
:10A3700031044204418091472C085685231CF1008A
:10A3800026CE231D8100EF10EFE42A8901C963075F
:10A390000A00268597A0FE1FE780805AF25062547B
:10A3A0004A85D2544259B259225A925A025B2161CB
:10A3B0008280BA84014AADBF011122CC26CA4AC8A4
:10A3C0004EC606CE2A893284B689EFF07FF3AA847E
:10A3D00005E19387C1AA9C4381CF05476317E40039
:10A3E00003C4090005041374F40FA2854A858297FB
:10A3F000F240624426854249D244B24905618280D6
:10A40000AE8601470546970500009385A5D26FF0FB
:10A41000BFFA83D705002300F50083D70500A18389
:10A42000A300F5000945828083C725000547230066
:10A43000F50003D505006397E7000A050505420509
:10A4400041818280C9473305F502CDBF03D50500A0
:10A450000A0542054181828083D725002300F5004B
:10A4600003D5050083D725003305F5020505420510
:10A470004181828003D50500828003D5050082805A
:10A4800003D50500828083D725002300F50003D57E
:10A49000050083D725003305F502050542054181F6
:10A4A000828083D705002300F50083D70500A183B0
:10A4B000A300F50083D725002301F50083D72500ED
:10A4C000A183A301F50003D5450011054205418193
:10A4D000828083D705002300F50083D70500A18380
:10A4E000A300F50003D525000905420541818280BE
:10A4F00089471145639BF600834716008346060093
:10A500000145A207D58F2310F700828003D70500ED
:10A51000D947AE8663FAE70001470D46970500006C
:10A52000938565EF6FF05FE909458280114563937C
:10A53000A60283471600834606000145A207D58F71
:10A540002310F7008347360083462600A207D58FE5
:10A550002311F700828083C725000547FD1793F775
:10A56000F70F6361F70483D705008DCF011122CC6B
:10A570002A84C84106CE15C12EC68945EFF01FB802
:10A580002A8722856244B246F240154697050000AC
:10A590009385C5E905616FF03FE2F24062440945E9
:10A5A00005618280094582809547114563F9D70688
:10A5B000411122C426C24AC006C683471600BA8487
:10A5C00003470600A2073284D98F2390F400834703
:10A5D00036000347260093054400A207D98F239134
:10A5E000F40089472382F400094613855400368914
:10A5F00097A0FE1FE78080939307A9FF2394F400A0
:10A600009947631BF90023A60400B24022449244F8
:10A6100002490145410182801904C0C4FDB782800E
:10A6200083D705008DCF011122CC2A84C84106CEE4
:10A6300015C12EC68545EFF07FAC2A87228562447E
:10A64000B246F2401D4697050000938565E005611E
:10A650006FF09FD6F240624409450561828009454A
:10A66000828099476395F6048947411106C6230203
:10A67000F7008347160083460600B285A207D58FF0
:10A680002310F70083473600834626000346470021
:10A69000A207D58F130557002311F700910597A046
:10A6A000FE1FE780A088B240014541018280D1476A
:10A6B00011456394F600C1474DBF828083D70500E2
:10A6C0008DCF011122CC2A84C84106CE15C12EC6D9
:10A6D0008945EFF0BFA22A8722856244B246F24044
:10A6E000254697050000938565D705616FF0DFCC9F
:10A6F000F2406244094505618280094582808947AC
:10A700001145639BF600834716008346060001450A
:10A71000A207D58F2310F7008280011122CC2A8452
:10A72000C84106CEAE86014719C52EC68545EFF055
:10A73000FF9CB2462A8722856244F2402D46970547
:10A740000000938565D305616FF01FC711456393C2
:10A75000A60283471600834606000145A207D58F4F
:10A760002310F7008347360083462600A207D58FC3
:10A770002311F7008280011122CC2A84C84106CE21
:10A78000AE8611C52EC68545EFF05F97B2462A8783
:10A7900022856244F240354697050000938525CE18
:10A7A00005616FF07FC193F71600114589EB89476A
:10A7B0006387F60085822312D70010C3014582808B
:10A7C000011122CC2A84C84106CE15C12EC685456A
:10A7D000EFF0DF922A8722856244B246F2403D467E
:10A7E00097050000938505CA05616FF0FFBCF24034
:10A7F000624409450561828083D705008DCF011130
:10A8000022CC2A84C84106CE15C12EC68945EFF058
:10A81000FF8E2A8722856244B246F240454697055C
:10A820000000938585C605616FF01FB9F240624450
:10A8300009450561828009458280854763FCD7020E
:10A840002304A700A304B70083471600834506002E
:10A85000A207CD8F2310F7009387E6FF2311F7009F
:10A8600089476386F600090650C30145828023228A
:10A870000700E5BF11458280014781464D4681456D
:10A880006FF09FB38D47114563FBD70283471600D6
:10A8900083450600A207CD8F2310F70083473600BB
:10A8A00083452600A207CD8F2311F7009387C6FFAB
:10A8B0002312F7006386A600110610C701458280A7
:10A8C00023240700E5BF011122CC2A84884506CE47
:10A8D000AE8611C52EC69545EFF05F82B2462A8737
:10A8E00022856244F2405D46970500009385A5BB32
:10A8F00005616FF07FAC854711456397F60083478C
:10A90000060001452300F700828001478146654625
:10A9100081456FF07FAA011122CC2A84C84106CE5E
:10A92000AE86014719C52EC68D45EFF02FFDB24604
:10A930002A8722856244F2406D4697050000938580
:10A9400085B905616FF0DF9B011122CC2A84C841D3
:10A9500006CEAE86014719C52EC68D45EFF00FFA1B
:10A96000B2462A8722856244F24075469705000068
:10A97000938565B605616FF0BF9881471758000051
:10A98000130848C31306F00F3307F8008346070087
:10A990001397060141836364E5006393C6008280D8
:10A9A00083D605006365D7002390E5008280850784
:10A9B00093F7F70FD1BF41119397050122C406C643
:10A9C00026C2C1872E8463D50702EF807EE5AA8464
:10A9D00009CD83470500054793C707086364F7005F
:10A9E000EF80AF8E2685EF801EDD2165218D39A891
:10A9F00093F715008DC397C7FE1F938727229C5B93
:10AA000083A7070891C3829713451400B2402244DC
:10AA100092444101828093F7250089CF97C7FE1F9A
:10AA20009387C71F9C5B83A7470891C382971345F1
:10AA30002400E9BF93F7450091C7EF00705113451B
:10AA40004400E9B793F7050281CF97C7FE1F9387AC
:10AA5000E71C9C5FBC4791C38297134504027DB7F6
:10AA600093F7050181CF97C7FE1F9387271B9C5F34
:10AA7000FC4391C382971345040149BF93F7052016
:10AA800081CF97C7FE1F93876719BC43FC4F91C3C3
:10AA90008297134504209DBF93F7051081CF97C778
:10AAA000FE1F9387A717BC43BC4F91C382971345E2
:10AAB0000410A9BF939725010145E3D907F497C670
:10AAC000FE1F83C6161617C6FE1F0346861597C5BA
:10AAD000FE1F83C5F51417C5FE1F03456514EFC09F
:10AAE0008F99096521B7411122C417C4FE1F1304B1
:10AAF000E41226C21306C00A8145AA84228506C62E
:10AB000023A2019E23A4019EEF904E8497C7FE1FAF
:10AB1000A38B97F09307F00F3CDCF977FD17231315
:10AB2000F40A2314F40AFD472305F40A97C7FE1F0D
:10AB300083C777EC13970701B9078E072311F40237
:10AB40002313F402A1472317F400B7072092938739
:10AB5000777D1CC81CCCB70748014183ED07231043
:10AB6000E4022312E4025CCC37172092B7071600E8
:10AB7000130787809387079058C81CD4232E040698
:10AB8000EFA0AFF0EF60CF8EEF905FE62244B240CF
:10AB9000924441016F00707F411197C7FE1F938758
:10ABA000E70722C4805B06C626C24AC08344540617
:10ABB00089E8194697C5FE1F9385C50E13056406DF
:10ABC00025A08547639DF40697C7FE1F83C7270509
:10ABD00013056406194697C5FE1F9385050D89E781
:10ABE00097C5FE1F9385C50C9790FE1FE780003424
:10ABF00097C7FE1F83C7970291CF83473407130778
:10AC0000000493F7070C6397E7001305C406EF00F1
:10AC1000107428D08547A303F400854517C5FE1F8F
:10AC2000034575E097C7FE1F238A07FEEF80DEFE0F
:10AC30000145B240224492440249410182800949BF
:10AC4000639724058347C4062302040689E78547E2
:10AC50002302F406B9BF1305C406EF00306A28D0FA
:10AC60000DC1EF00F0442C5083C7A50099CB2302FF
:10AC700094061946B105130564069790FE1FE780F8
:10AC8000E02A034744068947E304F7F6C9B78D472E
:10AC90004945E390F4FA8347C4062302040691EB86
:10ACA00085472302F406194697C5FE1F9385E5FFE5
:10ACB00031B71305C406EF00706428D00DC1EF0052
:10ACC000303F2C5083C7A50099CB23022407194697
:10ACD000B105130564069790FE1FE7802025034702
:10ACE00044068947E306F7F065BF4111C5451305E2
:10ACF000400922C406C697A0FE1FE780C0BA2A8476
:10AD000021CD13064009814597C7FE1F23A0A7F454
:10AD1000EF80DEE3E57785072312F40097C7FE1F77
:10AD2000938747E4D84B9C4F2324E4082326F40858
:10AD30008D47A307F40097070000938727E67CDC84
:10AD4000970700009387A7322320F4089707000095
:10AD5000938767292322F4082285B24022444101C7
:10AD6000828097C7FE1F938767EBFC4B639A072689
:10AD7000011126CA938481A09C4006CE22CC984320
:10AD80004AC84EC60D8B05C3B84B619BB8CB9843E0
:10AD90001367870098C39C438D83858B89C7010007
:10ADA0000100010001009C401307A005B70600F94F
:10ADB000B8CB1307000AB8D37D47D8C39387819FC8
:10ADC0009C43FD16138941A1984F2A84758FB706BD
:10ADD0000002558F98CF984F137737F81367870184
:10ADE00098CF83260900D856759BD8D60347C5004F
:10ADF0009376F7079843137707F8558F98C337C7AB
:10AE0000898E130767ED98C73757550013075755B5
:10AE1000D8C3D857B70600F0FD16719BD8D7984312
:10AE2000758F98C383471501054783268508BD8B19
:10AE30002304F5006396E7183147A304E500238057
:10AE4000F600834755069309E506898B8DC32C517F
:10AE500099CD83C7250181CF83C735011946D10517
:10AE6000A306F5064E859790FE1FE780200C8347CA
:10AE7000D40689CB032784088347070093E707F8A4
:10AE80002300F700032584081946CE8521059790F5
:10AE9000FE1FE780A0098347540693096406898B47
:10AEA00085C32C5091CD83C7A50099CB8947230238
:10AEB000F4061946B1054E859790FE1FE7800007FE
:10AEC00083475406858B91E7034744068947631AF5
:10AED000F700032784088347070093E7070423004C
:10AEE000F70083278408034794001946CE85A38082
:10AEF000E7000325840809059790FE1FE7800003FB
:10AF0000930720F9A302F4009387C19F03278408C5
:10AF10009C438145170500001305854098CBEF90B1
:10AF20006E8CEF90FFF2854717C7FE1FA30FF7C285
:10AF3000930740F9A302F40097C7FE1F238507C2B9
:10AF400097C7FE1FA38107C297C7FE1F238E07C0A6
:10AF50009307003417C7FE1F232CF7C098403C53BB
:10AF6000FDFF8327090083A7070913977700634C28
:10AF7000070097C7FE1F938727A79C5B89C7854556
:10AF8000130500088297834794009840A166938632
:10AF90003630920754C7938787113CD3930700F844
:10AFA00097C6FE1F2382F6BC6244B167F240D244CA
:10AFB0004249B249938737305CC705616F907FE1A2
:10AFC000034735019305E40119071377F703A30439
:10AFD000E5002380F60003258508034634017DB58E
:10AFE0008280411197C7FE1F938747C322C4805BAD
:10AFF00006C626C28344740085476391F4048347E0
:10B00000C400130750026390E7048347240113F739
:10B01000270021C3930760022306F4002285EFF086
:10B020005FD483472401918B91CB894517C5FE1FBF
:10B030000345759FEF805EBE23039400B240224417
:10B0400092444101828013076002639DE7008347B9
:10B050002401918BE5D7930770022306F400228523
:10B06000EFF03FD023030400D1BF411197C7FE1F6B
:10B070009387C7BA22C4805B06C626C28346740083
:10B080000547639EE60A83C707008356A401850728
:10B0900093F7F70F17C7FE1F2302F7B813070064D3
:10B0A0003347D70263C8E700EF906EA897C7FE1F2B
:10B0B000238607B68347240117C5FE1F0345B596AF
:10B0C00013F7170011CF130750022306E400998BE2
:10B0D0008DC38945EF805EB485472303F40011A832
:10B0E00013F74700898B85CF930760022306F4008E
:10B0F0006DF303471401854797C4FE1F83C4B492C0
:10B100006317F7020356A40126858545EF803EC3E9
:10B1100022852244B240924441016FF09FC409C786
:10B12000930770022306F40023030400D9B7B9453E
:10B130000545EF904E990356A4012A96F1B7B24007
:10B140002244924441018280411122C406C626C293
:10B150004AC097C7FE1F83C777AC2A849DE7034781
:10B16000840085476312F7108347D40603475407CA
:10B17000858B6319F70E1946930564071305E406DA
:10B18000EF80FEA2B334A00089A883475507E9C326
:10B190008347B5071307000493F7070C639AE70A80
:10B1A000285139C113096407CA851305A502592D11
:10B1B0008547AA84631AF50228508947230AF406B2
:10B1C000834735001946CA8593E72700A30AF4068A
:10B1D00051059790FE1FE78060D5B2402244268536
:10B1E00002499244410182800347840085476301FC
:10B1F000F7068347C406A9EF13054407EF0030158F
:10B2000028D039C58944230A940683473500194656
:10B210009305640793E72700A30AF4065105979066
:10B22000FE1FE780A0D083475406898B99E38544AD
:10B230006DB72C5083C7A500FDDB23029406194689
:10B24000B105130564069790FE1FE78020CEC5B7B1
:10B250008347C406898BE38407F03C5083C71700FB
:10B26000E39F07EE814495BF8347D40013F717008F
:10B2700019CF8346B4000D47639BE60068582C5CE9
:10B280002244B2409244024941016F906FE1898BA0
:10B29000D9DF0347B4009547E31BF7F8C5B7411161
:10B2A00097C7FE1F9387879722C4805B06C6EF90DF
:10B2B0003FBAEF903FBDA3030400231204001384A0
:10B2C00001AB1C4095C3854517B5FE1F0345B575F9
:10B2D000EF809EC7AA8729C1130510273385A702CF
:10B2E0001C40130505D98297854517B5FE1F0345F8
:10B2F0009573EF809EBB894517B5FE1F0345B57258
:10B30000EF80BEBA2244B24017B5FE1F0345B571A7
:10B31000914541016F807EB91C40F1B739714AD81F
:10B3200017C9FE1F1309898F22DC0324090352D495
:10B3300056D25AD0216AB16A056B4ED65ECE62CC27
:10B3400006DE26DA66CA97C9FE1F9389A981930B88
:10B350000401130A3A30938A3A30130CABC783477F
:10B360005400130750096394E72EEF905FA483C73E
:10B370003900858B638D07280325C4085E868145C7
:10B3800097B7FE1FA381077E9790FE1FE780E023FB
:10B39000631205188325C4087D4783C7150093F7FA
:10B3A000F7032305F400E91793F7F70F6364F71623
:10B3B00083C70500BD8BA305F400F51793F7D70FDE
:10B3C000639A0714930464061946A1052685EF8045
:10B3D0000EFE630105148325C4081305640719468E
:10B3E00083C7050089059987858BA30AF406979082
:10B3F000FE1FE780A0B32285EFF01FD5630C051078
:10B400008346B4001547834784006399E612B98BDD
:10B410006392071083270906638F0710EF909FA69A
:10B42000832709068297EF500FDDAA846305051074
:10B43000938741929C4382978325C408A8DC1546D4
:10B4400083C7F50003C7050113850410A20742074F
:10B45000BA9703C7E500F905BA9703C735FF620736
:10B46000BA9723A4F40883C755FF03C765FFA20753
:10B470004207BA9703C745FFBA9723A6F40883C7C4
:10B4800075FFA385F40283C795FF03C785FFA20755
:10B49000D98F2396F40283C7B5FF03C7A5FFA20780
:10B4A000D98F2397F40283C7D5FF03C7C5FFA2072F
:10B4B000D98F2398F40283C7F5FF03C7E5FFA207DE
:10B4C000D98F2399F4029790FE1FE78020A60327C7
:10B4D000C40883473702FD8B2384F4028347370275
:10B4E0009583A384F40283D7E402E917C207C183DA
:10B4F000636EFC0003D704039307301F63E8E70083
:10B5000003D7240393070BC863F3E70203D5440072
:10B51000EF506FED97B7FE1FA38A076403475400EF
:10B5200093076009E30DF7E2EF90DF9521AA8327E7
:10B53000490626858297EFF09FD6E9BFBD8B81C76C
:10B540001947E399E7FC6545830C0401EFA06EA25F
:10B5500062056185E3C0ACFC8347440111472304C5
:10B56000E4009907A304F400832784082380E700FC
:10B57000834794000327840893F7F703A300F70099
:10B5800083475406858B91E7034744068947631A2E
:10B59000F700032784088347070093E70704230085
:10B5A000F70003258408A685194609059790FE1F14
:10B5B000E780C09703258408034644019305E4030C
:10B5C00021059790FE1FE7806096930760F9A3021C
:10B5D000F400138781A08347940018431305A00546
:10B5E0009207232647019387C71C3CD3930700F893
:10B5F00097B6FE1F238AF65623265701EF906FF861
:10B600009790FE1FE780A0EFEF90DF8721B797B7F5
:10B61000FE1F238B0754EF90FF8697B7FE1F83C74B
:10B62000E7548DE383C79900850793F7F70F17B7A2
:10B63000FE1FA30DF752A18B91C7854717B7FE1FB9
:10B640002316F752930720F9A302F40055A013071D
:10B650004009639DE70283C72900858B9DC397B787
:10B66000FE1F238207508347840013F7E70009C7B2
:10B67000BD8B1947E39AE7EA930750F9A302F40058
:10B68000F9B997B7FE1F2381074E79BD13076009EB
:10B69000E397E7CC97B7FE1F83C7E74C858BD1CFE5
:10B6A00097B7FE1F2381074CEF90CFFD930710F94A
:10B6B000938441ABA302F4009C409DCBDC438DCB33
:10B6C00089472302F1008347540713056100194697
:10B6D000A302F10083470401930564072306F100E8
:10B6E0009790FE1FE78080849C404800DC4382974F
:10B6F0008347640095E7138401AB1C4095C38545DF
:10B7000017B5FE1F03453532EF801E84AA871DCD75
:10B71000130510273385A7021C40130505D982970E
:10B72000F2506254D2544259B259225A925A025B90
:10B73000F24B624CD24C2161828097B7FE1F238569
:10B740000742EF902FF4930710F9FDBD1C40C1BFD5
:10B75000411106C6EFF0BFB4B240130620089305AE
:10B760000008014541016F702FB297B7FE1F83C7D4
:10B77000972B95E7411117F5FFFF1305052406C622
:10B78000EF805E96EFF02FB6B24097F7FFFF9387FA
:10B79000075617B7FE1F232DF74A4101828097F7FE
:10B7A000FFFF9387C75417B7FE1F2323F74A8280F2
:10B7B000411197B7FE1F9387674622C406C6A04370
:10B7C00097B7FE1F83C7B73A81CF17B7FE1F03474E
:10B7D000073A99476316F70097B7FE1FA389073802
:10B7E00097B7FE1F83C7773893F6D70F1547639B2C
:10B7F000E60017B7FE1F230CF736854717B7FE1F65
:10B80000A307F736EF900FE89305001017B5FE1F5A
:10B8100003457521EF806EE99305002017B5FE1FE3
:10B8200003457520EF806EE8230204002313040013
:10B830002244B24013061008930500080145410157
:10B840006F708FA4797122D406D683C735002E84F9
:10B8500023160100A307F10083C74500100802C0AA
:10B860002307F10083C755008A8502C2A306F100B1
:10B8700002C402C802CA02CC02CEEF906FB20347E4
:10B88000F1018347040001456310F7020347E1011A
:10B890008347140001456319F7000345D10183472D
:10B8A00024001D8D13351500B2502254456182804D
:10B8B00097B7FE1F93878736FC5B91E38280638492
:10B8C000A700DC5FDDBF411122C406C68347A50087
:10B8D0002A8489C79305C5006905C92483472401C3
:10B8E00089CB930544011305A4022244B2404101CF
:10B8F00075A4B240224441018280AA862E86AA8580
:10B90000170500001305C5006F806ECC97B7FE1FAA
:10B910009387C730F85B411126C206C622C4BE8495
:10B9200011E7B24022449244410182806304A7009F
:10B93000585FFDB78347A5002A8489C79305C500D2
:10B940006905A92C8347240191C793054401130578
:10B95000A402A924228522448C54B240924441017D
:10B960006FF0BFF901114AC817B9FE1F1309092B5F
:10B9700022CC0324490726CA4EC652C456C206CE5C
:10B98000AA84014A93094500854A6314040E93056D
:10B990004020130500049790FE1FE780C0F02A8422
:10B9A0001D455DCC83C734001946938544001305BB
:10B9B0004400A301F4009780FE1FE7802057938A7C
:10B9C000A401414681455685EF806EA271E5930939
:10B9D000A401D68541464E85EF80AE9F854723055D
:10B9E000F400834734009305C4004E8593E7270095
:10B9F000A305F40065229384A4024146814526856F
:10BA0000EF80EE9E49ED9307A402A6853E85414650
:10BA1000BE84EF800E9C85472309F40083473400E1
:10BA200093054401268593E72700A309F400BD226E
:10BA3000A3000400832589022285EFF01FEC631325
:10BA40000A0697B7FE1F23A58724232E0402034569
:10BA5000090705051375F50F97B7FE1F2388A72261
:10BA6000F2406244D2444249B249224A924A0561B4
:10BA700082800347340083C734006305F700228ABD
:10BA8000405C21B74146CE8513054400EF802E92DD
:10BA9000E31755FF4945E9B723050400A9BF23096A
:10BAA000040079B7232E8A024DB7411197B7FE1FC4
:10BAB0009387C71622C4E05B26C206C64AC0FD545F
:10BAC00019ECB240224497B7FE1F23A3071C97B777
:10BAD000FE1F238D071A92440249410182800345CB
:10BAE0000400EF80AEC00329C40323009400228524
:10BAF0009790FE1FE780C0E44A84D9B7011197B739
:10BB0000FE1F9387A71122CCE05B26CA4AC84EC607
:10BB100006CEAA8413092500854915C083C71400E1
:10BB200003473400858B6304F700405CFDB719467A
:10BB3000930544004A85EF808E87E31835FF228500
:10BB4000F2406244D2444249B249056182804111C7
:10BB500097B7FE1F9387870C22C4E05B26C24AC0BA
:10BB600006C693042500054901E82285B240224417
:10BB70009244024941018280A6851305A402EFF098
:10BB80007FCCE30425FF405CC5B797B7FE1F9387C2
:10BB9000E7082388070623AA070679A8397122DC5B
:10BBA0003704400026DA4ED6AE84AA899305E4FF16
:10BBB000054506DE4AD8EF808EF5498C131704013F
:10BBC000418321839317840013590401D98F2316CD
:10BBD00001001379F90F10088A854E852317F100AB
:10BBE000A306210102C002C202C402C802CA02CCDA
:10BBF00002CEEF80FFFA8347E1010347D101A38121
:10BC00008400A2074207BA970347F10121802382EB
:10BC10008400BA97F25062542380F40013D787004F
:10BC2000C183A3822401A380E4002381F40042594C
:10BC3000D254B259216182800111194697B5FE1F75
:10BC40009385E5DB17B5FE1F1305C50506CE22CC8F
:10BC500026CA4AC891644EC69780FE1FE780002D11
:10BC60009385F4FF0145EF804EE82A84FD55014598
:10BC7000EF80EEE9A287FD147D5933F79700B36694
:10BC8000E500F9C6631425016304970C17B7FE1F7E
:10BC90002302F702A18393E707FC9169416417B778
:10BCA000FE1F2327A70017B7FE1FA305F700FD19E6
:10BCB00017B9FE1F130989F67D14CE850145EF8063
:10BCC000CEE2AA84FD550145EF806EE4B36795008E
:10BCD000EDD7FD576314F500E38134FF97B7FE1FDE
:10BCE000239BA7FC9357050117B7FE1F2306F7FCFC
:10BCF0009357850117B7FE1FA300F7FC97B7FE1FE8
:10BD0000238D97FAA18093F4F40397B7FE1FA386BF
:10BD100097FA8317890842054185618DE18F631287
:10BD2000F5020317C9098317A908618FE18F631A08
:10BD3000F7000317E9098317C908618FE18FE30E44
:10BD4000F7F6F2406244D2444249B249056182802A
:10BD5000A6850145EF806ED92A84FD550145EF8007
:10BD60000EDBA28719BF11CE93070002918F635B90
:10BD7000F0003355C500B397F50033D6C5005D8D8F
:10BD8000B2858280130506FE014633D5A500B28533
:10BD9000CDBFB687B2882A832E88639D061463F9C7
:10BDA000C50A4167636EE61AB70700016363F6349C
:10BDB00093568601E147174700001307278D3697F2
:10BDC00003470700BA97130700021D8F19CB33985A
:10BDD000E500B357F500B318E60033E80701331365
:10BDE000E50013D608013355C80293960801C182B5
:10BDF000935703013377C802B385A602420733681D
:10BE0000F700637AB80046989307F5FF636418015A
:10BE10006367B8303E853308B8403357C8024203E1
:10BE2000135303013378C802B386E602420833682D
:10BE30006800637BD80046989307F7FF6365180195
:10BE400079176363D8003E874205598D814582800A
:10BE500001E60547B358C702416763EAE80EB70732
:10BE6000000163ECF82893D68801E14717470000EA
:10BE70001307C781369783460700BE9693070002D3
:10BE8000958FE5EB939E08013387154113DF080179
:10BE900093DE0E018545935703013355E70333774E
:10BEA000E703B306D5034207D98F63FAD700C697D5
:10BEB0001307F5FF63E4170163E6D7263A85958FEC
:10BEC00033D7E703420313530301B3F7E703B30E7A
:10BED000D703C207B3E7670063FBD701C697930692
:10BEE000F7FF63E51701791763E3D701368742054A
:10BEF000598D828063E2D504C16763E2F604B70717
:10BF0000000163E4F61E13D78601614897370000ED
:10BF10009387C777BA9703C70700130E00024297AB
:10BF2000330EEE40631A0E0C63EDB61C3335C500BC
:10BF30001345150081458280814501458280930724
:10BF4000F00F63F3D71C13D786002148C1B713073E
:10BF5000F00FC686E37C17F193D68800A14739B766
:10BF60001307F00FB286E378C7E493568600A14723
:10BF700099B5B398F80033D6D50013DF0801335EC6
:10BF8000E6033397F500B356D500558F939E08010D
:10BF900093DE0E013313F50093550701B376E603E4
:10BFA000B387CE03C206CD8E63FBF600C69613069A
:10BFB000FEFF63E4161763F2F616791EC6969D8E91
:10BFC00033D6E60393170701C183B3F6E60333853F
:10BFD000CE02139706015D8F637BA70046979307F8
:10BFE000F6FF636817136376A712791646979315C1
:10BFF0000E01098FD18D45B5B357E600B396C60142
:10C00000DD8E33D3E50013DF0601B357E303939EC0
:10C01000060193DE0E013398C5013357E5003368FE
:10C020000701935808013316C6013373E303B38540
:10C03000FE024203B368130163FBB800B69813878E
:10C04000F7FF63EAD80C63F8B80CF917B698B38811
:10C05000B84033D7E803420813580801B3F8E8039F
:10C060003383EE02C208B3E5080163FB6500B695B1
:10C070001308F7FF63EDD50863FB65087917B695DC
:10C08000C207416FD98F1307FFFFB3F6E70093D8BC
:10C090000701718F4182B38EE602B3856540B38696
:10C0A000C60213D80E013387E802BA96C2963386C9
:10C0B000C80263F3E6007A9693D80601469663E2D7
:10C0C000C5026385C5003E858145828041677D1735
:10C0D000F98EC206B3FEEE003315C501F696E37481
:10C0E000D5FE1385F7FF8145828013D706014148AD
:10C0F00031BD93560601C1477DB993D60801C147AA
:10C10000B5B38145054582803687014801B5428730
:10C1100085BF3E86E9BDBA871DBF328E4DB5791504
:10C120004698D5B97915C69759BB397193D745014A
:10C1300022DC4AD856D22A891394C50006DE26DAB4
:10C140004ED652D45AD05ECE13F5F77F318093DAB3
:10C15000F501630B05109307F07F630BF514135A79
:10C16000D9010E0433648A00370A8000336A44011F
:10C17000131B3900930415C00144814B13D84601A9
:10C180001399C6001378F87FB2881359C90093D960
:10C19000F601630E08089307F07F6300F804135755
:10C1A000D6010E0933692701130818C0B7078000AC
:10C1B0003367F90093183600B38404418145BD47C5
:10C1C00033C83A0163E4871A973700009387074022
:10C1D0000A043E9410403E9602863367C900938459
:10C1E0001480631207101364240081488945C1BF7D
:10C1F0001306F07F81470147B207F250625452069E
:10C20000B1837E08D18FB3E70701D2544259B259A6
:10C21000225A925A025BF24B3A85BE852161828096
:10C2200001481306F07FB70708000147F1B73367ED
:10C23000C9004DC7630809304A8532C4EF10700D3C
:10C240002246130755FFF547930685FF998F33194B
:10C25000D900B357F60033E72701B318D600269567
:10C260009304353F8145A1BF336A240163030A0665
:10C2700036C632C46306042A2285EF10900922468E
:10C28000B246AA84130755FF754A138B84FF330AFD
:10C29000EA4033146401335A4901336A8A00331B7C
:10C2A00069011305D0C0B30495400144814BF9B531
:10C2B000336A240163180A002144014B9304F07F80
:10C2C000894B6DBD228A4A8B31449304F07F8D4B9C
:10C2D00075B51144014B8144854B4DB51364140071
:10C2E00081488545E9BD136434004A878D45C1BD49
:10C2F000630A052E8547898F9306800363DDF63236
:10C30000014681470147CDBDCE868947638DF53A09
:10C310008D47E387F5F085473688E383F5FE13857F
:10C32000F43FE357A0FC93F778006396072893D671
:10C3300038009317770063D80700B70700FFFD1791
:10C340007D8F138504409307E07FE3C3A7EA1316AC
:10C35000D70193179700B1833367D6001376F57F23
:10C3600061BDD6865287DA88DE8545B7636147238B
:10C37000630DEA20DA86FD145284014B931787007F
:10C3800013D388013363F300935E0301B357D403DF
:10C39000131F0301135F0F0193D50601139E88003D
:10C3A0003374D4033307FF024204C18D63FBE500FD
:10C3B0009A951386F7FF63EE652663FCE526F91769
:10C3C0009A95998D33D7D503C206C182B3F5D503AB
:10C3D0003306EF02C205D58D63FBC5009A9593061F
:10C3E000F7FF63E6652463F4C52479179A95C207BD
:10C3F00041645D8F9307F4FF3375F700935807018D
:10C40000935F0E01B377FE00B302F502B386C54019
:10C41000B383F80293D502013386AF021E962E969F
:10C420003385F803637376002295C168FD18935530
:10C430000601337616014206B3F81201AA95469614
:10C4400063E6B6126382B6123306CB408D8E333B61
:10C45000CB00338B66411385F43F630C6317B358ED
:10C46000DB0393550601337BDB03B3061F03420B4B
:10C4700033EB6501637BDB001A9B9385F8FF636DEB
:10C480006B20637BDB20F9181A9B330BDB40B35620
:10C49000DB0342064182337BDB03330FDF02420BB7
:10C4A00033666601637BE6011A969385F6FF636740
:10C4B000661E6375E61FF9161A96C208B3E8D8001F
:10C4C0009395080193D20801C181B38EF50233061A
:10C4D000E641B385BF0293D60E01B387F202BE9543
:10C4E000AE96B38F5F0263F4F600C167BE9FC1656D
:10C4F000FD1593D70601ED8EC206B3FEBE00BE9FAA
:10C50000F696637FF6091A969387F8FF6369661AB1
:10C510006368F619630FF61BBE8893E8180011B51F
:10C520004A85EF10005F13075501F145930405029A
:10C530002246B246E3DAE5D4130485FF331A8900B4
:10C54000014B85B3328532C4EF10A05C130755014F
:10C55000F146AA87224613050502E3D6E6CEE11787
:10C560003317F6008148E5B9E370CBEE729B3335A3
:10C57000CB011A95AA961305F7FF6378D30263E6F9
:10C58000B6106382D5102A87C1B5E3651BDF9355CA
:10C590001B009316FA0113541A00CD8E7E0BF9BBC3
:10C5A000E31DF6F7E38F06D6B9BFE31ED3FCE378AD
:10C5B000CBFD2A8751BD93F7F8009146E389D7D682
:10C5C00093B7C8FF9386480093C717008D823E97A4
:10C5D0008DB381468547E34CA0FEFD58E31C05D092
:10C5E000930410C085471385E441B316A70033D6E2
:10C5F000F8003395A800D18E3335A000C98E13F60C
:10C6000076003357F70001CE93F7F60011466388A2
:10C61000C70093874600B3B6D7003697BE869317F8
:10C62000870063D80704054681470147F1B636877E
:10C630007DBBB28779B3FD46E3D7F6FA0556098E7E
:10C64000930600023356C7006388D7009387E443FC
:10C65000B317F700B3E8F800B3361001D18E13F624
:10C660007600814701CE93F7F60011460147E39229
:10C67000C7FA931797001316D701B18313D7360063
:10C68000518F014695BEE370CBF0729B3335CB01E1
:10C690001A957917AA964DBBAE88C5BBAE8631BD3B
:10C6A00093171E0033BEC70172931A96F9183E8E77
:10C6B000E315F6E7E307DEC693E818009DB1BE88F0
:10C6C000E30AF6FF99BD36881306F07F81470147DC
:10C6D00025B6E367DEFCBE88E310DEFE99B113D712
:10C6E0004501B7071000FD1713D846011377F77FF0
:10C6F0009308F07F33FEB700AA8EF58FFD81328F4D
:10C700001378F87FFD82630E1703630D180129E388
:10C71000B368AE00631F08005D8E01EE0143638CB9
:10C72000080421A8B3E8C7000943639608046DD341
:10C7300005A0638408046385D50205438DCD7D5330
:10C740001DA8B368AE00094363970802630AE802B4
:10C75000631408005D8E75D2E391D5FEE34FE8FCCB
:10C7600063490701E3EBC7FD630FFE0001436374F8
:10C77000FE00F1D505431A858280EDFE7D53E5BFAD
:10C780005D8E79DACDBFE36ADFFB0143E3F5EEFFAF
:10C79000F5F175B739714AD813D945014ED652D43F
:10C7A00056D29399C50006DE22DC26DA5AD05ECE38
:10C7B0001379F97F2A8A93D9C90093DAF501630DB9
:10C7C000090E9307F07F6306F9181354D5018E09FB
:10C7D000B36934013704800033E4890093143500D1
:10C7E000130919C08149814B13D74601139AC6001A
:10C7F0001377F77FB285135ACA0013DBF601630B78
:10C8000007109307F07F6303F7049357D6010E0ACE
:10C8100033EA4701130717C0B7078000B367FA0070
:10C82000931536003A99814833C76A01BD463A8567
:10C830001308190063E8361717360000130606DDE3
:10C840008A09B29983A60900B2968286B367CA00A4
:10C850001309F97F6399071293E9290081458948F3
:10C86000E1B701479307F07F3704080081443204A1
:10C87000D20731807E075D8C598CA285F2506254BC
:10C8800026854259D254B259225A925A025BF24B2F
:10C89000216182805A853E84AE84C68B8947638D30
:10C8A000FB0E8D47E38FFBFA85472A87639EFB3893
:10C8B00081470144814465BF33E4A90061C036C6A5
:10C8C00032C4638C092A4E85EF10A0242246B2465A
:10C8D000AA87130755FF7544938487FF198CB39972
:10C8E000990033548A0033643401B3149A0013D787
:10C8F00046011309D0C0139AC6001377F77F330996
:10C90000F9408149814BB285135ACA0013DBF60105
:10C91000E31907EEB367CA00B1C7630F0A22528555
:10C9200032C4EF10001F22462A87930655FFF547B1
:10C93000930587FF958F331ABA00B357F600B3E714
:10C940004701B315B6003309E9401309D9C081483E
:10C95000E1BD33E4A90001ECA14981441309F07F52
:10C96000894B59B593E919008145854875BD4E84B9
:10C97000AA84B1491309F07F8D4BBDB5914981441B
:10C980000149854B95B593E93900D2878D4869BD3A
:10C9900089475685E397FBF02A879307F07F014488
:10C9A0008144F1B5C16E1386FEFF93D6040113DEF8
:10C9B0000501F18CF18D338695023383B6029358CD
:10C9C000060133059E021A95AA98B382C60363F343
:10C9D0006800F692C16F1383FFFF33F5670093D3AE
:10C9E0000701B3F76800C207337366003E9333064E
:10C9F000950293D80801B387A602135F0601B3849A
:10CA00009302BE94FA94B38E760263F3F400FE9E12
:10CA1000416A9307FAFF935F0401B376F400B3F918
:10CA2000F4007D8EC1803384D502C209338FD401D6
:10CA3000B299CE98B307DE02935E0401B385BF02BC
:10CA4000AE97BE9E330EFE0363F3BE00529EC167D7
:10CA50009385F7FF33F6BE006D8C4206229693DE77
:10CA60000E01B305D502769E3385AF0213D40501BE
:10CA7000B386D302AA96A296B38FF30363F3A600FC
:10CA8000BE9F41657D15B3F7A600C2076D8DAA97BD
:10CA9000B3855800B3B93501FA97B295338437019D
:10CAA00033B6C500B30EC4013385CE003334340130
:10CAB000B3B7E701C18F33BECE0113D406013336BD
:10CAC000C5003E943366CE009394950032947E94D4
:10CAD000B3E46400260493567501B3349000DD81FD
:10CAE00093179500CD8C558CDD8C9317740063DB08
:10CAF000070093D7140085889316F401DD8CD58C3C
:10CB0000058042899307F93F6359F00893F6740052
:10CB100081CE93F6F40011466388C60093864400E4
:10CB2000B3B496002694B6849316740063D80600B6
:10CB3000B70700FFFD177D8C930709409306E07F40
:10CB400063CFF60E93D634009314D4012604D58C0B
:10CB5000318093F7F77F21BB328532C4EF00707BC1
:10CB600093065501F147130705022246E3D1D7DCAE
:10CB70006115B317A6008145F9B3EF00907913074B
:10CB80005501F145930705022246B246E3D5E5D4A7
:10CB900061153314AA00814499BB85469D8EB1E787
:10CBA0001309E941B3972401B3D4D4003319240104
:10CBB000B337F000B3649900DD8C93F77400B3567B
:10CBC000D40081CF93F7F40011466388C7009387A0
:10CBD0004400B3B49700A696BE849397860063D8AA
:10CBE000070485470144814459B113068003E3419A
:10CBF000D6CC7D46E356D6FA0556B307F6409305E4
:10CC000000023356F4006387B6001309E943B317F3
:10CC10002401DD8CB3349000D18C93F67400014470
:10CC200099CA93F7F40011468146E392C7FA139428
:10CC300096003180F6068D80D58C81470DB993071B
:10CC4000F07F0144814425B142896DBD3707100052
:10CC50007D1701113373B70093D84601758F935E2A
:10CC6000D60122CC26CA0E0393D445019357D50191
:10CC70000E0706CE4AC84EC693F8F87F130EF07F13
:10CC800033E7EE0093F4F47F13D4F50133E3670048
:10CC9000131F3500FD82931E36006380C81993C6AA
:10CCA0001600B38514416305D4126351B018638B29
:10CCB000081AB70780005D8F6381C459930780030A
:10CCC00063C4B734FD4763C5B748930700028D8F2F
:10CCD000B3D9BE003318F700B39EFE0033683801A5
:10CCE0003357B700B339D001336838013303E34019
:10CCF000B3090F41B3373F013306F3409317860062
:10CD000063D30724370980007D1933792601630F27
:10CD1000092C4A85EF00F05F130785FF9307000297
:10CD2000998FB3D7F9003316E900D18FB399E90091
:10CD30006344972A058F13061700FD4663C5C63A5C
:10CD400013070002118FB3D6C9003398E900339757
:10CD5000E700558F33380001B369070133D6C700A8
:10CD6000814493F7790081CF93F6F9009147638866
:10CD7000F6009386490033B836014296B689931778
:10CD8000860063D6071C138714009307F07F05887D
:10CD90006306F720B70780FFFD17F18F1398D701BF
:10CDA00093D93900A60733683801B1831377F77F29
:10CDB0009396C7005207B1827E04D98EC18EF2408D
:10CDC0006244D2444249B2494285B68505618280B7
:10CDD0006356B00A638A0812B70780005D8F6387C5
:10CDE000C42D9307800363C7B718FD4763D2B73CD0
:10CDF000138805FE93070002B3590701638AF50003
:10CE000093070004B385B7403317B700B3EEEE00C5
:10CE10003338D0013368380195A2B367D7019385C1
:10CE2000148099E393C61600630AD404D1E1938772
:10CE3000140093F7E77F6399071EB367E301336834
:10CE4000D701639204166382073C631608421318E5
:10CE500035009316D3011358380033E80601935771
:10CE6000330019A2B367D7016385071A9387F5FFCB
:10CE7000638B073A638CC523BE8589B56399051C0E
:10CE80009386140093F7E67FC1EFB367E3016390E5
:10CE90000436638D0744B367D701639407460E05D4
:10CEA0001318D3010D813368A800935733006DA880
:10CEB000B385984063970420B367E301638D07301F
:10CEC0009387F5FF638907401305F07F6383A520EF
:10CED000BE859307800363C2B72AFD4763C8B73C8A
:10CEE000930700028D8F3318F3003356BF00B3173A
:10CEF000FF003368C800B339F0003353B300336820
:10CF0000380133076740B5ACB367D70163830710B7
:10CF10009387F5FF638F071E6380C52FBE85D1B54C
:10CF20009307F07F638BF606FA9E33B6EE01B307E4
:10CF3000E300B2971398F70193DE1E00B369D8019E
:10CF400013D61700B68493F77900E39F07E0931791
:10CF5000D60113D839003368F800A68593573600F8
:10CF60001307F07F6380E506B207B18313F7F57FFF
:10CF700005883DBD3367D7013338E000B309E801C8
:10CF8000B3B7E9013386670093178600E3DD07FA3C
:10CF900085049307F07F639CF41805881307F07FDE
:10CFA0008147014831B5639107106301083C1318AC
:10CFB00036009317D701135838003368F8003684C9
:10CFC00093573700B367F800E9DB01441307F07F9C
:10CFD000B70708000148E9BB370680FF7D167D8E44
:10CFE00093F77900998CE39107D895B74E85EF00B8
:10CFF000503213078501FD47E3D2E7D2130685FFC0
:10D00000B397C90081492DB33368D7013338000184
:10D01000C5B1131835009317D3011358380033687E
:10D02000F800935733002DBFB309DF413309E340C4
:10D0300033363F013309C9409317890063CA07207B
:10D0400033E82901E31508CC8147014431BFB3859A
:10D05000984063810414B70680009307F07F336320
:10D06000D3006381F8209307800363CCB722FD4788
:10D0700063C9B72C930700028D8F3318F300B356A2
:10D08000BF00B317FF003368D800B339F000335343
:10D09000B300336838011A97B309D801B3B7D9017F
:10D0A0003386E700C684CDB5E31108F213183500C6
:10D0B0009317D301135838003368F800935733009F
:10D0C00011B7370580009307F07F3363A300E39225
:10D0D000F8E00E061318D7010D823368C800935785
:10D0E00037003684C5B505179306000233D7E7002D
:10D0F000630AD600930600043386C6403396C70001
:10D10000B3E9C90033383001B369E800014681440E
:10D110001DBDB309DF01B307E30033BFE901338667
:10D12000E701931786008544E3DF07E08944B707EA
:10D1300080FFFD17F18F13D7190013F8190033681A
:10D1400007019399F701B3E9090113D6170011B943
:10D15000138805FE93070002B3590701638AF5009F
:10D1600093070004B385B7403317B700B3EEEE0062
:10D170003338D00133683801A5BE3363E301333857
:10D180006000B3890E41B3B73E013306F740C68451
:10D190003684ADB6B367E301638707189387F5FF5D
:10D1A000638C071C9306F07F638ED50ABE8565BD30
:10D1B000930700028D8FB3D9BE003318F700B39EDA
:10D1C000FE00336838013357B700B339D0013368F4
:10D1D00038013A9365B3131836009317D7011358E3
:10D1E000380033E8070136849357370095BBBDCB31
:10D1F0003367D701E31B07DC0E051318D3010D813C
:10D200003368A8009357330075BBE30F08E2131887
:10D2100036009317D701135838003368F800368466
:10D220009357370091B3B309DF41B307E340333F6E
:10D230003F013386E7418544D1B413183500931676
:10D24000D3011358380033E80601935733009DBBD0
:10D25000B389EE413306674033B93E0133092641B5
:10D26000368475B40E061318D7010D823368C800D2
:10D270009357370081BBB309DF41B307E34033362F
:10D280003F013386C7409317860063D7070AB389E7
:10D29000EE41B3076740B3BE3E013386D7413684C3
:10D2A000C9B43363E30133386000FDB3138805FE6E
:10D2B00093070002B3590301638AF5009307000442
:10D2C000B385B7403313B300336F6F003338E001D9
:10D2D000336838017DB5B389EE41B3076740B3BE0B
:10D2E0003E013386D7413684854409BC1318360085
:10D2F0009317D701135838003368F8009357370055
:10D30000A5B1B309DF01B307E30033BFE9013386F9
:10D31000E70193178600E3D807C2B70780FFFD1720
:10D320007D8E85440DB10E061318D7010D8233682A
:10D33000C800935737002DB133E8C900E30608D081
:10D3400019B1138805FE93070002B3590301638ADC
:10D35000F50093070004B385B7403313B300336F70
:10D360006F003338E001336838013DB301441307DF
:10D37000F07FB70708002DBCB309DF01B307E30056
:10D38000B3BED9013386D70169BB93D74501B70630
:10D3900010001387F6FF93F7F77F1306E03F6D8FBA
:10D3A000FD81635CF6001306D041635AF600370531
:10D3B00000801345F5FF2E9582800145828013067B
:10D3C00030431D8E7D48558F635DC8009306304104
:10D3D000B387F640B357F7003305F040E5F13E85DB
:10D3E00082809387D7BEB317F7003355C500C98F26
:10D3F000E5B793D74501B70610001387F6FF93F7FB
:10D40000F77F1306E03F2A886D8F0145FD81635445
:10D41000F60099C1828082801306E0417D55E34B7E
:10D42000F6FE130530431D8D7D46558F634AA600D9
:10D430009387D7BE3317F7003355A800598D8280E4
:10D4400013053041B307F5403355F7008280411191
:10D4500006C622C426C205CD9357F541B3C4A70022
:10D460009D8C2A84268575259306E041898EA947DF
:10D470007D8093F6F67F63CDA7022D47098FB3D742
:10D48000E4005505B207B394A400B18329A0014478
:10D49000814681478144B207D206B1837E04D58F8D
:10D4A000C18FB24022442685BE85924441018280CC
:10D4B0005515B397A400B207B1838144E9BF9356D1
:10D4C0007501B7078000FD1713D6750193F6F60FA7
:10D4D0001308F00FB3F8A7001357F501ED8F13767B
:10D4E000F60FFD8163810603630C06018DE211E2F4
:10D4F000B1C3638E08026305B70405451DE782804A
:10D50000F5D779558280E39E08FE6309D60211E2C1
:10D51000EDD7E314B7FEE342D6FE63C7C600E3EEE1
:10D5200017FD0145E3FDF8FC01E77D558280F5DD3F
:10D53000054582800145E39208FC8280F9DBD1B782
:10D540008146E1BF797122D4135475014ECE52CC7D
:10D550009319950006D626D24AD056CA5AC81374D3
:10D56000F40F93D99900135AF50169C49307F00F8A
:10D570006308F40E9397390037070004B3E9E70016
:10D58000130414F88144014B13D77501939A950045
:10D590001377F70F93DA9A0013D9F50145CF930764
:10D5A000F00F630CF7028E0A130717F8B707000491
:10D5B000B3EAFA003A94014633452A01BD47AA86E8
:10D5C0009305140063E0971017270000130707085E
:10D5D0008A04BA949C40BA9782871304F40F639626
:10D5E0000A0C93E424000946C1BF01451307F00F5C
:10D5F000B7074000B2502254A6075E07A5837E05F8
:10D60000D98F92540259F249624AD24A424B5D8DF7
:10D6100045618280CA86D689328B8947630FFB08B1
:10D620008D47E304FBFC854736856310FB1A0147F1
:10D630008147C9B7639D090413D77501939A950073
:10D640001377F70F91440144054B93DA9A0013D9ED
:10D65000F50131F7639D0A0093E414000546A9BF64
:10D6600063920902A1441304F00F094B31BF5685A0
:10D670004D219307B5FF098CB39AFA001304A4F85F
:10D6800001461DBFB1441304F00F0D4BF5BD4E858F
:10D690002EC641219307B5FF1304A0F8B399F900F2
:10D6A000098C8144014BB245C5B593E434000D4665
:10D6B00021B78947D286E315FBF636851307F00FAD
:10D6C00081470DBF41639306F3FF13D6090193D839
:10D6D0000A01B3F7D900B3FADA0033885703B389E4
:10D6E000F80213570801B30A5603D6994E9733062A
:10D6F0001603637357011A96C167FD17B376F700D7
:10D700003378F800C206C2969399660093570701D2
:10D71000B3393001E982B2979A07B3E6D900B3E989
:10D72000D7009397490063D9070013D7190093F7DF
:10D730001900B369F7002E841307F4076350E0045F
:10D7400093F7790099C793F7F90091466383D7005F
:10D7500091099397490063D90700B70700F8FD17AF
:10D76000B3F9F900130704089307E00F63CBE7044C
:10D7700093976900A5831377F70FADBD8547B386EF
:10D78000E74011C76D4601478147E345D6E61307D9
:10D79000E4093397E9003337E000B3D7D900D98FD4
:10D7A00013F7770019C713F7F70091466303D70003
:10D7B000910713975700634C07009A07A583014709
:10D7C00015BD1307F00F814735B52E84B5B7054752
:10D7D00081470DB537068000135775019307F6FF93
:10D7E0001377F70F9305E007B3F6A7009357F501FA
:10D7F00063FCE5009305D00963FAE5003705008076
:10D800001345F5FF3E9582800145828093055009BE
:10D81000D18E63CDE500130660093307E64033D7A8
:10D82000E6003305E040F5F33A8582801307A7F65A
:10D830003397E600FDB7411106C622C426C20DCDBE
:10D840009357F54133C4A7001D8CAA842285D124A7
:10D850009307E0093387A74093076009FD8063CCF5
:10D86000E702A1469377F70F63D5A600611533143D
:10D87000A4002604258021A0814481470144260478
:10D8800013559400B2402244DE07FE045D8D458DA1
:10D890009244410182809307900963DDE70093077A
:10D8A000B5019546B317F400898E3354D400B337CD
:10D8B000F0005D8C954763D6A7009307B5FF33143E
:10D8C000F400B70600FCFD16937774003376D4009D
:10D8D00085C39377F4009145638CB70011069317C5
:10D8E000560063D707009307F009758E3387A7406A
:10D8F0001314660025809377F70F51B713577501FE
:10D900001377F70F41119307170022C426C213148F
:10D91000950006C693F7E70F25809354F50185C758
:10D9200093573400130707387604B2075207B183C0
:10D930001395F401D98FC98FB240228522449244B5
:10D94000BE854101828005EB39C42285D922A947D1
:10D9500063C6A7042D47098F930755013357E40089
:10D960003314F4009317C70013079038098FB1835D
:10D970001377F77F5DBF01CC13573400B70708005A
:10D98000D98FB2077604B1831307F07F79BF1307ED
:10D99000F07F814759BF0147814741BF130755FFBA
:10D9A0003317E40001447DBF93D645019397C5002A
:10D9B00093F6F67FB183138616008E071357D501B1
:10D9C0001376E67FFD815D8F9318350035CE138881
:10D9D00006C89307E00F63DD0701814713959700A1
:10D9E0009306F00FDE062581FE05558D4D8D828054
:10D9F0006355000B931765000E07B337F000D98FFE
:10DA000093D8D801B3E7170113F777006301071024
:10DA100013F7F70091466303D70091073707000417
:10DA20007D8F75C7130718001306F00F9376F70F55
:10DA3000E305C7FA9A07A58313959700DE062581AB
:10DA4000FE05558D4D8D8280B367170199EE85CF08
:10DA500095479A07A5831395970093F6F60FDE0670
:10DA60002581FE05558D4D8D8280A5DBB7074000D1
:10DA7000139597009306F00FDE0681452581FE057C
:10DA8000558D4D8D82808147139597008146DE0626
:10DA90002581FE05558D4D8D8280A5576348F8047C
:10DAA000F94737068000B38707417D45598E63519A
:10DAB000F504795733070741130500023357E60091
:10DAC0006388A700938626CAB316D600B3E8D800A9
:10DAD000B3371001D98F13F77700014815FB13975F
:10DAE00057008546E34807F48146A5B781468DB7C0
:10DAF000938626C83397D8003337E000B316D60094
:10DB0000B3D8F800B367D700B3E7F800E9B7C28627
:10DB100089B7C167637EF5029307F00F1307000210
:10DB200063ECA70097270000938747B6AA9703C521
:10DB300007003305A7408280218197270000938743
:10DB4000E7B4AA9703C5070061473305A740828061
:10DB5000B7070001636EF500618197270000938786
:10DB6000E7B2AA9703C5070021473305A740828083
:10DB7000418197270000938767B1AA9703C50700E3
:10DB800041473305A7408280B3C7A5008D8B33077B
:10DB9000C50081E78D4763EEC700AA876370E50A79
:10DBA00083C6050085078505A38FD7FEE3EAE7FE58
:10DBB000828093763500AA8791CA83C605008507BF
:10DBC0008505A38FD7FE93F63700FDB79376C7FF81
:10DBD000138606FE63F0C70683A3050083A24500F3
:10DBE00083AF850003AFC50083AE050103AE4501D9
:10DBF00003A3850183A8C5019385450223A077006F
:10DC000003A8C5FF23A2570023A4F70123A6E70119
:10DC100023A8D70123AAC70123AC670023AE1701AD
:10DC20009387470223AE07FF75B79041910791058F
:10DC300023AEC7FEE3EBD7FEE3E4E7F6828039715B
:10DC40003EDA2ED232D436D63AD842DC46DE93873C
:10DC5000418922CC804326CA06CEAA8409C41C4C22
:10DC600099E3228525230C4454102686228536C646
:10DC7000EF001018F2406244D24421618280011109
:10DC800026CA4AC806CE22CC4EC652C4AA842E89C1
:10DC900001C51C4D91E3DD299C4C804499E3268508
:10DCA000F52197270000938767B0631CF402C040FA
:10DCB0008357C400A18BB1C71C48A1C7FD59294A8D
:10DCC0001C4483450900FD17B1E91CC463DE070647
:10DCD0002286A94526857920FD576308F502294546
:10DCE00035A097270000938767AE6314F400804443
:10DCF000C1B797270000938767A9E31BF4FAC044D4
:10DD000045BFA2852685392A55D97D55F240624402
:10DD1000D2444249B249224A056182801CC40509A5
:10DD200063D70700184C63CBE700638945011C40AB
:10DD30001387170018C02380B70059B7228626859D
:10DD40001520E31F35F7D1B71C401387170018C003
:10DD500029472380E70061B793874189AA858843D3
:10DD60006FF0FFF1011122CC26CA4AC806CE4EC67A
:10DD7000AA842E89328401C51C4D91E3012997277D
:10DD800000009387A7A26319F406C0401C4C1CC472
:10DD90008357C400A18BC9C31C48BDCF1C48084091
:10DDA0009379F90F1379F90F1D8D5C486346F500DF
:10DDB000A2852685652C2DE51C440505FD171CC490
:10DDC0001C401387170018C0238037015C48638903
:10DDD000A7008357C400858B81CBA9476316F90040
:10DDE000A285268561240DEDF24062444A85D24425
:10DDF0004249B24905618280972700009387079DB9
:10DE00006314F400804459B797270000938707985C
:10DE1000E31EF4F6C0449DBFA285268521203DDD8A
:10DE20007D59D9B741119387418926C2844322C4C1
:10DE30004AC006C62A892E8489C49C4C99E326854B
:10DE4000B1269727000093876796631CF402C040B1
:10DE50000317C40093170701C18393F68700B5EE3B
:10DE600093F607019DEEA5472320F90013670704E9
:10DE70002316E4007D55B2402244924402494101F8
:10DE8000828097270000938767946314F40080448E
:10DE9000C1B7972700009387678FE31BF4FAC0444C
:10DEA00045BF918B8DC74C5889C99307440463843F
:10DEB000F5004A85892B232A04028357C4002322B4
:10DEC000040093F7B7FD2316F4001C481CC08357C9
:10DED000C40093E787002316F4001C4881EF8357A2
:10DEE000C4001307002093F707286385E700A28585
:10DEF0004A8595298357C40013F7170005C75C4866
:10DF000023240400B307F0401CCC1C480145A5F7AE
:10DF10008317C40013F7070839DF93E707042316B4
:10DF2000F40089BF898B014791E3584818C4F1BFB9
:10DF300083D7C500011122CC26CA06CE4AC84EC6D8
:10DF400013F78700AA842E8471EFD841634DE00057
:10DF5000B841634AE0000145F2406244D24442497C
:10DF6000B2490561828058547DD703A90400939675
:10DF7000370123A0040063DD060670488357C40000
:10DF8000918B99C75C401D8E5C5899C33C401D8E97
:10DF90005C540C50814626858297FD570357C40078
:10DFA000631DF5009440F54763E8D706B7074020A6
:10DFB0008507B3D7D700858BA5C31C48232204004F
:10DFC0001CC09317370163D80700FD576314F50091
:10DFD0009C4091E368C84C5823A02401ADDD930711
:10DFE00044046384F50026853929232A0402A5B751
:10DFF0000C500146854626850297FD572A86E31F69
:10E00000F5F69C40A5DF75476385E70059476394A3
:10E01000E70423A0240181B7136707042316E40053
:10E020007D551DBF83A90501E38709F203A90500FA
:10E030008D8B23A0350133093941014791E3D8493C
:10E0400018C4E35A20F11C540C50CA864E8626850B
:10E0500082976349A0008357C40093E707042316FF
:10E06000F4007DBFAA993309A940E1BF9C49A5C32B
:10E07000011122CC06CE2A8411C51C4D81E72EC683
:10E080003122B2459717000093874772639CF500D1
:10E090004C408397C5009DC722856244F2400561CC
:10E0A0006FF01FE997170000938747726394F5009C
:10E0B0000C44C5B7971700009387476DE39BF5FCA9
:10E0C0004C44C1BFF2406244014505618280014574
:10E0D0008280411122C406C62A842316B500231764
:10E0E000C500232005002322050023240500232248
:10E0F000050623280500232A0500232C05002146B8
:10E1000081451305C505EF30CE979717000093871B
:10E11000A7B65CD097170000938707B91CD4971750
:10E120000000938747BD5CD497170000938707C012
:10E1300000D01CD8B24022444101828097050000E3
:10E14000938505F3B1AA411126C213068006938474
:10E15000F5FFB384C4024AC02E8922C406C6938543
:10E160004407B1262A8401CD23200500232225015E
:10E17000310508C4138684068145EF308E902285D0
:10E18000B240224492440249410182801C4DB5E7CD
:10E19000411106C622C497070000938767FA1CD571
:10E1A000971700009387C7739C43232405042326F5
:10E1B0000504232805046314F50085471CCD2A8433
:10E1C000352848C022851D2808C42285052848C452
:10E1D000484001469145EFF0DFEF08440546A5456C
:10E1E000EFF03FEF48440946C945EFF09FEE854701
:10E1F0001CCCB24022444101828082804111971799
:10E2000000009387E76D26C284434AC006C69C4C33
:10E2100022C42A8981E72685EFF05FF7938484047E
:10E220008044DC40FD1763D607009C40B9CF844092
:10E23000C5BF0317C40039E7C17785072322040649
:10E240002320040023220400232404005CC4232888
:10E250000400232A0400232C0400214681451305D1
:10E26000C405EF300E82232A0402232C0402232447
:10E270000404232604042285B24022449244024925
:10E28000410182801304840671BF91454A85EFF0F5
:10E290009FEB88C049FDB1472320F9000144E1BF4D
:10E2A000797122D44AD052CC56CA5AC85EC606D614
:10E2B00026D24ECE2A8AAE8A130485040149054B24
:10E2C000FD5B09ECB25022544A8592540259F2493E
:10E2D000624AD24A424BB24B456182800444832950
:10E2E0004400FD1963D409000040E1BF83D7C40096
:10E2F000637BFB008397E40063877701A6855285E3
:10E30000829A3369A90093848406E1BF1971A6DA61
:10E31000AE848395E500A2DC86DE328463DC0500F2
:10E3200083D7C40023A0060093F7070885E7930767
:10E3300000401DA0300836C6EF00D025B246E341AC
:10E3400005FE7247BD67F98F7977BA9793B71700C3
:10E350009CC2F1BF930700041CC0F6506654D6540B
:10E3600001450961828083D7C500011122CC06CE08
:10E3700026CA4AC8898B2E8489CF930774041CC08F
:10E380001CC885475CC8F2406244D24442490561DA
:10E39000828074003000AA84EFF05FF7A2452A89DA
:10E3A0002685312201ED8317C40013F7072061FF92
:10E3B000F19B93E727002316F400C1B797070000ED
:10E3C000938707D89CD48357C40008C008C893E734
:10E3D00007082316F400A2475CC8B24791CF831503
:10E3E000E4002685EF00301E01C98357C400F19B6D
:10E3F00093E717002316F4008357C4003369F9002C
:10E400002316240149B7DDC183A7C5FF411122C4EA
:10E4100006C626C21384C5FF63D307003E94AA84B0
:10E42000EF005022938781AB9C4381EF23220400AD
:10E4300023AC81AA2244B2402685924441016F0058
:10E440009020637EF40014403307D4006396E70005
:10E450009843DC43369718C05CC0D9BFBA87D8430D
:10E4600019C3E37DE4FE94433386D700631F86001F
:10E470001040B29694C33386D700E31DC7FA104309
:10E480005843B29694C3D8C375B76375C400B147F7
:10E490009CC04DB71040B306C4006316D7001443A8
:10E4A0005843B29614C058C0C0C369B782800111E6
:10E4B00026CA93843500F19806CE22CC4AC84EC6AF
:10E4C000A104B14763F3F404B14463E2B4042A89BC
:10E4D000EF005017938781AB98433A8439E09387D4
:10E4E000C1AB9C4391E781454A85A12F23AEA1AAE8
:10E4F000A6854A85B927FD5963193507B1472320F9
:10E50000F9004A85EF00301429A0E3D004FCB1479C
:10E510001CC10145F2406244D2444249B2490561FE
:10E5200082801C40858F63CF0702AD4663F6F600FC
:10E530001CC03E9404C031A05C406313870223AC2E
:10E54000F1AA4A85EF0030101305B4009307440088
:10E5500061993307F5405DDF3A94898F1CC05DBF38
:10E560005CC3C5B72287404095BF1304350071983E
:10E57000E30285FCB305A4404A85E125E31C35FB95
:10E58000B5BF1C46FD171CC663DA0700184E63C5ED
:10E59000E700A9476394F5006FF0CFFC1C422E857D
:10E5A0001387170018C22380B7008280011122CC84
:10E5B00026CA4AC84EC652C406CE2A89AE893284BB
:10E5C000B304D6007D5A63149400014511A8834515
:10E5D00004004E864A85EFF0DFFA0504E31545FF97
:10E5E000F2406244D2444249B249224A05618280E3
:10E5F000357122CD26CB4AC94EC706CF52C556C368
:10E600005AC1DEDEE2DCE6DAAA89AE8432893684DB
:10E6100009C51C4D99E3EFF07FB79717000093876A
:10E62000E718639CF40C83A4490083D7C400A18B32
:10E63000FDC79C48EDC793070002A304F1029307AE
:10E64000000302D22305F10222C6930B5002971A4F
:10E650000000938AAA19054C294B4A848347040079
:10E6600099C36391770FB30C2441638E0C00E68647
:10E670004A86A6854E85EFF07FF3FD576306F51EAB
:10E680009256E69636D283470400638F071CFD57E7
:10E690001309140002C802CE3ECA02CCA309010429
:10E6A00082D4834509001546568541271304190075
:10E6B000C24759E913F7070109C713070002A30965
:10E6C000E10413F7870009C71307B002A309E104A7
:10E6D000834609001307A0026380E608F2474A84D4
:10E6E000814625460347040093051400130707FDE0
:10E6F0006379E60AB5CA3ECE85A8971700009387CE
:10E70000E70C6395F40083A4890005B79717000010
:10E710009387C707E39BF4F083A4C90039B7A685A4
:10E720004E85EFF02FF001D97D55FA406A44DA4466
:10E730004A49BA492A4A9A4A0A4BF65B665CD65C51
:10E740000D618280050419BF330555413315AC00B6
:10E75000C98F3EC82289B1B7324793064700184394
:10E7600036C6634907023ACE034704009307E00226
:10E77000631FF704034714009307A002631BF7020B
:10E78000B2470904138747009C433AC663C1070296
:10E790003ECA35A83307E04093E727003ACE3EC88B
:10E7A000E1B7B387670385462E84BA9725BFFD5727
:10E7B000C5B7050402CA81468147254603470400C0
:10E7C00093051400130707FD6376E606F1F283450F
:10E7D00004000D46171500001305C501B92511CD1C
:10E7E00097170000938707011D8D93070004B397C7
:10E7F000A700424505045D8D2AC8834504001946DB
:10E8000017150000130545FF130914002304B10276
:10E81000292D3DC19717FEFF9387C77E95E7424795
:10E82000B2471377071009CF91073EC69257D29788
:10E830003ED225B5B387670385462E84BA97BDBF00
:10E840009D07E19BA107D5B7780097060000938646
:10E8500026D626860C084E8597000000E7000000AB
:10E86000FD572A8AE314F5FC83D7C40093F7070405
:10E87000E39C07EA125555BD780097060000938681
:10E8800026D326860C084E85012AD9BF797156CA2F
:10E890009C49BA8A984522D426D24ECE52CC06D66E
:10E8A0004AD05AC85EC6AA892E84B284368A63D3F7
:10E8B000E700BA879CC00347340419C385079CC08E
:10E8C0001C4093F7070281C79C4089079CC003291D
:10E8D000040013796900631A0900130B9401FD5BAE
:10E8E0005C449840998F634CF9041C40834634047F
:10E8F00093F70702B336D000A5EB13063404D28594
:10E900004E85829AFD576303F5041C4011469840DA
:10E91000998B544481446397C700B384E64063D322
:10E92000040081441C4418486354F700998FBE9436
:10E93000014969047D5B63982405014509A8854662
:10E940005A86D2854E85829A631E75017D55B250D6
:10E95000225492540259F249624AD24A424BB24B73
:10E96000456182800509ADBF3307D400130600035B
:10E97000A301C7040347540493871600A29789068E
:10E98000A381E7049DBF85462286D2854E85829A63
:10E99000E30E65FB050945B7797122D426D24AD02A
:10E9A0004ECE06D652CC56CA5AC8B68983C6850101
:10E9B000930790063289AA842E8413863504638DCA
:10E9C000F60263E2D706930780056388F61863EDC5
:10E9D000D7006381062293073004638EF60A930AF8
:10E9E00024042301D404C9A0930730066385F60AE2
:10E9F00093074006E395F6FE1C40084393F607088C
:10EA000093054500C5C61C410CC363D80700130716
:10EA1000D002B307F040A301E404971600009386E8
:10EA200026DE29476DA8930700076384F61663E581
:10EA3000D7029307E006638BF6189307F006E3907E
:10EA4000F6FA0C401C4313F80508138547006307CA
:10EA5000080608C39C438DA893075007E383F6FE7E
:10EA600093078007638BF61293073007E399F6F656
:10EA70001C43D04181459386470014C383AA0700F5
:10EA80005685652601C53305554148C05C401CC804
:10EA9000A301040471A81C43930A2404938647002D
:10EAA0009C4314C32301F4048547D5B793F60704A8
:10EAB0001C410CC3B9DAC207C18781BF93F50504B5
:10EAC00008C3C9D983D707001307F0066388E60E89
:10EAD000971600009386C6D22947A30104044C4030
:10EAE0000CC463C5050008406D9908C099E3B28A5B
:10EAF00091CDB28AB3F5E702FD1AB69583C505003C
:10EB00002380BA00B3D5E70263F0E70CA147631E88
:10EB1000F7001C40858B91CB58401C4863C7E70029
:10EB200093070003A38FFAFEFD1A3306564110C85F
:10EB30004E87CA867000A2852685EFF03FD57D5AA4
:10EB4000631E450B7D55B250225492540259F2492E
:10EB5000624AD24A424B45618280A382D50497160D
:10EB600000009386E6C90C40084313F805081C41D1
:10EB70001105630D080208C313F7150001C793E5DB
:10EB800005020CC04147B1FB0C4093F5F5FD0CC0EC
:10EB9000A9B79C4193E707029CC193078007A30292
:10EBA000F404971600009386E6C675BF13F80504B3
:10EBB00008C3E30308FCC207C1837DBF97160000AA
:10EBC000938606C4214711BFAE872DB794411C43DD
:10EBD000CC4913F80608138547006306080008C3EC
:10EBE0009C438CC301A808C393F606049C43F5DA42
:10EBF0002390B70023280400B28A1DBF144856860C
:10EC0000CA8526858299E30F45F31C40898B8DE7E1
:10EC1000B2474844E359F5F23E8535B785465686F6
:10EC2000CA8526858299E30F65F1050A5C4432475F
:10EC3000998FE345FAFEE9BF014A930A94017D5B8F
:10EC4000F5B7411122C42A842E859787FE1F23AD74
:10EC5000070606C6EF201EF1FD576319F5009787DA
:10EC6000FE1F938767069C4391C31CC0B240224499
:10EC700041018280411122C42E848395E50006C69D
:10EC8000E122634905007C48AA977CC8B24022442F
:10EC9000410182808357C4007D777D17F98F231649
:10ECA000F400EDB783D7C500011122CC26CA4AC8AB
:10ECB0004EC606CE93F70710AA842E843289B689F1
:10ECC00091C78395E5008946014635228357C400E4
:10ECD0007D777D17F98F2316F4008315E4006244D5
:10ECE000F240CE864A86B24942492685D244056121
:10ECF0003DA8411122C42E848395E50006C6E5286F
:10ED0000FD570357C400631BF500FD77FD17F98F0E
:10ED10002316F400B2402244410182808567D98FD6
:10ED20002316F40068C8FDB78395E50025A84111B6
:10ED300022C42A842E85B28536869787FE1F23A596
:10ED400007F806C6EF209EDFFD576319F500978789
:10ED5000FE1F938767F79C4391C31CC0B2402244B7
:10ED600041018280411122C42A842E859787FE1F8B
:10ED700023AC07F406C61922FD576319F5009787DF
:10ED8000FE1F938767F49C4391C31CC0B24022448A
:10ED900041018280411122C42A842E85B285978741
:10EDA000FE1F23A307F206C6D520FD576319F50001
:10EDB0009787FE1F938747F19C4391C31CC0B240C5
:10EDC000224441018280411122C42A842E859787E2
:10EDD000FE1F23AB07EE06C6D120FD576319F500D1
:10EDE0009787FE1F938747EE9C4391C31CC0B24098
:10EDF000224441018280411122C42A842E85B28599
:10EE000036869787FE1F23A107EC06C64520FD57CF
:10EE10006319F5009787FE1F938707EB9C4391C307
:10EE20001CC0B24022444101828093F5F50F2A961E
:10EE30006314C5000145828083470500E38DB7FE5A
:10EE40000505FDB782808280411122C42A842E8567
:10EE5000B28536869787FE1F23A807E606C6B9281F
:10EE6000FD576319F5009787FE1F9387E7E59C43DD
:10EE700091C31CC0B24022444101828093078005A7
:10EE80001787FE1F2322F7E47D55828093078005B4
:10EE90001787FE1F232AF7E27D558280930780059E
:10EEA0001787FE1F2322F7E2014582809307800522
:10EEB0001787FE1F232AF7E07D5582809307800580
:10EEC0001787FE1F2322F7E07D558280CDCCCCBF73
:10EED0009A9999999999B9BF9A9999999999F9BFD4
:10EEE000982AFEFFC02AFEFFE82AFEFF002BFEFF45
:10EEF0001A2BFEFF2E2BFEFF3C2BFEFF4A2BFEFFA4
:10EF0000582BFEFF662BFEFF742BFEFF822BFEFFAD
:10EF1000902BFEFFFE006578706572696D656E74FA
:10EF2000616C00004669726D77617265205265768A
:10EF30006973696F6E000000486172647761726581
:10EF4000205265766973696F6E0000004D616E75C1
:10EF50006661637475726572204E616D65000000B4
:10EF60004D6F64656C204E756D6265720000000027
:10EF700053657269616C204E756D626572000000A8
:10EF8000536F667477617265205265766973696F35
:10EF90006E000000050C0901A10185011500250185
:10EFA000150025017508950109E9810609EA810620
:10EFB000C0000000557064617465202564202D2018
:10EFC000496E742030782578202D204C6174656E50
:10EFD00063792025640A000052535349202D2025CF
:10EFE0006420644220436F6E6E20202578200A0042
:10EFF0004438FEFF5638FEFF6438FEFF7038FEFFCF
:10F000007E38FEFF8C38FEFFA238FEFFB238FEFFCE
:10F01000C438FEFFD838FEFFE438FEFFF238FEFFAA
:10F020000039FEFF1039FEFF9A99993F00004040D9
:10F030009A99394000000000333333333333F33FC0
:10F04000CDCCCCCCCCCCFC3F000000000000594023
:10F050009A9999999999D93F7B14AE47E17AE43FFF
:10F0600073696D706C653A25640A00004C3DFEFFC3
:10F070004C3DFEFF2E3DFEFF383DFEFF403DFEFFB6
:10F08000383DFEFF383DFEFF383DFEFF4C3DFEFFA4
:10F0900043483537785F424C455F4C49425F5632B2
:10F0A0002E320000686561642066696C65206572B7
:10F0B000726F722E2E2E00004C494220696E6974C8
:10F0C000206572726F7220636F64653A2025782024
:10F0D0002E2E2E0A000000002A2000004443FEFFCE
:10F0E000F043FEFFB444FEFFFA43FEFFAA44FEFFD6
:10F0F0001045FEFF6576656E74733A25640A00005C
:10F1000076656869636C654B6579000000000000F6
:10F11000000000000000000072656164206D6173F2
:10F12000746572206D61633A00000000257820004C
:10F1300020696E697420666C61673A25780A000060
:10F1400020696E69742074727565000020696E69AB
:10F15000742066616C736500496E697469616C69DD
:10F160007A65642E2E0000004164766572746973BE
:10F17000696E672E2E0000006D6163416464722029
:10F180006973206E756C6C00454550524F4D5F455C
:10F19000524153453D253032780A000045455052D2
:10F1A0004F4D5F57524954453D253032780A000093
:10F1B0000A20436F6E6E65637465642E2E00000036
:10F1C000436F6E6E65637465642041647665727426
:10F1D0006973696E672E2E0057616974696E6720C6
:10F1E000666F72206164766572746973696E672EEA
:10F1F0002E000000446973636F6E6E65637465640E
:10F200002E2E20526561736F6E3A25780A00000039
:10F210004164766572746973696E672074696D659F
:10F220006F75742E2E0000004572726F722E2E00C4
:10F230006B6579733A25780A000000007A86FEFF34
:10F24000B286FEFF2C87FEFF2C87FEFFC486FEFFE2
:10F250002C87FEFFDA86FEFFFE86FEFF2C87FEFF70
:10F260001A87FEFF7087FEFF9087FEFF0C88FEFF67
:10F27000A287FEFF0C88FEFF0C88FEFF0C88FEFFB5
:10F28000C487FEFF0C88FEFF0C88FEFF0C88FEFF83
:10F29000E887FEFFF0A40100E07F00002CA501003C
:10F2A0004A8D0000A8A50100168D000062A601008D
:10F2B000E28C0000FEA60100549800004CA701005B
:10F2C00054980000A6A70100A697000062A60100BE
:10F2D000828C00003AA80100CE8F000000000000E0
:10F2E0000000000084A801005A900000F6A8010068
:10F2F0005C800000D4E8FEFFE0E8FEFF04E9FEFFCA
:10F3000086EAFEFF68E9FEFFACE9FEFFEEE9FEFFDC
:10F310001EEAFEFF52EAFEFFA8E9FEFF34EDFEFF03
:10F3200034EDFEFF5AEDFEFF72EDFEFF7AEDFEFFBB
:10F3300082EDFEFF8AEDFEFF92EDFEFF9AEDFEFFED
:10F34000A2EDFEFFAAEDFEFFCEEFFEFFAAEFFEFF4D
:10F35000DAEFFEFF24F0FEFF8AF1FEFF66F0FEFF0B
:10F36000A4F0FEFFE8F0FEFF1AF1FEFF52F1FEFFEF
:10F370000101020102010102010203030401030170
:10F38000010101010303020103000000000000006D
:10F39000000000000000000000000087F401FA00F7
:10F3A000960064004B0032001E00140043483537BD
:10F3B000785F424C455F4C49425F56322E323000F6
:10F3C0007093FFFF7E93FFFF8693FFFF8C93FFFFF9
:10F3D0009293FFFFB293FFFFBA93FFFFC093FFFF2B
:10F3E000CA93FFFFD093FFFFD693FFFFDC93FFFF8D
:10F3F000E293FFFFEE93FFFFF493FFFFFA93FFFF0B
:10F400002E94FFFF0094FFFF0694FFFF0C94FFFF74
:10F410001294FFFF1E94FFFF2E94FFFF2E94FFFF18
:10F420002E94FFFF2E94FFFF2E94FFFF2E94FFFFDC
:10F430002E94FFFF2E94FFFF2894FFFF1894FFFFE8
:10F440008899FFFFB499FFFFD699FFFFEC99FFFF62
:10F45000009AFFFF1C9AFFFF3A9AFFFF4A9AFFFFAC
:10F46000649AFFFF7A9AFFFF9C9AFFFFB29AFFFF10
:10F47000C69AFFFFDA9AFFFFF89AFFFF089BFFFF8B
:10F48000229BFFFFB49CFFFFC89CFFFFDE9CFFFF99
:10F49000FC9CFFFFF49DFFFF449DFFFF429BFFFF8D
:10F4A0005A9DFFFF6A9DFFFF949BFFFF949BFFFF08
:10F4B000549CFFFF5E9CFFFF729DFFFF1E9DFFFFA0
:10F4C000829DFFFF02A0FFFFC09DFFFFC09DFFFFC9
:10F4D000469FFFFFDA9DFFFFB89DFFFFF89FFFFFEC
:10F4E000C09DFFFFD89EFFFF7E9FFFFF34A2FFFF5E
:10F4F000F6A2FFFFCCA2FFFF2CA3FFFF2CA3FFFF70
:10F5000056A3FFFFDAA3FFFFEEA3FFFF06A8FFFF4E
:10F5100010A8FFFF26A8FFFF32A8FFFF46A8FFFFA5
:10F520004EA8FFFF54A8FFFF60A8FFFF6AA8FFFFD7
:10F5300070A8FFFF76A8FFFF7EA8FFFF84A8FFFF4B
:10F540009AA8FFFFA2A8FFFFA8A8FFFFA8A8FFFF97
:10F550008AA8FFFF94A8FFFF9CA8FFFFBAA8FFFF9F
:10F56000D0A8FFFF98AAFFFFEEA8FFFF44A9FFFF66
:10F570008CA9FFFFCCA9FFFFE4A9FFFFFCA9FFFFB7
:10F580000EAAFFFF26AAFFFF98AAFFFF86AAFFFF89
:10F5900098AAFFFF98AAFFFF3EAAFFFF62AAFFFFFB
:10F5A000FB349B5F80000080001000000000000022
:10F5B000070B0D1113171D1F25292B2F353B3D431D
:10F5C00047494F535961FF00A4CDFFFF28CCFFFFEF
:10F5D00038CDFFFF40CDFFFF38CDFFFF58CCFFFFF8
:10F5E00038CDFFFF40CDFFFF28CCFFFF28CCFFFF29
:10F5F00058CCFFFF40CDFFFF9ACDFFFF9ACDFFFF14
:10F600009ACDFFFF58CCFFFF9CD3FFFF8ED2FFFFA8
:10F610008ED2FFFF8CD2FFFF94D2FFFF94D2FFFF68
:10F620005AD2FFFF8CD2FFFF94D2FFFF5AD2FFFFC6
:10F6300094D2FFFF8CD2FFFF88D3FFFF88D3FFFF58
:10F6400088D3FFFF5AD2FFFF7CE0FFFFCEDFFFFF32
:10F65000CEDFFFFFCCDFFFFFD2DFFFFFD2DFFFFFF8
:10F66000A2DFFFFFCCDFFFFFD2DFFFFFA2DFFFFF44
:10F67000D2DFFFFFCCDFFFFF6AE0FFFF6AE0FFFFA2
:10F680006AE0FFFFA2DFFFFF0001020203030303A2
:10F690000404040404040404050505050505050522
:10F6A0000505050505050505060606060606060602
:10F6B00006060606060606060606060606060606EA
:10F6C00006060606060606060707070707070707D2
:10F6D00007070707070707070707070707070707BA
:10F6E00007070707070707070707070707070707AA
:10F6F000070707070707070707070707070707079A
:10F700000707070707070707080808080808080881
:10F710000808080808080808080808080808080869
:10F720000808080808080808080808080808080859
:10F730000808080808080808080808080808080849
:10F740000808080808080808080808080808080839
:10F750000808080808080808080808080808080829
:10F760000808080808080808080808080808080819
:10F770000808080808080808080808080808080809
:10F780000808080808080808000000000000000039
:10F790000000000000000000000000000000000069
:10F7A0000000000000000000000000000000000059
:10F7B0000000000000000000000000000000000049
:10F7C0000000000000000000000000000000000039
:10F7D0000000000000000000000000000000000029
:10F7E0000000000000000000232D302B200000004E
:10F7F000686C4C006566674546470000303132331F
:10F80000343536373839414243444546000000001C
:10F810003031323334353637383961626364656686
:10F8200000000000192A00000F180000020000006C
:10F8300028F801002A2A0000262A0000272A0000B2
:10F84000292A0000242A0000502A0000252A00004E
:10F850000A1800000200000050F80100282A0000E9
:10F86000232A00004C2A0000110100014A2A00004E
:10F870004E2A00004B2A00004D2A000012180000FA
:10F88000020000007CF801004F2A0000312A00002D
:10F89000131800000200000090F8010002000000B0
:10F8A000BCF80100012A0000A62A0000032800007D
:10F8B00002290000002A00000729000000180000AB
:10F8C0000118000002280000042A0000002800009F
:10F8D0000829000001280000052A0000444E0020ED
:10F8E00002000000CCF80100010000002CF801002B
:10F8F00002000000ACF8010001000000AD4E002045
:10F900000200000024F8010001000000AC4E0020BD
:10F9100002000000B0F80100030000006851002060
:10F9200002000000D0F8010001000000B44E0020E9
:10F93000D01C0000721C000000000000020000004B
:10F94000CCF801000100000054F8010002000000A2
:10F95000ACF8010001000000C64E002002000000CB
:10F9600060F80100010000005C4F00200200000070
:10F97000ACF8010001000000BA4E002002000000B7
:10F9800044F801000100000060EF010002000000E7
:10F99000ACF8010001000000C44E0020020000008D
:10F9A0004CF801000100000070EF010002000000AF
:10F9B000ACF8010001000000B74E0020020000007A
:10F9C00038F801000100000024EF010002000000EF
:10F9D000ACF8010001000000B84E00200200000059
:10F9E0003CF801000100000038EF010002000000B7
:10F9F000ACF8010001000000C54E0020020000002C
:10FA00005CF801000100000080EF0100020000002E
:10FA1000ACF8010001000000B94E00200200000017
:10FA200040F80100010000004CEF0100020000005E
:10FA3000ACF8010001000000B64E002002000000FA
:10FA400034F801000100000014EF01000200000082
:10FA5000ACF8010001000000C34E002002000000CD
:10FA600048F8010001000000BC4E0020E61E000026
:10FA7000000000000000000002000000CCF80100BF
:10FA80000100000080F8010002000000C4F801003D
:10FA900001000000684F002002000000ACF80100E7
:10FAA00001000000CA4E0020020000006CF80100B6
:10FAB0004000000068F8010002000000ACF80100FE
:10FAC00001000000C74E00200200000064F80100A1
:10FAD00080000000644F002002000000ACF801002C
:10FAE00001000000CC4E00200200000070F8010070
:10FAF000C0000000CB4E002002000000ACF8010066
:10FB000001000000D24E00200200000074F8010045
:10FB10004000000094EF010002000000B8F801006E
:10FB200001000000C84E002002000000ACF80100F7
:10FB300001000000CD4E00200200000078F8010016
:10FB400040000000654F002002000000B0F80100F6
:10FB5000810000007851002002000000D0F8010070
:10FB600001000000D44E002002000000ACF80100AB
:10FB700001000000CE4E00200200000078F80100D5
:10FB8000C0000000664F002002000000D0F8010015
:10FB900001000000D84E00209A2400009E2500009D
:10FBA00000000000FA220000BE210000AC2100008D
:10FBB00002000000CCF801000100000094F80100F0
:10FBC00002000000ACF8010001000000E44E00203B
:10FBD0000200000088F8010080000000884F00202B
:10FBE00002000000ACF8010001000000E54E00201A
:10FBF000020000008CF80100000000008C4F002083
:10FC000002000000B0F8010081000000A0510020B7
:10FC1000E4260000E8260000000000002C3300006D
:10FC20002A33000000000000F83300000C0956657C
:10FC30006869636C65204B6579051208000800054A
:10FC40000212180F18020A0002000000CCF801008E
:10FC5000010000009CF8010002000000ACF8010067
:10FC600001000000084F002002000000B4F801006D
:10FC700001000000D06A002002000000ACF8010082
:10FC800001000000054F002002000000A4F8010060
:10FC9000010000002450002002000000ACF8010028
:10FCA00001000000094F002002000000C8F8010018
:10FCB000010000000C4F002002000000ACF8010021
:10FCC00001000000074F002002000000A8F801001A
:10FCD00001000000064F0020B27300000475000010
:10FCE0000000000002000000CCF80100010000004C
:10FCF000184F002002000000ACF8010001000000D5
:10FD0000234F002002000000D8F80100000000008E
:10FD10000000000002000000B0F801000300000035
:10FD20000000000000000000EA8100000000000068
:10FD300062DB000044CA0000B8C30000B2E2000069
:10FD400006CC0000F2D3000000000000A8F701007C
:10FD5000C8F7010088F70100000000000000000063
:10FD60000000000000000000000000000000000093
:10FD70000000000000000000000000000000000083
:10FD80000000000000000000000000000000000073
:10FD90000000000000000000000000000000000063
:10FDA000000000000000000000000000C86C0020FF
:10FDB0006412990111010000040102020202020012
:10FDC00001D707000010010202020204192A0201F1
:10FDD00006120A001D0002000101000000030000DD
:10FDE0005A22000034220000041000000000C03F2E
:10FDF0000201050319C0030060EA000001000000D1
:10FE0000FEFFFF00C3812F01FF020102020200007A
:10FE10005000A0000000E803FFFFFFFF0200000009
:10FE2000C0F801000100FF2012830100CA82010016
:10FE30000105020101100101FF010300800C060011
:08FE4000444E00206666E63F17
:00000001FF
